,x
TCGA-2V-A95S-01A-11R-A37K-07,1908
TCGA-2Y-A9GS-01A-12R-A38B-07,2479
TCGA-2Y-A9GT-01A-11R-A38B-07,618
TCGA-2Y-A9GU-01A-11R-A38B-07,724
TCGA-2Y-A9GV-01A-11R-A38B-07,465
TCGA-2Y-A9GW-01A-11R-A38B-07,2035
TCGA-2Y-A9GX-01A-11R-A38B-07,1496
TCGA-2Y-A9GY-01A-11R-A38B-07,2424
TCGA-2Y-A9GZ-01A-11R-A39D-07,965
TCGA-2Y-A9H0-01A-11R-A38B-07,1097
TCGA-2Y-A9H1-01A-11R-A38B-07,902
TCGA-2Y-A9H2-01A-12R-A38B-07,4310
TCGA-2Y-A9H3-01A-11R-A38B-07,912
TCGA-2Y-A9H4-01A-11R-A38B-07,266
TCGA-2Y-A9H5-01A-11R-A38B-07,2025
TCGA-2Y-A9H6-01A-11R-A39D-07,2351
TCGA-2Y-A9H7-01A-11R-A39D-07,2797
TCGA-2Y-A9H8-01A-11R-A39D-07,2301
TCGA-2Y-A9H9-01A-21R-A39D-07,599
TCGA-2Y-A9HA-01A-11R-A39D-07,346
TCGA-2Y-A9HB-01A-11R-A39D-07,1308
TCGA-3K-AAZ8-01A-12R-A39D-07,2552
TCGA-4R-AA8I-01A-11R-A38B-07,752
TCGA-5C-A9VG-01A-11R-A37K-07,2644
TCGA-5C-A9VH-01A-11R-A37K-07,2245
TCGA-5C-AAPD-01A-21R-A39D-07,770
TCGA-5R-AA1C-01A-11R-A41C-07,843
TCGA-5R-AA1D-01A-11R-A38B-07,1955
TCGA-5R-AAAM-01A-12R-A41C-07,543
TCGA-BC-4072-01B-11R-A155-07,1918
TCGA-BC-4073-01B-02R-A131-07,1564
TCGA-BC-A10Q-01A-11R-A131-07,2786
TCGA-BC-A10R-01A-11R-A131-07,582
TCGA-BC-A10S-01A-22R-A131-07,3051
TCGA-BC-A10T-01A-11R-A131-07,1642
TCGA-BC-A10U-01A-11R-A131-07,1925
TCGA-BC-A10W-01A-11R-A131-07,3644
TCGA-BC-A10X-01A-11R-A131-07,2048
TCGA-BC-A10Y-01A-11R-A131-07,370
TCGA-BC-A10Z-01A-11R-A131-07,980
TCGA-BC-A110-01A-11R-A131-07,575
TCGA-BC-A112-01A-11R-A131-07,2757
TCGA-BC-A216-01A-11R-A155-07,1719
TCGA-BC-A217-01A-11R-A155-07,2483
TCGA-BC-A3KF-01A-11R-A213-07,1072
TCGA-BC-A3KG-01A-11R-A213-07,1989
TCGA-BC-A5W4-01A-11R-A28V-07,788
TCGA-BC-A69H-01A-11R-A311-07,267
TCGA-BC-A69I-01A-11R-A311-07,1175
TCGA-BC-A8YO-01A-11R-A37K-07,3696
TCGA-BD-A2L6-01A-11R-A213-07,921
TCGA-BD-A3EP-01A-11R-A22L-07,1787
TCGA-BD-A3ER-01A-11R-A213-07,2087
TCGA-BW-A5NO-01A-11R-A27V-07,973
TCGA-BW-A5NP-01A-11R-A27V-07,3651
TCGA-BW-A5NQ-01A-11R-A27V-07,413
TCGA-CC-5258-01A-01R-A131-07,1176
TCGA-CC-5259-01A-31R-A213-07,139
TCGA-CC-5260-01A-01R-A131-07,3397
TCGA-CC-5261-01A-01R-A131-07,2427
TCGA-CC-5262-01A-01R-A131-07,2165
TCGA-CC-5263-01A-01R-A131-07,639
TCGA-CC-5264-01A-01R-A131-07,304
TCGA-CC-A123-01A-11R-A131-07,1126
TCGA-CC-A1HT-01A-11R-A131-07,6323
TCGA-CC-A3M9-01A-11R-A213-07,3668
TCGA-CC-A3MA-01A-11R-A213-07,4304
TCGA-CC-A3MB-01A-11R-A213-07,2582
TCGA-CC-A3MC-01A-11R-A22L-07,898
TCGA-CC-A5UC-01A-11R-A28V-07,1407
TCGA-CC-A5UD-01A-11R-A28V-07,5138
TCGA-CC-A5UE-01A-11R-A28V-07,1883
TCGA-CC-A7IE-01A-21R-A38B-07,3608
TCGA-CC-A7IF-01A-11R-A33J-07,419
TCGA-CC-A7IG-01A-11R-A33J-07,467
TCGA-CC-A7IH-01A-11R-A33J-07,1596
TCGA-CC-A7II-01A-11R-A33J-07,3941
TCGA-CC-A7IJ-01A-11R-A33R-07,7252
TCGA-CC-A7IK-01A-12R-A33R-07,345
TCGA-CC-A7IL-01A-11R-A33R-07,727
TCGA-CC-A8HS-01A-11R-A36F-07,1823
TCGA-CC-A8HT-01A-11R-A36F-07,1507
TCGA-CC-A8HU-01A-11R-A36F-07,1298
TCGA-CC-A8HV-01A-11R-A36F-07,1659
TCGA-CC-A9FS-01A-11R-A37K-07,1491
TCGA-CC-A9FU-01A-11R-A37K-07,440
TCGA-CC-A9FV-01A-11R-A37K-07,1162
TCGA-CC-A9FW-01A-11R-A37K-07,3421
TCGA-DD-A113-01A-11R-A131-07,3412
TCGA-DD-A114-01A-11R-A131-07,1848
TCGA-DD-A115-01A-11R-A131-07,456
TCGA-DD-A116-01A-11R-A131-07,1327
TCGA-DD-A118-01A-11R-A131-07,1824
TCGA-DD-A119-01A-11R-A131-07,978
TCGA-DD-A11A-01A-11R-A131-07,783
TCGA-DD-A11B-01A-11R-A131-07,2439
TCGA-DD-A11C-01A-11R-A131-07,1961
TCGA-DD-A11D-01A-11R-A131-07,368
TCGA-DD-A1EA-01A-11R-A131-07,1852
TCGA-DD-A1EB-01A-11R-A131-07,951
TCGA-DD-A1EC-01A-21R-A131-07,1745
TCGA-DD-A1ED-01A-11R-A155-07,1360
TCGA-DD-A1EE-01A-11R-A131-07,3868
TCGA-DD-A1EF-01A-11R-A131-07,2721
TCGA-DD-A1EG-01A-11R-A213-07,2715
TCGA-DD-A1EH-01A-11R-A131-07,3027
TCGA-DD-A1EI-01A-11R-A131-07,980
TCGA-DD-A1EJ-01A-11R-A155-07,3452
TCGA-DD-A1EK-01A-11R-A213-07,378
TCGA-DD-A1EL-01A-11R-A155-07,2374
TCGA-DD-A39V-01A-11R-A213-07,990
TCGA-DD-A39W-01A-11R-A213-07,1498
TCGA-DD-A39X-01A-11R-A213-07,1689
TCGA-DD-A39Y-01A-11R-A213-07,1369
TCGA-DD-A39Z-01A-11R-A213-07,1183
TCGA-DD-A3A1-01A-11R-A213-07,1549
TCGA-DD-A3A2-01A-11R-A213-07,897
TCGA-DD-A3A3-01A-11R-A22L-07,402
TCGA-DD-A3A4-01A-11R-A22L-07,805
TCGA-DD-A3A5-01A-11R-A22L-07,438
TCGA-DD-A3A6-01A-11R-A22L-07,2183
TCGA-DD-A3A7-01A-11R-A22L-07,107
TCGA-DD-A3A8-01A-11R-A22L-07,853
TCGA-DD-A3A9-01A-11R-A266-07,1009
TCGA-DD-A4NA-01A-11R-A266-07,1843
TCGA-DD-A4NB-01A-12R-A266-07,1483
TCGA-DD-A4ND-01A-11R-A266-07,1642
TCGA-DD-A4NE-01A-11R-A27V-07,2346
TCGA-DD-A4NF-01A-11R-A27V-07,1405
TCGA-DD-A4NG-01A-11R-A27V-07,1578
TCGA-DD-A4NH-01A-11R-A27V-07,1196
TCGA-DD-A4NI-01A-11R-A27V-07,919
TCGA-DD-A4NJ-01A-11R-A27V-07,614
TCGA-DD-A4NK-01A-11R-A28V-07,1083
TCGA-DD-A4NL-01A-11R-A28V-07,883
TCGA-DD-A4NN-01A-11R-A28V-07,3696
TCGA-DD-A4NO-01A-11R-A28V-07,1053
TCGA-DD-A4NP-01A-11R-A28V-07,1763
TCGA-DD-A4NQ-01A-21R-A28V-07,166
TCGA-DD-A4NR-01A-11R-A311-07,2438
TCGA-DD-A4NS-01A-11R-A311-07,2132
TCGA-DD-A4NV-01A-11R-A311-07,1423
TCGA-DD-A73A-01A-12R-A32O-07,1079
TCGA-DD-A73B-01A-12R-A32O-07,824
TCGA-DD-A73C-01A-12R-A33J-07,1381
TCGA-DD-A73D-01A-12R-A32O-07,1087
TCGA-DD-A73E-01A-12R-A32O-07,663
TCGA-DD-A73F-01A-11R-A32O-07,926
TCGA-DD-A73G-01A-22R-A32O-07,1808
TCGA-DD-AA3A-01A-11R-A37K-07,5170
TCGA-DD-AAC8-01A-11R-A41C-07,2661
TCGA-DD-AAC9-01A-11R-A41C-07,977
TCGA-DD-AACA-01A-11R-A41C-07,1466
TCGA-DD-AACB-01A-11R-A41C-07,645
TCGA-DD-AACC-01A-11R-A41C-07,1099
TCGA-DD-AACD-01A-11R-A41C-07,1723
TCGA-DD-AACE-01A-11R-A41C-07,133
TCGA-DD-AACF-01A-11R-A41C-07,284
TCGA-DD-AACG-01A-11R-A41C-07,177
TCGA-DD-AACH-01A-11R-A41C-07,411
TCGA-DD-AACI-01A-11R-A41C-07,683
TCGA-DD-AACJ-01A-11R-A41C-07,1492
TCGA-DD-AACK-01A-11R-A41C-07,7017
TCGA-DD-AACL-01A-11R-A41C-07,899
TCGA-DD-AACN-01A-11R-A41C-07,3281
TCGA-DD-AACO-01A-11R-A41C-07,892
TCGA-DD-AACP-01A-11R-A41C-07,2824
TCGA-DD-AACQ-01A-11R-A41C-07,254
TCGA-DD-AACS-01A-11R-A41C-07,1375
TCGA-DD-AACT-01A-11R-A41C-07,748
TCGA-DD-AACU-01A-11R-A41C-07,1773
TCGA-DD-AACV-01A-11R-A41C-07,151
TCGA-DD-AACW-01A-11R-A41C-07,4143
TCGA-DD-AACX-01A-11R-A41C-07,949
TCGA-DD-AACY-01A-11R-A41C-07,1550
TCGA-DD-AACZ-01A-11R-A41C-07,649
TCGA-DD-AAD0-01A-11R-A41C-07,816
TCGA-DD-AAD1-01A-11R-A41C-07,1701
TCGA-DD-AAD2-01A-11R-A41C-07,1318
TCGA-DD-AAD3-01A-11R-A41C-07,924
TCGA-DD-AAD5-01A-11R-A41C-07,3259
TCGA-DD-AAD6-01A-11R-A41C-07,557
TCGA-DD-AAD8-01A-11R-A41C-07,212
TCGA-DD-AADA-01A-11R-A41C-07,1304
TCGA-DD-AADB-01A-11R-A41C-07,3052
TCGA-DD-AADC-01A-11R-A41C-07,1268
TCGA-DD-AADD-01A-11R-A41C-07,1150
TCGA-DD-AADF-01A-11R-A41C-07,914
TCGA-DD-AADG-01A-11R-A41C-07,761
TCGA-DD-AADI-01A-11R-A41C-07,3301
TCGA-DD-AADJ-01A-11R-A41C-07,1346
TCGA-DD-AADK-01A-11R-A41C-07,2729
TCGA-DD-AADL-01A-11R-A41C-07,1025
TCGA-DD-AADM-01A-11R-A41C-07,1537
TCGA-DD-AADN-01A-11R-A41C-07,205
TCGA-DD-AADO-01A-11R-A41C-07,3003
TCGA-DD-AADP-01A-11R-A39D-07,1853
TCGA-DD-AADQ-01A-11R-A41C-07,1842
TCGA-DD-AADR-01A-11R-A41C-07,1135
TCGA-DD-AADS-01A-11R-A41C-07,516
TCGA-DD-AADU-01A-11R-A41C-07,640
TCGA-DD-AADV-01A-11R-A39D-07,476
TCGA-DD-AADW-01A-11R-A39D-07,2965
TCGA-DD-AADY-01A-11R-A41C-07,499
TCGA-DD-AAE0-01A-11R-A41C-07,1374
TCGA-DD-AAE1-01A-11R-A41C-07,1343
TCGA-DD-AAE2-01A-11R-A41C-07,908
TCGA-DD-AAE3-01A-11R-A41C-07,579
TCGA-DD-AAE4-01A-11R-A41C-07,801
TCGA-DD-AAE6-01A-11R-A41C-07,126
TCGA-DD-AAE7-01A-11R-A41C-07,737
TCGA-DD-AAE9-01A-11R-A41C-07,797
TCGA-DD-AAEA-01A-11R-A41C-07,221
TCGA-DD-AAEB-01A-11R-A41C-07,381
TCGA-DD-AAED-01A-12R-A41C-07,1082
TCGA-DD-AAEE-01A-11R-A41C-07,445
TCGA-DD-AAEG-01A-11R-A39D-07,992
TCGA-DD-AAEH-01A-11R-A41C-07,1460
TCGA-DD-AAEI-01A-11R-A41C-07,283
TCGA-DD-AAEK-01A-11R-A41C-07,707
TCGA-DD-AAVP-01A-11R-A41C-07,419
TCGA-DD-AAVQ-01A-11R-A41C-07,2517
TCGA-DD-AAVR-01A-11R-A41C-07,1210
TCGA-DD-AAVS-01A-11R-A41C-07,3898
TCGA-DD-AAVU-01A-11R-A41C-07,1310
TCGA-DD-AAVV-01A-11R-A41C-07,1123
TCGA-DD-AAVW-01A-11R-A41C-07,1202
TCGA-DD-AAVX-01A-11R-A41C-07,1257
TCGA-DD-AAVY-01A-11R-A41C-07,1121
TCGA-DD-AAVZ-01A-11R-A41C-07,2458
TCGA-DD-AAW0-01A-11R-A41C-07,2062
TCGA-DD-AAW1-01A-11R-A41C-07,1045
TCGA-DD-AAW2-01A-11R-A41C-07,1087
TCGA-DD-AAW3-01A-11R-A41C-07,701
TCGA-ED-A459-01A-11R-A266-07,1339
TCGA-ED-A4XI-01A-11R-A266-07,1788
TCGA-ED-A5KG-01A-11R-A27V-07,2852
TCGA-ED-A627-01A-12R-A311-07,2157
TCGA-ED-A66X-01A-11R-A311-07,3665
TCGA-ED-A66Y-01A-11R-A311-07,3049
TCGA-ED-A7PX-01A-51R-A352-07,2525
TCGA-ED-A7PY-01A-11R-A33R-07,1710
TCGA-ED-A7PZ-01A-11R-A33R-07,248
TCGA-ED-A7XO-01A-11R-A352-07,863
TCGA-ED-A7XP-01A-11R-A352-07,1286
TCGA-ED-A82E-01A-11R-A352-07,5666
TCGA-ED-A8O5-01A-11R-A36F-07,3900
TCGA-ED-A8O6-01A-11R-A36F-07,194
TCGA-ED-A97K-01A-21R-A38B-07,3409
TCGA-EP-A12J-01A-11R-A131-07,1761
TCGA-EP-A26S-01A-11R-A16W-07,2335
TCGA-EP-A2KA-01A-11R-A180-07,2445
TCGA-EP-A2KB-01A-11R-A180-07,6575
TCGA-EP-A2KC-01A-11R-A213-07,1259
TCGA-EP-A3JL-01A-11R-A213-07,1820
TCGA-EP-A3RK-01A-11R-A22L-07,2496
TCGA-ES-A2HS-01A-11R-A180-07,521
TCGA-ES-A2HT-01A-12R-A180-07,828
TCGA-FV-A23B-01A-11R-A16W-07,2200
TCGA-FV-A2QQ-01A-11R-A22L-07,2164
TCGA-FV-A2QR-01A-11R-A213-07,844
TCGA-FV-A3I0-01A-11R-A22L-07,3346
TCGA-FV-A3I1-01A-11R-A22L-07,1627
TCGA-FV-A3R2-01A-11R-A22L-07,228
TCGA-FV-A3R3-01A-11R-A22L-07,1602
TCGA-FV-A495-01A-11R-A266-07,1373
TCGA-FV-A496-01A-11R-A266-07,205
TCGA-FV-A4ZP-01A-12R-A266-07,1619
TCGA-FV-A4ZQ-01A-11R-A266-07,4087
TCGA-G3-A25S-01A-11R-A16W-07,1733
TCGA-G3-A25T-01A-11R-A16W-07,3271
TCGA-G3-A25U-01A-11R-A16W-07,1311
TCGA-G3-A25V-01A-11R-A16W-07,1242
TCGA-G3-A25X-01A-11R-A16W-07,530
TCGA-G3-A25Y-01A-11R-A16W-07,3092
TCGA-G3-A25Z-01A-11R-A16W-07,761
TCGA-G3-A3CG-01A-11R-A213-07,958
TCGA-G3-A3CH-01A-11R-A22L-07,1035
TCGA-G3-A3CI-01A-11R-A213-07,830
TCGA-G3-A3CJ-01A-11R-A213-07,880
TCGA-G3-A3CK-01A-11R-A213-07,1917
TCGA-G3-A5SI-01A-31R-A27V-07,813
TCGA-G3-A5SJ-01A-11R-A27V-07,1521
TCGA-G3-A5SK-01A-11R-A27V-07,284
TCGA-G3-A5SL-01A-11R-A27V-07,1445
TCGA-G3-A5SM-01A-12R-A28V-07,810
TCGA-G3-A6UC-01A-21R-A33J-07,946
TCGA-G3-A7M5-01A-11R-A33R-07,744
TCGA-G3-A7M6-01A-11R-A33R-07,2953
TCGA-G3-A7M7-01A-12R-A352-07,1458
TCGA-G3-A7M8-01A-11R-A33R-07,1292
TCGA-G3-A7M9-01A-23R-A352-07,726
TCGA-G3-AAUZ-01A-11R-A38B-07,553
TCGA-G3-AAV0-01A-11R-A37K-07,954
TCGA-G3-AAV1-01A-11R-A38B-07,1196
TCGA-G3-AAV2-01A-11R-A37K-07,1492
TCGA-G3-AAV3-01A-11R-A37K-07,2112
TCGA-G3-AAV4-01A-11R-A38B-07,231
TCGA-G3-AAV5-01A-11R-A37K-07,1986
TCGA-G3-AAV6-01A-21R-A37K-07,2612
TCGA-G3-AAV7-01A-11R-A38B-07,997
TCGA-GJ-A3OU-01A-31R-A38B-07,1553
TCGA-GJ-A6C0-01A-12R-A311-07,1245
TCGA-GJ-A9DB-01A-11R-A37K-07,689
TCGA-HP-A5MZ-01A-21R-A27V-07,1559
TCGA-HP-A5N0-01A-11R-A28V-07,929
TCGA-K7-A5RF-01A-11R-A28V-07,1063
TCGA-K7-A5RG-01A-11R-A28V-07,703
TCGA-K7-A6G5-01A-11R-A311-07,1175
TCGA-K7-AAU7-01A-11R-A38B-07,1727
TCGA-KR-A7K0-01A-12R-A33R-07,1014
TCGA-KR-A7K2-01A-12R-A33R-07,1485
TCGA-KR-A7K7-01A-11R-A33J-07,3619
TCGA-KR-A7K8-01A-11R-A33J-07,1213
TCGA-LG-A6GG-01A-11R-A311-07,425
TCGA-LG-A9QC-01A-11R-A37K-07,1548
TCGA-LG-A9QD-01A-11R-A38B-07,1144
TCGA-MI-A75C-01A-11R-A32O-07,2713
TCGA-MI-A75E-01A-11R-A32O-07,1093
TCGA-MI-A75G-01A-11R-A32O-07,1442
TCGA-MI-A75H-01A-11R-A32O-07,1342
TCGA-MI-A75I-01A-11R-A32O-07,735
TCGA-MR-A520-01A-11R-A266-07,851
TCGA-MR-A8JO-01A-12R-A36F-07,1762
TCGA-NI-A4U2-01A-11R-A28V-07,532
TCGA-NI-A8LF-01A-11R-A36F-07,380
TCGA-O8-A75V-01A-11R-A32O-07,1283
TCGA-PD-A5DF-01A-11R-A27V-07,1224
TCGA-QA-A7B7-01A-11R-A32O-07,2162
TCGA-RC-A6M3-01A-11R-A32O-07,1282
TCGA-RC-A6M4-01A-11R-A32O-07,908
TCGA-RC-A6M5-01A-11R-A32O-07,1563
TCGA-RC-A6M6-01A-11R-A32O-07,201
TCGA-RC-A7S9-01A-11R-A33R-07,1136
TCGA-RC-A7SB-01A-21R-A352-07,1068
TCGA-RC-A7SF-01A-11R-A352-07,676
TCGA-RC-A7SH-01A-11R-A38B-07,1837
TCGA-RC-A7SK-01A-11R-A352-07,670
TCGA-RG-A7D4-01A-12R-A33R-07,1896
TCGA-T1-A6J8-01A-11R-A32O-07,203
TCGA-UB-A7MA-01A-11R-A33R-07,6158
TCGA-UB-A7MB-01A-11R-A33R-07,2636
TCGA-UB-A7MC-01A-11R-A33R-07,2920
TCGA-UB-A7MD-01A-12R-A352-07,744
TCGA-UB-A7ME-01A-11R-A33J-07,1811
TCGA-UB-A7MF-01A-11R-A33J-07,1760
TCGA-UB-AA0U-01A-11R-A38B-07,1313
TCGA-UB-AA0V-01A-11R-A38B-07,1005
TCGA-WJ-A86L-01A-12R-A39D-07,166
TCGA-WQ-A9G7-01A-11R-A37K-07,2662
TCGA-WQ-AB4B-01A-11R-A41C-07,937
TCGA-WX-AA44-01A-11R-A39D-07,556
TCGA-WX-AA46-01A-11R-A39D-07,1224
TCGA-WX-AA47-01A-11R-A39D-07,1340
TCGA-XR-A8TC-01A-11R-A36F-07,1434
TCGA-XR-A8TD-01A-12R-A39D-07,843
TCGA-XR-A8TE-01A-11R-A36F-07,1895
TCGA-XR-A8TF-01A-11R-A36F-07,1644
TCGA-XR-A8TG-01A-11R-A36F-07,542
TCGA-YA-A8S7-01A-11R-A37K-07,2205
TCGA-ZP-A9CV-01A-11R-A38B-07,1689
TCGA-ZP-A9CY-01A-11R-A38B-07,1207
TCGA-ZP-A9CZ-01A-11R-A38B-07,1730
TCGA-ZP-A9D0-01A-11R-A37K-07,1284
TCGA-ZP-A9D1-01A-11R-A38B-07,1587
TCGA-ZP-A9D2-01A-11R-A38B-07,1883
TCGA-ZP-A9D4-01A-11R-A37K-07,1642
TCGA-ZS-A9CD-01A-11R-A37K-07,1984
TCGA-ZS-A9CE-01A-11R-A37K-07,795
TCGA-ZS-A9CF-01A-11R-A38B-07,625
TCGA-ZS-A9CG-01A-11R-A37K-07,963
TCGA-DD-AACA-02A-11R-A41C-07,1329
TCGA-DD-AACA-02B-11R-A41C-07,2115
TCGA-ZS-A9CF-02A-11R-A38B-07,621
