,x
1,TCGA-QG-A5YX
2,TCGA-AA-A02E
3,TCGA-AG-A02X
4,TCGA-AF-6672
5,TCGA-DM-A28G
6,TCGA-AZ-6599
7,TCGA-DM-A28K
8,TCGA-AG-A008
9,TCGA-AG-A020
10,TCGA-AA-A029
11,TCGA-CM-6676
12,TCGA-AG-A01L
13,TCGA-D5-5537
14,TCGA-AA-A02H
15,TCGA-AG-A01N
16,TCGA-AA-3531
17,TCGA-G4-6626
18,TCGA-DM-A1D9
19,TCGA-5M-AAT5
20,TCGA-T9-A92H
21,TCGA-DM-A1DA
22,TCGA-G4-6320
23,TCGA-AF-5654
24,TCGA-AH-6897
25,TCGA-EI-6508
26,TCGA-CM-6166
27,TCGA-AD-A5EK
28,TCGA-QG-A5YV
29,TCGA-CA-5255
30,TCGA-CM-6675
31,TCGA-CK-4952
32,TCGA-AA-3664
33,TCGA-AA-3979
34,TCGA-CA-5256
35,TCGA-DM-A0X9
36,TCGA-EF-5830
37,TCGA-G4-6306
38,TCGA-CL-5918
39,TCGA-G4-6304
40,TCGA-D5-6537
41,TCGA-NH-A6GB
42,TCGA-AD-6888
43,TCGA-CA-6715
44,TCGA-AG-A015
45,TCGA-RU-A8FL
46,TCGA-AA-A01S
47,TCGA-G4-6307
48,TCGA-AA-A02J
49,TCGA-SS-A7HO
50,TCGA-G4-6317
51,TCGA-AZ-6608
52,TCGA-DY-A1H8
53,TCGA-D5-6538
54,TCGA-EI-6509
55,TCGA-A6-5666
56,TCGA-AA-A02F
57,TCGA-DM-A285
58,TCGA-DM-A28H
59,TCGA-NH-A50T
60,TCGA-AY-A54L
61,TCGA-DM-A1D6
62,TCGA-NH-A6GC
63,TCGA-G5-6641
64,TCGA-4T-AA8H
65,TCGA-AY-A71X
66,TCGA-DM-A1D0
67,TCGA-DM-A288
68,TCGA-DM-A1D4
69,TCGA-DM-A1D8
70,TCGA-A6-6652
71,TCGA-AA-A01F
72,TCGA-DM-A28E
73,TCGA-DM-A28M
74,TCGA-DY-A1DG
75,TCGA-NH-A8F7
76,TCGA-AG-A016
77,TCGA-DY-A1DD
78,TCGA-AH-6544
79,TCGA-G4-6315
80,TCGA-A6-6648
81,TCGA-AH-6903
82,TCGA-AY-A8YK
83,TCGA-G5-6235
84,TCGA-CK-5915
85,TCGA-F5-6863
86,TCGA-CM-5868
87,TCGA-F5-6861
88,TCGA-AZ-6606
89,TCGA-CL-4957
90,TCGA-DC-4749
91,TCGA-AA-A02K
92,TCGA-AG-A014
93,TCGA-AA-A00L
94,TCGA-AG-3601
95,TCGA-F4-6808
96,TCGA-NH-A50U
97,TCGA-AG-A002
98,TCGA-AA-3696
99,TCGA-CM-5861
100,TCGA-AH-6643
101,TCGA-AA-3972
102,TCGA-DM-A1HB
103,TCGA-DM-A280
104,TCGA-AA-3693
105,TCGA-AZ-4682
106,TCGA-DY-A0XA
107,TCGA-CI-6622
108,TCGA-NH-A6GA
109,TCGA-AD-A5EJ
110,TCGA-AA-3712
111,TCGA-AG-3742
112,TCGA-G5-6572
113,TCGA-AF-6136
114,TCGA-5M-AATE
115,TCGA-A6-A567
116,TCGA-CM-5862
117,TCGA-A6-5656
118,TCGA-A6-6650
119,TCGA-A6-2677
120,TCGA-A6-5659
121,TCGA-DM-A1HA
122,TCGA-DM-A1DB
123,TCGA-DM-A28F
124,TCGA-AG-A026
125,TCGA-G4-6310
126,TCGA-CA-6716
127,TCGA-G4-6298
128,TCGA-DM-A282
129,TCGA-5M-AAT4
130,TCGA-DM-A28A
131,TCGA-AM-5820
132,TCGA-A6-A56B
133,TCGA-CL-5917
134,TCGA-NH-A8F8
135,TCGA-AA-3556
136,TCGA-CA-5797
137,TCGA-AA-3663
138,TCGA-D5-7000
139,TCGA-AA-3555
140,TCGA-AA-3930
141,TCGA-D5-6533
142,TCGA-DY-A1DE
143,TCGA-AZ-4315
144,TCGA-F5-6814
145,TCGA-AZ-4616
146,TCGA-AA-A010
147,TCGA-CM-4743
148,TCGA-AA-3980
149,TCGA-AZ-6598
150,TCGA-CM-6161
151,TCGA-AG-3599
152,TCGA-CM-4750
153,TCGA-AG-3586
154,TCGA-AG-3587
155,TCGA-AA-A00U
156,TCGA-AY-6386
157,TCGA-CK-6747
158,TCGA-AG-4015
159,TCGA-AG-A01W
160,TCGA-D5-6922
161,TCGA-AA-3660
162,TCGA-AG-4005
163,TCGA-A6-5667
164,TCGA-DY-A1DC
165,TCGA-G4-6314
166,TCGA-CM-4748
167,TCGA-AD-6965
168,TCGA-DM-A0XF
169,TCGA-AA-A02W
170,TCGA-AA-3534
171,TCGA-AG-A036
172,TCGA-CK-5914
173,TCGA-D5-5540
174,TCGA-DC-6682
175,TCGA-DC-6157
176,TCGA-AF-A56L
177,TCGA-DC-5869
178,TCGA-DC-6683
179,TCGA-AH-6549
180,TCGA-F5-6810
181,TCGA-AA-3864
182,TCGA-AA-3842
183,TCGA-AA-3818
184,TCGA-AF-3911
185,TCGA-AA-3939
186,TCGA-AA-3976
187,TCGA-DC-4745
188,TCGA-AA-3819
189,TCGA-AY-A69D
190,TCGA-AA-3941
191,TCGA-AA-3530
192,TCGA-AA-3955
193,TCGA-AA-A01G
194,TCGA-CM-4744
195,TCGA-AG-A02N
196,TCGA-AZ-4614
197,TCGA-AA-A02Y
198,TCGA-G4-6586
199,TCGA-AG-3600
200,TCGA-AY-6197
201,TCGA-G4-6309
202,TCGA-NH-A5IV
203,TCGA-AA-A01Q
204,TCGA-AG-3887
205,TCGA-AA-A01V
206,TCGA-F4-6856
207,TCGA-AG-3725
208,TCGA-CA-5796
209,TCGA-AZ-5407
210,TCGA-EI-6510
211,TCGA-G4-6323
212,TCGA-AG-3732
213,TCGA-AA-3522
214,TCGA-AA-3861
215,TCGA-QG-A5Z2
216,TCGA-A6-6141
217,TCGA-QL-A97D
218,TCGA-AA-A02O
219,TCGA-CM-4747
220,TCGA-AG-A02G
221,TCGA-AA-A024
222,TCGA-AZ-4313
223,TCGA-AA-A03F
224,TCGA-AG-3885
225,TCGA-AG-3727
226,TCGA-AA-3667
227,TCGA-AG-3726
228,TCGA-AA-A01D
229,TCGA-CM-5863
230,TCGA-AA-3529
231,TCGA-DM-A0XD
232,TCGA-AA-3524
233,TCGA-CM-4746
234,TCGA-AA-3502
235,TCGA-AA-3680
236,TCGA-AA-3854
237,TCGA-AG-3591
238,TCGA-AA-3811
239,TCGA-AA-3855
240,TCGA-AA-3875
241,TCGA-AA-3525
242,TCGA-G4-6321
243,TCGA-AA-3821
244,TCGA-D5-5539
245,TCGA-F4-6855
246,TCGA-AA-3538
247,TCGA-AA-3867
248,TCGA-EI-6514
249,TCGA-AA-3521
250,TCGA-G4-6303
251,TCGA-CM-6171
252,TCGA-EI-6513
253,TCGA-AD-6889
254,TCGA-G4-6588
255,TCGA-AG-3578
256,TCGA-A6-6653
257,TCGA-AF-2692
258,TCGA-AA-3494
259,TCGA-AA-3517
260,TCGA-AA-3488
261,TCGA-AA-3679
262,TCGA-3L-AA1B
263,TCGA-AA-3673
264,TCGA-AA-3692
265,TCGA-AG-3909
266,TCGA-CI-6620
267,TCGA-AA-3697
268,TCGA-AA-3858
269,TCGA-AA-3846
270,TCGA-CK-6751
271,TCGA-AG-3902
272,TCGA-AA-3856
273,TCGA-AA-3986
274,TCGA-AA-3543
275,TCGA-AG-3892
276,TCGA-AA-3815
277,TCGA-AD-5900
278,TCGA-AA-3672
279,TCGA-AD-6964
280,TCGA-D5-6530
281,TCGA-AA-3949
282,TCGA-AA-A01P
283,TCGA-AG-3594
284,TCGA-CA-6718
285,TCGA-AA-A02R
286,TCGA-AZ-4615
287,TCGA-F4-6570
288,TCGA-5M-AAT6
289,TCGA-AZ-6601
290,TCGA-A6-2676
291,TCGA-AA-3710
292,TCGA-G4-6295
293,TCGA-AG-A01Y
294,TCGA-AA-3526
295,TCGA-D5-6531
296,TCGA-AM-5821
297,TCGA-AA-3713
298,TCGA-AA-3845
299,TCGA-AA-3516
300,TCGA-AZ-6607
301,TCGA-AG-3575
302,TCGA-EI-6507
303,TCGA-A6-6780
304,TCGA-A6-3809
305,TCGA-AA-3947
306,TCGA-A6-2674
307,TCGA-A6-6781
308,TCGA-BM-6198
309,TCGA-D5-5538
310,TCGA-AA-3950
311,TCGA-CM-5341
312,TCGA-AF-3400
313,TCGA-WS-AB45
314,TCGA-A6-2685
315,TCGA-AA-3872
316,TCGA-AA-3554
317,TCGA-AA-3870
318,TCGA-A6-3808
319,TCGA-F4-6569
320,TCGA-DT-5265
321,TCGA-G4-6302
322,TCGA-CM-6167
323,TCGA-EI-7004
324,TCGA-AZ-4323
325,TCGA-AA-3489
326,TCGA-A6-A565
327,TCGA-AH-6547
328,TCGA-AG-3901
329,TCGA-A6-6651
330,TCGA-CA-6717
331,TCGA-D5-6529
332,TCGA-AG-3731
333,TCGA-AZ-6605
334,TCGA-F4-6807
335,TCGA-G4-6627
336,TCGA-CM-6162
337,TCGA-CM-6168
338,TCGA-F5-6464
339,TCGA-A6-2686
340,TCGA-AA-3866
341,TCGA-EI-6917
342,TCGA-A6-2679
343,TCGA-AA-A004
344,TCGA-AG-3728
345,TCGA-AG-3882
346,TCGA-AA-3684
347,TCGA-AA-3812
348,TCGA-AG-3881
349,TCGA-AG-3883
350,TCGA-AA-3514
351,TCGA-AA-3527
352,TCGA-AA-A03J
353,TCGA-AA-3841
354,TCGA-AG-3878
355,TCGA-AY-6196
356,TCGA-D5-6534
357,TCGA-AF-2690
358,TCGA-F4-6703
359,TCGA-A6-5661
360,TCGA-A6-A566
361,TCGA-A6-6138
362,TCGA-G4-6625
363,TCGA-A6-6654
364,TCGA-CM-6169
365,TCGA-AA-3544
366,TCGA-AA-3966
367,TCGA-AA-A022
368,TCGA-CK-4951
369,TCGA-EI-6511
370,TCGA-AA-3984
371,TCGA-CK-6746
372,TCGA-D5-6928
373,TCGA-AA-A00R
374,TCGA-G4-6628
375,TCGA-AA-3715
376,TCGA-AA-A01R
377,TCGA-A6-2672
378,TCGA-AA-A00D
379,TCGA-AG-4022
380,TCGA-CI-6624
381,TCGA-AY-4071
382,TCGA-F5-6465
383,TCGA-NH-A50V
384,TCGA-AU-3779
385,TCGA-F5-6812
386,TCGA-A6-5657
387,TCGA-AF-4110
388,TCGA-F4-6809
389,TCGA-F4-6704
390,TCGA-A6-4107
391,TCGA-AZ-6600
392,TCGA-CM-6163
393,TCGA-F5-6813
394,TCGA-CI-6621
395,TCGA-CM-4752
396,TCGA-F5-6811
397,TCGA-A6-2675
398,TCGA-AG-3584
399,TCGA-AF-A56K
400,TCGA-AG-A023
401,TCGA-A6-2684
402,TCGA-A6-6782
403,TCGA-D5-6541
404,TCGA-A6-2678
405,TCGA-EI-6884
406,TCGA-DC-6156
407,TCGA-AD-6901
408,TCGA-A6-3810
409,TCGA-F5-6702
410,TCGA-AG-3602
411,TCGA-AA-3520
412,TCGA-D5-6539
413,TCGA-AG-3592
414,TCGA-AF-2693
415,TCGA-CI-6619
416,TCGA-AD-6963
417,TCGA-A6-3807
418,TCGA-AG-3898
419,TCGA-AY-5543
420,TCGA-DC-5337
421,TCGA-AG-A00Y
422,TCGA-AZ-6603
423,TCGA-F4-6854
424,TCGA-AA-3655
425,TCGA-AA-A00Z
426,TCGA-CM-6674
427,TCGA-AA-3518
428,TCGA-AG-3598
429,TCGA-AA-A00A
430,TCGA-AA-3492
431,TCGA-AG-3608
432,TCGA-AD-6895
433,TCGA-CK-5916
434,TCGA-D5-6930
435,TCGA-D5-6927
436,TCGA-AA-A00E
437,TCGA-AF-2691
438,TCGA-AA-3510
439,TCGA-CK-4950
440,TCGA-AA-3506
441,TCGA-AA-3833
442,TCGA-AZ-4684
443,TCGA-EI-6885
444,TCGA-AA-3549
445,TCGA-AA-3560
446,TCGA-A6-5665
447,TCGA-CK-5913
448,TCGA-AA-3877
449,TCGA-D5-6540
450,TCGA-AA-3970
451,TCGA-AG-3593
452,TCGA-AA-3678
453,TCGA-AA-3844
454,TCGA-AA-3553
455,TCGA-AA-3681
456,TCGA-AG-3580
457,TCGA-AA-3666
458,TCGA-DC-6160
459,TCGA-EI-6882
460,TCGA-AG-3896
461,TCGA-AA-3975
462,TCGA-AG-3581
463,TCGA-D5-6920
464,TCGA-EI-6506
465,TCGA-AA-3495
466,TCGA-AA-3850
467,TCGA-F5-6571
468,TCGA-AA-3496
469,TCGA-DC-6158
470,TCGA-AA-3532
471,TCGA-AA-3685
472,TCGA-AA-3982
473,TCGA-AA-3552
474,TCGA-AA-3971
475,TCGA-A6-6649
476,TCGA-F4-6805
477,TCGA-A6-5664
478,TCGA-AA-3862
479,TCGA-AA-3989
480,TCGA-AA-3860
481,TCGA-AG-3609
482,TCGA-A6-4105
483,TCGA-G4-6299
484,TCGA-AA-3814
485,TCGA-AD-6899
486,TCGA-AA-3869
487,TCGA-AA-3977
488,TCGA-AF-2687
489,TCGA-AU-6004
490,TCGA-AD-6548
491,TCGA-D5-6924
492,TCGA-CM-4751
493,TCGA-G4-6293
494,TCGA-AY-4070
495,TCGA-AA-3548
496,TCGA-AG-3890
497,TCGA-A6-6137
498,TCGA-AA-3851
499,TCGA-CM-6680
500,TCGA-QG-A5YW
501,TCGA-D5-6898
502,TCGA-D5-5541
503,TCGA-D5-6535
504,TCGA-CK-4947
505,TCGA-D5-6931
506,TCGA-AG-4007
507,TCGA-AA-3852
508,TCGA-AG-3612
509,TCGA-AG-3893
510,TCGA-AG-A025
511,TCGA-AZ-4308
512,TCGA-AA-3848
513,TCGA-AA-A01T
514,TCGA-AA-A00O
515,TCGA-CM-6679
516,TCGA-F4-6806
517,TCGA-AA-3973
518,TCGA-AA-A017
519,TCGA-4N-A93T
520,TCGA-AG-A00C
521,TCGA-DC-6155
522,TCGA-D5-6536
523,TCGA-A6-5662
524,TCGA-DC-6154
525,TCGA-AA-A01I
526,TCGA-G4-6294
527,TCGA-AA-3561
528,TCGA-AG-3611
529,TCGA-AA-3688
530,TCGA-D5-6532
531,TCGA-CK-5912
532,TCGA-CM-6172
533,TCGA-AA-3952
534,TCGA-CA-5254
535,TCGA-AA-A01Z
536,TCGA-CM-6678
537,TCGA-DM-A1D7
538,TCGA-AA-A01X
539,TCGA-A6-2683
540,TCGA-AG-A011
541,TCGA-DM-A28C
542,TCGA-DY-A1DF
543,TCGA-AA-A00W
544,TCGA-A6-6140
545,TCGA-AG-A032
546,TCGA-AG-3583
547,TCGA-AG-3605
548,TCGA-EI-6883
549,TCGA-CM-5864
550,TCGA-AA-3675
551,TCGA-EI-6881
552,TCGA-AA-A00Q
553,TCGA-AF-A56N
554,TCGA-AA-3831
555,TCGA-AD-6890
556,TCGA-AA-3542
557,TCGA-AG-A01J
558,TCGA-DC-6681
559,TCGA-AA-3837
560,TCGA-AA-A00K
561,TCGA-AA-3562
562,TCGA-AA-A00F
563,TCGA-AA-3956
564,TCGA-AG-3582
565,TCGA-CM-5348
566,TCGA-A6-2681
567,TCGA-AG-4001
568,TCGA-A6-2682
569,TCGA-A6-2680
570,TCGA-A6-2671
571,TCGA-CK-4948
572,TCGA-CM-5860
573,TCGA-CM-6677
574,TCGA-CK-6748
575,TCGA-AA-A01K
576,TCGA-F5-6864
577,TCGA-CA-6719
578,TCGA-G4-6297
579,TCGA-AH-6644
580,TCGA-CM-6170
581,TCGA-AA-3968
582,TCGA-F4-6460
583,TCGA-F4-6463
584,TCGA-A6-A5ZU
585,TCGA-D5-6929
586,TCGA-F4-6461
587,TCGA-CM-5349
588,TCGA-G4-6311
589,TCGA-AZ-5403
590,TCGA-F4-6459
591,TCGA-QG-A5Z1
592,TCGA-A6-5660
593,TCGA-AG-3999
594,TCGA-CM-5344
595,TCGA-AF-3913
596,TCGA-AG-A00H
597,TCGA-AA-3509
598,TCGA-AA-3519
599,TCGA-EI-6512
600,TCGA-AA-3662
601,TCGA-D5-6926
602,TCGA-5M-AATA
603,TCGA-G4-6322
604,TCGA-AA-A01C
605,TCGA-CM-6164
606,TCGA-AG-3574
607,TCGA-AG-3894
608,TCGA-AA-3994
609,TCGA-AA-A00J
610,TCGA-G5-6233
611,TCGA-AF-6655
612,TCGA-D5-6923
613,TCGA-A6-6142
614,TCGA-AA-A00N
615,TCGA-CM-6165
616,TCGA-EI-7002
617,TCGA-AA-3511
618,TCGA-EF-5831
619,TCGA-CI-6623
620,TCGA-D5-6932
621,TCGA-AG-4008
622,TCGA-AG-4021
