otu,phylum,class,order,value
OTU_1,phylum_2,class_6,order_39,819.965755382553
OTU_2,phylum_1,class_23,order_70,255.626304991776
OTU_3,phylum_3,class_17,order_63,246.39555611345
OTU_4,phylum_5,class_11,order_57,910.912266679341
OTU_5,phylum_1,class_10,order_38,853.425779762678
OTU_6,phylum_1,class_10,order_42,119.180957753211
OTU_7,phylum_4,class_10,order_32,970.962596251396
OTU_8,phylum_2,class_18,order_68,353.507141845301
OTU_9,phylum_5,class_16,order_44,42.6593852448277
OTU_10,phylum_1,class_8,order_41,144.614818252157
OTU_11,phylum_5,class_25,order_42,457.791810282506
OTU_12,phylum_4,class_12,order_39,755.230033847271
OTU_13,phylum_5,class_24,order_72,489.009375196649
OTU_14,phylum_4,class_15,order_51,685.686664379667
OTU_15,phylum_1,class_20,order_56,675.020874684444
OTU_16,phylum_5,class_14,order_64,713.052709096344
OTU_17,phylum_3,class_22,order_42,523.769024738111
OTU_18,phylum_2,class_22,order_62,673.575223918306
OTU_19,phylum_1,class_17,order_36,347.726299546193
OTU_20,phylum_3,class_13,order_60,943.067015632056
OTU_21,phylum_4,class_11,order_55,111.352400367847
OTU_22,phylum_1,class_13,order_58,410.090637532296
OTU_23,phylum_3,class_24,order_43,276.671098256717
OTU_24,phylum_5,class_10,order_72,696.76709503145
OTU_25,phylum_4,class_25,order_41,881.072284176946
OTU_26,phylum_1,class_8,order_54,463.560886388645
OTU_27,phylum_1,class_27,order_58,432.840371603612
OTU_28,phylum_2,class_18,order_61,842.192254160764
OTU_29,phylum_3,class_20,order_71,975.513137771748
OTU_30,phylum_5,class_19,order_56,554.06937925308
OTU_31,phylum_3,class_15,order_39,930.129931785166
OTU_32,phylum_5,class_20,order_76,556.454680524999
OTU_33,phylum_5,class_16,order_67,72.3267706334591
OTU_34,phylum_5,class_29,order_75,999.579790186603
OTU_35,phylum_1,class_6,order_57,621.335884083994
OTU_36,phylum_4,class_19,order_31,630.558583682403
OTU_37,phylum_5,class_11,order_53,400.122118396219
OTU_38,phylum_4,class_16,order_58,317.037275481271
OTU_39,phylum_3,class_11,order_53,691.304579353891
OTU_40,phylum_4,class_27,order_58,963.852946836734
OTU_41,phylum_3,class_27,order_46,597.294412010582
OTU_42,phylum_5,class_9,order_38,845.079213789664
OTU_43,phylum_3,class_10,order_78,727.662286354695
OTU_44,phylum_1,class_21,order_63,166.288021493703
OTU_45,phylum_4,class_24,order_44,872.034734531073
OTU_46,phylum_3,class_11,order_77,347.765405983897
OTU_47,phylum_2,class_29,order_50,471.350869520102
OTU_48,phylum_5,class_27,order_45,541.824917730642
OTU_49,phylum_2,class_25,order_37,455.532088802429
OTU_50,phylum_2,class_21,order_42,858.890082024038
OTU_51,phylum_4,class_14,order_80,858.225039752666
OTU_52,phylum_3,class_12,order_31,360.292606662493
OTU_53,phylum_3,class_23,order_76,296.454701288138
OTU_54,phylum_1,class_12,order_76,215.11754809902
OTU_55,phylum_4,class_20,order_46,460.93176422664
OTU_56,phylum_3,class_27,order_52,111.563493582653
OTU_57,phylum_5,class_21,order_38,990.885838449467
OTU_58,phylum_4,class_19,order_70,655.731377326418
OTU_59,phylum_2,class_18,order_75,454.312951323111
OTU_60,phylum_2,class_20,order_59,125.215136751533
OTU_61,phylum_1,class_28,order_49,669.188360083383
OTU_62,phylum_4,class_19,order_42,359.190101634944
OTU_63,phylum_2,class_23,order_67,881.322170287604
OTU_64,phylum_5,class_16,order_75,901.725389470113
OTU_65,phylum_4,class_30,order_68,476.195365132764
OTU_66,phylum_4,class_29,order_70,928.78092587553
OTU_67,phylum_1,class_29,order_48,518.393386204494
OTU_68,phylum_2,class_15,order_60,744.0637520405
OTU_69,phylum_4,class_26,order_59,90.7143269409426
OTU_70,phylum_3,class_24,order_55,924.432630246971
OTU_71,phylum_5,class_9,order_44,153.845474789152
OTU_72,phylum_3,class_19,order_50,579.195538198575
OTU_73,phylum_4,class_19,order_48,991.316490043886
OTU_74,phylum_3,class_28,order_39,544.20041105058
OTU_75,phylum_4,class_9,order_45,208.088994609658
OTU_76,phylum_2,class_15,order_79,819.010423364816
OTU_77,phylum_2,class_6,order_71,390.132345634978
OTU_78,phylum_2,class_18,order_33,138.979296088684
OTU_79,phylum_2,class_29,order_58,674.753796571633
OTU_80,phylum_1,class_28,order_67,701.57922698441
OTU_81,phylum_1,class_21,order_46,798.605266642524
OTU_82,phylum_2,class_24,order_57,214.001574495109
OTU_83,phylum_4,class_26,order_36,685.370356707135
OTU_84,phylum_3,class_16,order_31,942.646947703324
OTU_85,phylum_3,class_10,order_42,54.1159868030809
OTU_86,phylum_4,class_13,order_47,871.975059236167
OTU_87,phylum_4,class_19,order_53,266.9732573824
OTU_88,phylum_4,class_17,order_62,680.33284584689
OTU_89,phylum_2,class_26,order_40,407.004152243026
OTU_90,phylum_4,class_15,order_75,167.716476070927
OTU_91,phylum_2,class_16,order_80,924.923028078629
OTU_92,phylum_2,class_15,order_44,473.226244513178
OTU_93,phylum_4,class_23,order_38,757.037801029626
OTU_94,phylum_2,class_9,order_73,812.285118576372
OTU_95,phylum_2,class_8,order_79,499.202784319408
OTU_96,phylum_3,class_30,order_51,454.696242979029
OTU_97,phylum_3,class_6,order_40,500.621954987524
OTU_98,phylum_1,class_26,order_44,682.877914602403
OTU_99,phylum_2,class_20,order_41,697.53601036896
OTU_100,phylum_5,class_23,order_71,793.219048862578
OTU_101,phylum_3,class_21,order_74,86.2831511292607
OTU_102,phylum_2,class_25,order_45,765.510499679483
OTU_103,phylum_4,class_14,order_41,707.134180289228
OTU_104,phylum_5,class_24,order_68,629.567813527072
OTU_105,phylum_1,class_13,order_73,264.023436101153
OTU_106,phylum_3,class_28,order_78,885.567405081587
OTU_107,phylum_5,class_16,order_47,26.5846948309336
OTU_108,phylum_5,class_16,order_78,691.195299784187
OTU_109,phylum_5,class_6,order_45,744.757457572967
OTU_110,phylum_3,class_15,order_43,996.399524250301
OTU_111,phylum_5,class_25,order_59,282.040919751627
OTU_112,phylum_5,class_27,order_68,306.339898072649
OTU_113,phylum_4,class_15,order_76,623.34117100318
OTU_114,phylum_5,class_20,order_45,536.337516180472
OTU_115,phylum_4,class_19,order_44,306.348391846986
OTU_116,phylum_5,class_19,order_55,368.194219997153
OTU_117,phylum_2,class_13,order_46,182.149689293932
OTU_118,phylum_3,class_11,order_52,497.990863187239
OTU_119,phylum_3,class_18,order_56,699.830207264284
OTU_120,phylum_3,class_22,order_72,800.775188852334
OTU_121,phylum_1,class_20,order_64,196.205190649955
OTU_122,phylum_5,class_29,order_61,679.2864580655
OTU_123,phylum_1,class_28,order_67,172.535772501724
OTU_124,phylum_5,class_24,order_52,176.548552530352
OTU_125,phylum_5,class_13,order_45,314.622257977957
OTU_126,phylum_1,class_17,order_50,762.93797856709
OTU_127,phylum_3,class_15,order_68,255.548221440753
OTU_128,phylum_4,class_11,order_34,584.66621805937
OTU_129,phylum_1,class_13,order_78,18.1213349832688
OTU_130,phylum_1,class_19,order_75,870.694009103579
OTU_131,phylum_2,class_7,order_49,292.311642759247
OTU_132,phylum_3,class_23,order_61,927.739597096574
OTU_133,phylum_3,class_8,order_36,339.223086389247
OTU_134,phylum_4,class_18,order_52,396.578914740821
OTU_135,phylum_3,class_29,order_61,617.473713000072
OTU_136,phylum_2,class_27,order_44,225.192600522423
OTU_137,phylum_4,class_16,order_61,497.323706136551
OTU_138,phylum_2,class_17,order_73,896.347144212807
OTU_139,phylum_1,class_19,order_38,568.080041100504
OTU_140,phylum_3,class_21,order_39,907.064797405386
OTU_141,phylum_4,class_8,order_69,164.278999751434
OTU_142,phylum_4,class_23,order_41,727.29163569212
OTU_143,phylum_3,class_30,order_68,119.042155240895
OTU_144,phylum_1,class_10,order_50,543.441192018101
OTU_145,phylum_5,class_7,order_40,266.883481139317
OTU_146,phylum_2,class_13,order_76,972.132592092967
OTU_147,phylum_1,class_16,order_45,62.526576021919
OTU_148,phylum_4,class_13,order_74,565.445164933801
OTU_149,phylum_4,class_16,order_64,928.24112519878
OTU_150,phylum_4,class_16,order_79,622.386423503747
OTU_151,phylum_4,class_29,order_58,34.3542951834388
OTU_152,phylum_4,class_8,order_70,249.496347563807
OTU_153,phylum_2,class_11,order_52,830.365927446634
OTU_154,phylum_3,class_9,order_69,577.694011855405
OTU_155,phylum_5,class_22,order_71,437.507626054576
OTU_156,phylum_5,class_23,order_70,462.15154809528
OTU_157,phylum_1,class_30,order_57,335.68981628865
OTU_158,phylum_3,class_28,order_47,191.751083019888
OTU_159,phylum_1,class_6,order_34,303.692558849929
OTU_160,phylum_5,class_29,order_40,802.375736038666
OTU_161,phylum_1,class_24,order_65,749.604362666374
OTU_162,phylum_3,class_26,order_36,38.247739741113
OTU_163,phylum_4,class_24,order_49,714.452827212401
OTU_164,phylum_5,class_19,order_75,580.162611288717
OTU_165,phylum_5,class_25,order_47,866.776926327962
OTU_166,phylum_2,class_17,order_40,42.6797173174564
OTU_167,phylum_2,class_15,order_77,218.767061282648
OTU_168,phylum_3,class_21,order_54,323.121209710371
OTU_169,phylum_4,class_15,order_73,852.441837981343
OTU_170,phylum_2,class_20,order_65,244.551876293961
OTU_171,phylum_4,class_30,order_67,108.374787136912
OTU_172,phylum_5,class_22,order_36,123.865261158673
OTU_173,phylum_5,class_24,order_63,148.540778355906
OTU_174,phylum_3,class_25,order_67,129.611994849285
OTU_175,phylum_1,class_27,order_57,734.983145050472
OTU_176,phylum_3,class_7,order_73,820.050487276865
OTU_177,phylum_3,class_12,order_47,421.558541483479
OTU_178,phylum_2,class_27,order_77,187.590289140353
OTU_179,phylum_4,class_13,order_64,861.886188874487
OTU_180,phylum_2,class_24,order_76,824.155546998838
OTU_181,phylum_1,class_21,order_63,869.122276599519
OTU_182,phylum_5,class_13,order_34,801.145598543575
OTU_183,phylum_5,class_23,order_71,678.384509106632
OTU_184,phylum_1,class_15,order_67,639.358167390339
OTU_185,phylum_5,class_15,order_31,387.602857909165
OTU_186,phylum_5,class_9,order_44,719.977578388993
OTU_187,phylum_2,class_18,order_60,684.422967439517
OTU_188,phylum_1,class_18,order_61,463.929060117109
OTU_189,phylum_2,class_15,order_49,71.4706687969156
OTU_190,phylum_5,class_23,order_65,665.533048701473
OTU_191,phylum_3,class_24,order_78,868.966973133152
OTU_192,phylum_2,class_27,order_64,13.4397808839567
OTU_193,phylum_4,class_23,order_38,49.6643826232757
OTU_194,phylum_1,class_16,order_79,681.502833314938
OTU_195,phylum_3,class_21,order_63,457.220612622565
OTU_196,phylum_2,class_14,order_70,272.086988219991
OTU_197,phylum_2,class_13,order_65,574.478518747725
OTU_198,phylum_1,class_28,order_78,948.828370421194
OTU_199,phylum_1,class_28,order_38,297.200522919185
OTU_200,phylum_4,class_7,order_45,672.610115814488
OTU_201,phylum_3,class_14,order_67,105.978723796783
OTU_202,phylum_1,class_20,order_73,405.428994038375
OTU_203,phylum_3,class_22,order_37,17.2655999534763
OTU_204,phylum_4,class_11,order_57,955.302216272568
OTU_205,phylum_2,class_27,order_55,31.1494473798666
OTU_206,phylum_4,class_25,order_54,260.933156676358
OTU_207,phylum_4,class_10,order_36,149.987981945043
OTU_208,phylum_1,class_12,order_35,352.562513048528
OTU_209,phylum_3,class_19,order_75,351.951057126513
OTU_210,phylum_5,class_20,order_40,237.931817363948
OTU_211,phylum_5,class_24,order_61,845.079235886456
OTU_212,phylum_4,class_21,order_38,486.396199940704
OTU_213,phylum_5,class_13,order_80,354.316396156326
OTU_214,phylum_4,class_29,order_36,751.722585592885
OTU_215,phylum_3,class_10,order_58,922.46895321575
OTU_216,phylum_1,class_10,order_44,768.883802960161
OTU_217,phylum_4,class_6,order_44,949.912967510521
OTU_218,phylum_1,class_20,order_51,990.329001378501
OTU_219,phylum_3,class_21,order_67,303.969001350692
OTU_220,phylum_4,class_16,order_63,939.699884799542
OTU_221,phylum_1,class_9,order_69,505.080430339323
OTU_222,phylum_3,class_24,order_56,159.958227422088
OTU_223,phylum_3,class_14,order_71,369.140282759443
OTU_224,phylum_3,class_21,order_68,492.043746480718
OTU_225,phylum_4,class_19,order_36,359.421535761096
OTU_226,phylum_4,class_8,order_64,567.448791569797
OTU_227,phylum_5,class_22,order_35,364.895859499229
OTU_228,phylum_4,class_19,order_67,939.640519557521
OTU_229,phylum_4,class_20,order_80,813.71056822245
OTU_230,phylum_1,class_14,order_38,210.42864041985
OTU_231,phylum_3,class_16,order_76,324.22458046698
OTU_232,phylum_4,class_30,order_44,37.3154151360504
OTU_233,phylum_3,class_15,order_32,257.403314834926
OTU_234,phylum_5,class_6,order_76,833.563051142031
OTU_235,phylum_4,class_28,order_60,36.4300943622366
OTU_236,phylum_3,class_14,order_50,849.008661930216
OTU_237,phylum_3,class_16,order_77,125.103224174585
OTU_238,phylum_2,class_10,order_80,413.276152270846
OTU_239,phylum_3,class_14,order_69,370.680703178514
OTU_240,phylum_1,class_16,order_64,926.858788720332
OTU_241,phylum_2,class_19,order_56,441.483539795037
OTU_242,phylum_5,class_22,order_74,221.642167029204
OTU_243,phylum_5,class_23,order_73,337.669191346271
OTU_244,phylum_5,class_15,order_39,454.644720935263
OTU_245,phylum_4,class_27,order_80,630.00994196278
OTU_246,phylum_4,class_26,order_58,570.515063876519
OTU_247,phylum_2,class_24,order_48,101.579349688487
OTU_248,phylum_5,class_30,order_58,997.598466191906
OTU_249,phylum_5,class_12,order_66,460.133904882474
OTU_250,phylum_1,class_14,order_33,44.2535841390491
OTU_251,phylum_2,class_8,order_40,330.163122920319
OTU_252,phylum_2,class_23,order_66,354.471372124972
OTU_253,phylum_3,class_20,order_49,33.8705522078089
OTU_254,phylum_5,class_15,order_74,235.212298387894
OTU_255,phylum_4,class_21,order_77,701.899207143812
OTU_256,phylum_1,class_18,order_75,632.699929390103
OTU_257,phylum_1,class_20,order_65,380.467125440948
OTU_258,phylum_3,class_10,order_44,716.897514892742
OTU_259,phylum_3,class_24,order_76,674.718945976114
OTU_260,phylum_4,class_11,order_42,417.31355394097
OTU_261,phylum_3,class_19,order_64,931.584612231003
OTU_262,phylum_5,class_8,order_45,34.2917096246965
OTU_263,phylum_4,class_24,order_77,658.406087961979
OTU_264,phylum_2,class_28,order_49,493.908631777624
OTU_265,phylum_3,class_17,order_36,474.872144086286
OTU_266,phylum_2,class_29,order_32,373.129731831839
OTU_267,phylum_2,class_18,order_31,656.160276994109
OTU_268,phylum_2,class_8,order_46,361.592903798912
OTU_269,phylum_1,class_19,order_49,364.746948053362
OTU_270,phylum_3,class_22,order_76,389.19296703604
OTU_271,phylum_5,class_29,order_63,358.429116952466
OTU_272,phylum_5,class_12,order_58,501.369248962728
OTU_273,phylum_3,class_6,order_61,214.232084975345
OTU_274,phylum_1,class_30,order_60,172.06662503886
OTU_275,phylum_1,class_28,order_43,124.116653107572
OTU_276,phylum_5,class_6,order_39,172.458823097637
OTU_277,phylum_2,class_24,order_48,907.260082807625
OTU_278,phylum_1,class_28,order_47,514.849652923876
OTU_279,phylum_3,class_22,order_72,714.104020740837
OTU_280,phylum_2,class_26,order_74,133.533772146562
OTU_281,phylum_2,class_18,order_63,485.273187461775
OTU_282,phylum_3,class_20,order_45,210.222620163346
OTU_283,phylum_3,class_18,order_37,431.174188105622
OTU_284,phylum_4,class_17,order_53,847.507159777218
OTU_285,phylum_1,class_25,order_78,388.71485990542
OTU_286,phylum_2,class_11,order_72,935.551699582255
OTU_287,phylum_2,class_18,order_76,699.464211581741
OTU_288,phylum_1,class_25,order_66,477.244181933114
OTU_289,phylum_4,class_26,order_54,470.738137566485
OTU_290,phylum_1,class_10,order_37,435.363751078257
OTU_291,phylum_1,class_21,order_56,229.18286740873
OTU_292,phylum_4,class_20,order_36,490.169641239103
OTU_293,phylum_1,class_20,order_39,306.312831362942
OTU_294,phylum_5,class_27,order_41,22.783315976616
OTU_295,phylum_5,class_20,order_58,688.835003707558
OTU_296,phylum_3,class_15,order_76,375.043674798682
OTU_297,phylum_4,class_25,order_55,875.499752990203
OTU_298,phylum_5,class_29,order_60,245.155203620205
OTU_299,phylum_1,class_12,order_42,437.304775408469
OTU_300,phylum_1,class_16,order_63,132.542158126365
OTU_301,phylum_2,class_13,order_55,929.188015776686
OTU_302,phylum_4,class_27,order_65,691.833052517148
OTU_303,phylum_5,class_21,order_53,436.726187418215
OTU_304,phylum_3,class_14,order_43,552.948920000345
OTU_305,phylum_1,class_14,order_79,528.896369060501
OTU_306,phylum_1,class_6,order_42,140.957662602188
OTU_307,phylum_2,class_26,order_53,25.3468925401103
OTU_308,phylum_5,class_25,order_72,140.107177770231
OTU_309,phylum_1,class_26,order_45,883.051769718528
OTU_310,phylum_2,class_13,order_58,367.294544449309
OTU_311,phylum_3,class_10,order_56,230.111742588226
OTU_312,phylum_2,class_23,order_31,850.96565526328
OTU_313,phylum_3,class_26,order_31,618.205364539754
OTU_314,phylum_5,class_17,order_34,296.221442199545
OTU_315,phylum_5,class_30,order_68,48.9839637756813
OTU_316,phylum_5,class_19,order_52,476.48947180924
OTU_317,phylum_4,class_7,order_35,98.3972783279605
OTU_318,phylum_3,class_16,order_57,576.652107396862
OTU_319,phylum_3,class_27,order_53,656.891157704638
OTU_320,phylum_4,class_26,order_41,527.630165413721
OTU_321,phylum_2,class_14,order_38,608.741853866959
OTU_322,phylum_5,class_28,order_63,711.530109623913
OTU_323,phylum_3,class_26,order_73,388.04602908087
OTU_324,phylum_3,class_12,order_52,718.150180416415
OTU_325,phylum_3,class_30,order_52,844.522391604958
OTU_326,phylum_4,class_13,order_72,104.39353550924
OTU_327,phylum_4,class_21,order_59,3.98169950931333
OTU_328,phylum_5,class_27,order_48,982.974944694666
OTU_329,phylum_5,class_19,order_56,199.464209786383
OTU_330,phylum_4,class_24,order_64,184.508738646284
OTU_331,phylum_4,class_26,order_50,515.113212762168
OTU_332,phylum_2,class_28,order_41,558.527425694512
OTU_333,phylum_3,class_13,order_66,842.65819154121
OTU_334,phylum_2,class_20,order_61,778.325652961619
OTU_335,phylum_2,class_24,order_38,90.0770291693043
OTU_336,phylum_1,class_10,order_73,2.29421237763017
OTU_337,phylum_2,class_12,order_60,125.703075559111
OTU_338,phylum_3,class_10,order_63,866.041494376026
OTU_339,phylum_2,class_16,order_39,490.10798630421
OTU_340,phylum_4,class_6,order_46,17.9468156811781
OTU_341,phylum_3,class_30,order_35,637.509593480267
OTU_342,phylum_5,class_29,order_53,322.550847541774
OTU_343,phylum_1,class_21,order_62,334.877410975052
OTU_344,phylum_4,class_20,order_53,107.568966434803
OTU_345,phylum_4,class_20,order_45,42.5589378792793
OTU_346,phylum_1,class_27,order_77,696.957366322633
OTU_347,phylum_3,class_18,order_33,485.518212278141
OTU_348,phylum_5,class_29,order_70,593.962733038934
OTU_349,phylum_1,class_22,order_76,138.985052186763
OTU_350,phylum_5,class_22,order_68,206.194471466821
OTU_351,phylum_1,class_10,order_62,66.8908820557408
OTU_352,phylum_1,class_15,order_45,793.93320602295
OTU_353,phylum_4,class_14,order_43,683.1397827568
OTU_354,phylum_4,class_15,order_49,838.508711451897
OTU_355,phylum_5,class_9,order_68,383.010879553622
OTU_356,phylum_1,class_23,order_42,128.192793013062
OTU_357,phylum_5,class_16,order_39,209.937749480829
OTU_358,phylum_2,class_8,order_80,41.3587764273398
OTU_359,phylum_5,class_26,order_38,979.299004677916
OTU_360,phylum_4,class_14,order_63,924.046835373389
OTU_361,phylum_4,class_30,order_36,201.74685192015
OTU_362,phylum_3,class_19,order_42,800.54593742406
OTU_363,phylum_3,class_9,order_75,832.738730307668
OTU_364,phylum_1,class_12,order_55,718.039458507672
OTU_365,phylum_5,class_28,order_78,214.292570408434
OTU_366,phylum_5,class_8,order_59,871.021391920978
OTU_367,phylum_1,class_8,order_75,632.86313280859
OTU_368,phylum_2,class_12,order_50,873.932674070587
OTU_369,phylum_4,class_25,order_50,412.105493292911
OTU_370,phylum_4,class_14,order_48,549.405121127144
OTU_371,phylum_4,class_16,order_67,85.358062409563
OTU_372,phylum_5,class_26,order_49,522.45803275425
OTU_373,phylum_2,class_24,order_70,402.073188160779
OTU_374,phylum_4,class_16,order_70,364.733618803089
OTU_375,phylum_1,class_28,order_43,916.47092852369
OTU_376,phylum_4,class_26,order_74,836.600910462905
OTU_377,phylum_3,class_24,order_65,70.7210655906238
OTU_378,phylum_5,class_27,order_49,737.140867970185
OTU_379,phylum_5,class_23,order_62,260.727148747537
OTU_380,phylum_2,class_13,order_60,461.389263191028
OTU_381,phylum_4,class_14,order_78,814.134571706178
OTU_382,phylum_2,class_24,order_51,510.484644677257
OTU_383,phylum_1,class_11,order_71,898.505493518431
OTU_384,phylum_4,class_11,order_63,672.123880553292
OTU_385,phylum_3,class_19,order_75,213.659472422907
OTU_386,phylum_5,class_29,order_80,926.573443538276
OTU_387,phylum_2,class_10,order_50,626.012098435313
OTU_388,phylum_1,class_15,order_79,1.837767313933
OTU_389,phylum_3,class_19,order_34,596.020421919413
OTU_390,phylum_2,class_15,order_36,774.572778892238
OTU_391,phylum_3,class_29,order_43,138.042473041918
OTU_392,phylum_4,class_24,order_34,964.910693764919
OTU_393,phylum_2,class_15,order_49,492.904595871223
OTU_394,phylum_3,class_24,order_50,658.929019947536
OTU_395,phylum_5,class_21,order_65,427.378222267609
OTU_396,phylum_3,class_9,order_48,968.02190024755
OTU_397,phylum_3,class_19,order_80,686.997675669147
OTU_398,phylum_5,class_7,order_58,130.47051616828
OTU_399,phylum_5,class_16,order_71,828.022310028784
OTU_400,phylum_5,class_10,order_71,431.479961888399
OTU_401,phylum_4,class_27,order_80,94.9305058487225
OTU_402,phylum_4,class_10,order_35,648.254054035991
OTU_403,phylum_4,class_19,order_53,586.110037350329
OTU_404,phylum_4,class_17,order_38,714.113324420759
OTU_405,phylum_1,class_8,order_38,163.615601016209
OTU_406,phylum_5,class_7,order_62,412.00880796439
OTU_407,phylum_4,class_16,order_33,527.975511760218
OTU_408,phylum_3,class_15,order_39,235.33880950138
OTU_409,phylum_1,class_15,order_60,883.758561901748
OTU_410,phylum_3,class_8,order_63,751.089186625788
OTU_411,phylum_3,class_19,order_37,227.628439484164
OTU_412,phylum_1,class_13,order_74,623.909036466852
OTU_413,phylum_5,class_13,order_48,394.749609931372
OTU_414,phylum_1,class_20,order_66,132.192331713391
OTU_415,phylum_4,class_29,order_64,26.8338336048182
OTU_416,phylum_5,class_23,order_39,733.955312759615
OTU_417,phylum_1,class_26,order_62,525.220354612451
OTU_418,phylum_4,class_6,order_31,230.790278556524
OTU_419,phylum_1,class_22,order_79,120.314081724267
OTU_420,phylum_5,class_10,order_80,146.870765600121
OTU_421,phylum_3,class_19,order_38,565.10754664964
OTU_422,phylum_4,class_24,order_74,902.864626576891
OTU_423,phylum_4,class_21,order_48,476.456416868838
OTU_424,phylum_4,class_26,order_52,793.294426603243
OTU_425,phylum_5,class_29,order_35,810.61237326148
OTU_426,phylum_1,class_22,order_54,149.468762220582
OTU_427,phylum_2,class_29,order_32,38.0566120247822
OTU_428,phylum_4,class_28,order_71,611.82265120931
OTU_429,phylum_3,class_11,order_44,203.517019666033
OTU_430,phylum_4,class_24,order_54,706.79236384714
OTU_431,phylum_5,class_27,order_62,866.046013518935
OTU_432,phylum_2,class_8,order_50,379.001339379931
OTU_433,phylum_3,class_18,order_72,916.243593933992
OTU_434,phylum_5,class_17,order_53,7.79358783061616
OTU_435,phylum_2,class_29,order_42,22.6722661049571
OTU_436,phylum_1,class_15,order_60,500.917493536137
OTU_437,phylum_2,class_24,order_33,257.706667972263
OTU_438,phylum_2,class_18,order_41,131.126241501654
OTU_439,phylum_2,class_24,order_55,155.612000518478
OTU_440,phylum_3,class_22,order_78,783.935017407639
OTU_441,phylum_3,class_17,order_49,897.896225178847
OTU_442,phylum_3,class_25,order_38,124.684081519954
OTU_443,phylum_2,class_12,order_69,781.918496246682
OTU_444,phylum_1,class_18,order_74,720.271683437284
OTU_445,phylum_5,class_28,order_64,163.751479774015
OTU_446,phylum_5,class_15,order_49,214.651271823561
OTU_447,phylum_4,class_22,order_56,459.531219526194
OTU_448,phylum_1,class_8,order_31,782.969026827719
OTU_449,phylum_3,class_14,order_36,164.398692725226
OTU_450,phylum_5,class_11,order_67,180.90913444059
OTU_451,phylum_5,class_30,order_53,753.048405919923
OTU_452,phylum_5,class_19,order_73,487.317139813211
OTU_453,phylum_5,class_14,order_51,836.554378340021
OTU_454,phylum_5,class_25,order_71,645.235899704043
OTU_455,phylum_5,class_26,order_72,460.648055137601
OTU_456,phylum_2,class_10,order_80,600.592914393172
OTU_457,phylum_2,class_12,order_66,168.580859552603
OTU_458,phylum_3,class_8,order_74,498.291671704501
OTU_459,phylum_2,class_6,order_49,157.484824378742
OTU_460,phylum_2,class_25,order_32,983.422358915675
OTU_461,phylum_3,class_17,order_54,685.116576909088
OTU_462,phylum_5,class_26,order_72,649.084343562834
OTU_463,phylum_5,class_8,order_67,436.858305767179
OTU_464,phylum_5,class_29,order_60,489.616255454486
OTU_465,phylum_5,class_30,order_58,309.123303061817
OTU_466,phylum_1,class_26,order_80,329.100941282231
OTU_467,phylum_5,class_12,order_70,929.146913184552
OTU_468,phylum_2,class_21,order_79,433.803823843598
OTU_469,phylum_5,class_17,order_32,674.326359246392
OTU_470,phylum_2,class_20,order_35,263.195858432213
OTU_471,phylum_5,class_20,order_71,480.213229284389
OTU_472,phylum_3,class_9,order_31,753.569132878212
OTU_473,phylum_3,class_9,order_74,297.68324548821
OTU_474,phylum_3,class_7,order_52,459.325513509335
OTU_475,phylum_2,class_16,order_45,460.896325623849
OTU_476,phylum_4,class_26,order_48,107.623092876282
OTU_477,phylum_2,class_29,order_80,839.184376697987
OTU_478,phylum_1,class_30,order_31,791.573326994199
OTU_479,phylum_3,class_23,order_42,28.6225131128449
OTU_480,phylum_5,class_8,order_71,958.068467638223
OTU_481,phylum_5,class_11,order_32,245.839716189308
OTU_482,phylum_3,class_30,order_31,329.282350364141
OTU_483,phylum_2,class_10,order_32,984.114650951233
OTU_484,phylum_5,class_28,order_70,534.571650331141
OTU_485,phylum_1,class_27,order_46,63.5328013715334
OTU_486,phylum_1,class_26,order_36,882.716721407603
OTU_487,phylum_1,class_30,order_78,538.700281748082
OTU_488,phylum_2,class_20,order_33,798.914876428433
OTU_489,phylum_4,class_19,order_56,167.074802436633
OTU_490,phylum_2,class_22,order_69,75.905323108891
OTU_491,phylum_4,class_22,order_58,229.575446230127
OTU_492,phylum_5,class_20,order_39,88.2373837588821
OTU_493,phylum_3,class_11,order_76,963.103169182083
OTU_494,phylum_1,class_21,order_79,213.952595908428
OTU_495,phylum_1,class_11,order_35,402.650597112719
OTU_496,phylum_1,class_17,order_45,235.989452805137
OTU_497,phylum_2,class_21,order_47,619.974946836941
OTU_498,phylum_5,class_24,order_42,754.466932757292
OTU_499,phylum_2,class_16,order_72,166.086562015116
OTU_500,phylum_5,class_12,order_55,476.832739661681
OTU_501,phylum_5,class_26,order_77,67.0271027323324
OTU_502,phylum_2,class_22,order_40,85.6321486944798
OTU_503,phylum_4,class_15,order_61,417.996749541257
OTU_504,phylum_1,class_27,order_55,8.59449467132799
OTU_505,phylum_5,class_6,order_70,331.786432826426
OTU_506,phylum_1,class_16,order_41,813.289013063302
OTU_507,phylum_3,class_21,order_76,112.791126697091
OTU_508,phylum_4,class_30,order_36,970.986329136649
OTU_509,phylum_1,class_9,order_60,373.521202324657
OTU_510,phylum_1,class_29,order_57,560.293668584898
OTU_511,phylum_1,class_15,order_31,812.172268630238
OTU_512,phylum_5,class_7,order_66,880.373241222464
OTU_513,phylum_4,class_16,order_40,354.856703896308
OTU_514,phylum_4,class_22,order_51,160.909822058165
OTU_515,phylum_4,class_6,order_80,87.1395432478748
OTU_516,phylum_3,class_26,order_76,296.337421284057
OTU_517,phylum_3,class_8,order_56,545.832728772191
OTU_518,phylum_3,class_23,order_80,815.165692232316
OTU_519,phylum_2,class_13,order_59,449.653525416739
OTU_520,phylum_1,class_20,order_44,940.612015960272
OTU_521,phylum_4,class_20,order_75,395.945262707304
OTU_522,phylum_3,class_16,order_61,194.40577861364
OTU_523,phylum_4,class_17,order_80,786.414027453866
OTU_524,phylum_3,class_22,order_54,912.272620338481
OTU_525,phylum_2,class_20,order_69,800.159656188451
OTU_526,phylum_2,class_24,order_39,61.0648187876213
OTU_527,phylum_1,class_13,order_56,929.878094411455
OTU_528,phylum_5,class_12,order_37,340.784678093856
OTU_529,phylum_5,class_20,order_77,545.710416049231
OTU_530,phylum_5,class_22,order_52,140.520439654356
OTU_531,phylum_2,class_6,order_77,175.829010265414
OTU_532,phylum_3,class_20,order_73,247.667726824526
OTU_533,phylum_5,class_14,order_64,786.294220041949
OTU_534,phylum_5,class_21,order_35,48.8503302845638
OTU_535,phylum_1,class_24,order_60,667.412893061526
OTU_536,phylum_2,class_29,order_65,828.655924381455
OTU_537,phylum_5,class_22,order_55,771.739801261574
OTU_538,phylum_4,class_29,order_65,944.192098464118
OTU_539,phylum_4,class_8,order_78,246.573317829054
OTU_540,phylum_3,class_29,order_79,384.674260015367
OTU_541,phylum_4,class_12,order_56,79.682616924867
OTU_542,phylum_2,class_22,order_66,537.677063965239
OTU_543,phylum_2,class_9,order_40,875.870654858416
OTU_544,phylum_2,class_15,order_49,773.629237722838
OTU_545,phylum_5,class_24,order_40,934.369714486413
OTU_546,phylum_1,class_8,order_68,343.59456178546
OTU_547,phylum_5,class_9,order_80,69.3903058164287
OTU_548,phylum_4,class_25,order_40,284.551884550601
OTU_549,phylum_3,class_20,order_56,596.566083363257
OTU_550,phylum_2,class_21,order_31,267.525370159186
OTU_551,phylum_1,class_30,order_69,934.4092268073
OTU_552,phylum_3,class_16,order_48,898.304384797346
OTU_553,phylum_1,class_25,order_49,846.620501100784
OTU_554,phylum_3,class_28,order_73,985.363503498957
OTU_555,phylum_4,class_13,order_31,260.74881197745
OTU_556,phylum_3,class_17,order_51,854.012414706871
OTU_557,phylum_5,class_28,order_44,484.709553650115
OTU_558,phylum_2,class_19,order_48,335.953540108399
OTU_559,phylum_1,class_27,order_68,279.436751845991
OTU_560,phylum_4,class_18,order_47,522.308127883123
OTU_561,phylum_1,class_11,order_48,541.739637835883
OTU_562,phylum_4,class_25,order_47,107.778048608918
OTU_563,phylum_3,class_10,order_73,974.260440847371
OTU_564,phylum_5,class_22,order_50,20.0801865402609
OTU_565,phylum_3,class_30,order_63,130.671559064183
OTU_566,phylum_1,class_9,order_38,174.01559328218
OTU_567,phylum_5,class_15,order_73,936.01576943486
OTU_568,phylum_5,class_15,order_63,60.6510717044584
OTU_569,phylum_3,class_13,order_73,892.838245013263
OTU_570,phylum_1,class_7,order_57,668.180325122783
OTU_571,phylum_2,class_13,order_46,758.049678971292
OTU_572,phylum_1,class_13,order_32,672.544469501125
OTU_573,phylum_1,class_7,order_64,396.095507171238
OTU_574,phylum_3,class_27,order_32,145.445078239078
OTU_575,phylum_1,class_19,order_68,729.351842211327
OTU_576,phylum_1,class_12,order_43,91.7353231820744
OTU_577,phylum_1,class_11,order_39,4.96779956575483
OTU_578,phylum_2,class_22,order_51,353.801950501977
OTU_579,phylum_3,class_19,order_65,539.483852143399
OTU_580,phylum_5,class_12,order_37,643.447313002544
OTU_581,phylum_3,class_11,order_79,732.377253129845
OTU_582,phylum_3,class_22,order_41,497.037696887739
OTU_583,phylum_2,class_11,order_80,960.2469868958
OTU_584,phylum_5,class_26,order_63,139.235965449363
OTU_585,phylum_2,class_23,order_74,803.53531405679
OTU_586,phylum_5,class_28,order_43,431.960942764999
OTU_587,phylum_3,class_16,order_39,831.232068669982
OTU_588,phylum_4,class_9,order_55,113.415472259512
OTU_589,phylum_2,class_6,order_68,745.157963095233
OTU_590,phylum_5,class_25,order_65,355.75876845629
OTU_591,phylum_3,class_28,order_44,726.748583995737
OTU_592,phylum_4,class_12,order_42,951.60071352357
OTU_593,phylum_2,class_11,order_52,142.388558991253
OTU_594,phylum_3,class_10,order_41,598.218863877468
OTU_595,phylum_4,class_23,order_61,340.391592209227
OTU_596,phylum_1,class_10,order_47,228.413759247633
OTU_597,phylum_2,class_22,order_54,899.350404841593
OTU_598,phylum_1,class_11,order_69,45.7944011373911
OTU_599,phylum_4,class_25,order_49,822.544404749526
OTU_600,phylum_1,class_17,order_50,719.708684850251
OTU_601,phylum_2,class_13,order_56,899.731211887673
OTU_602,phylum_4,class_13,order_80,430.836607967503
OTU_603,phylum_2,class_25,order_74,675.226881217677
OTU_604,phylum_4,class_8,order_44,109.712575551821
OTU_605,phylum_2,class_13,order_65,285.305692892754
OTU_606,phylum_5,class_18,order_56,732.102694671368
OTU_607,phylum_5,class_22,order_37,183.191895664437
OTU_608,phylum_2,class_10,order_69,92.0692136210855
OTU_609,phylum_5,class_21,order_37,485.530802332563
OTU_610,phylum_1,class_30,order_77,946.632892689668
OTU_611,phylum_2,class_20,order_74,59.8713766213041
OTU_612,phylum_2,class_20,order_47,951.007914737333
OTU_613,phylum_1,class_10,order_44,990.778466647025
OTU_614,phylum_4,class_7,order_57,491.152478180826
OTU_615,phylum_1,class_17,order_55,701.114232090302
OTU_616,phylum_2,class_27,order_35,617.122880368959
OTU_617,phylum_3,class_19,order_77,64.8655935854185
OTU_618,phylum_1,class_28,order_46,587.678102252074
OTU_619,phylum_1,class_29,order_60,707.42914664722
OTU_620,phylum_2,class_15,order_53,665.592880069511
OTU_621,phylum_3,class_15,order_64,986.480961774709
OTU_622,phylum_2,class_20,order_36,251.719670742517
OTU_623,phylum_2,class_9,order_47,485.248429750558
OTU_624,phylum_5,class_7,order_50,435.827628339874
OTU_625,phylum_4,class_17,order_75,983.069957179716
OTU_626,phylum_3,class_22,order_37,67.8879811975639
OTU_627,phylum_5,class_30,order_75,870.693665091414
OTU_628,phylum_4,class_30,order_42,233.622268576873
OTU_629,phylum_2,class_6,order_76,637.771247412078
OTU_630,phylum_4,class_30,order_67,921.360013369704
OTU_631,phylum_1,class_10,order_66,89.6086455576587
OTU_632,phylum_3,class_8,order_69,599.771016762825
OTU_633,phylum_3,class_25,order_58,206.177839327604
OTU_634,phylum_2,class_21,order_60,766.868345236406
OTU_635,phylum_3,class_13,order_34,87.6967838760465
OTU_636,phylum_2,class_18,order_32,792.839252453996
OTU_637,phylum_5,class_19,order_40,633.000354586169
OTU_638,phylum_5,class_24,order_40,31.0858811887447
OTU_639,phylum_3,class_26,order_47,189.859599465271
OTU_640,phylum_2,class_27,order_71,711.228822420351
OTU_641,phylum_5,class_14,order_40,569.700230009155
OTU_642,phylum_3,class_24,order_50,303.045222156681
OTU_643,phylum_2,class_23,order_61,547.735528675606
OTU_644,phylum_3,class_22,order_37,519.707290080376
OTU_645,phylum_4,class_30,order_41,831.333615990588
OTU_646,phylum_4,class_12,order_40,56.4856316836085
OTU_647,phylum_4,class_18,order_80,850.882129388629
OTU_648,phylum_5,class_19,order_65,57.3504596597049
OTU_649,phylum_2,class_9,order_70,600.257070830325
OTU_650,phylum_1,class_22,order_43,69.7040697992779
OTU_651,phylum_3,class_14,order_77,704.675312283216
OTU_652,phylum_5,class_12,order_76,846.883242659969
OTU_653,phylum_5,class_20,order_80,144.018979412504
OTU_654,phylum_2,class_15,order_77,557.146706003463
OTU_655,phylum_4,class_30,order_68,322.786217455519
OTU_656,phylum_4,class_14,order_77,396.399088021833
OTU_657,phylum_1,class_9,order_80,908.024492725497
OTU_658,phylum_4,class_22,order_80,133.375838464126
OTU_659,phylum_2,class_19,order_45,18.2256999937817
OTU_660,phylum_1,class_16,order_79,404.689354392001
OTU_661,phylum_2,class_29,order_32,625.078081215965
OTU_662,phylum_2,class_9,order_61,471.228978031781
OTU_663,phylum_2,class_19,order_37,556.463711832883
OTU_664,phylum_5,class_13,order_80,46.1918861444574
OTU_665,phylum_5,class_11,order_45,917.028362208046
OTU_666,phylum_4,class_29,order_55,99.9556134305894
OTU_667,phylum_1,class_30,order_41,734.070630335947
OTU_668,phylum_4,class_18,order_42,828.18660060945
OTU_669,phylum_5,class_29,order_59,232.751621003496
OTU_670,phylum_1,class_11,order_52,518.9310006944
OTU_671,phylum_5,class_16,order_33,608.246508447221
OTU_672,phylum_5,class_24,order_32,672.577746572439
OTU_673,phylum_1,class_28,order_76,566.62079987675
OTU_674,phylum_4,class_26,order_68,640.201532868436
OTU_675,phylum_3,class_21,order_35,483.190049589379
OTU_676,phylum_1,class_24,order_33,373.392090767622
OTU_677,phylum_2,class_17,order_40,696.72980681085
OTU_678,phylum_4,class_13,order_66,980.00169430091
OTU_679,phylum_4,class_6,order_56,486.464021276217
OTU_680,phylum_4,class_14,order_60,894.241312934784
OTU_681,phylum_4,class_26,order_69,362.327673312277
OTU_682,phylum_3,class_27,order_52,170.172056074254
OTU_683,phylum_3,class_21,order_41,16.101047598524
OTU_684,phylum_2,class_26,order_61,345.540114795091
OTU_685,phylum_2,class_9,order_42,545.817959974054
OTU_686,phylum_2,class_25,order_68,716.082900830312
OTU_687,phylum_4,class_11,order_55,529.934958302416
OTU_688,phylum_2,class_13,order_62,245.499942188617
OTU_689,phylum_4,class_17,order_61,77.8616733090021
OTU_690,phylum_4,class_6,order_36,119.65705174976
OTU_691,phylum_4,class_29,order_35,247.663603330497
OTU_692,phylum_3,class_26,order_33,422.941934421193
OTU_693,phylum_2,class_14,order_72,637.08480288554
OTU_694,phylum_2,class_24,order_78,339.832944829483
OTU_695,phylum_1,class_14,order_52,739.27226895839
OTU_696,phylum_5,class_7,order_53,74.8611250033136
OTU_697,phylum_4,class_15,order_63,850.712828883668
OTU_698,phylum_2,class_6,order_49,963.811911232769
OTU_699,phylum_2,class_17,order_73,381.347725409549
OTU_700,phylum_4,class_6,order_37,227.916567233857
OTU_701,phylum_3,class_26,order_40,913.852949192515
OTU_702,phylum_3,class_11,order_33,643.179083995754
OTU_703,phylum_5,class_17,order_56,774.030989736784
OTU_704,phylum_2,class_16,order_69,146.799282012042
OTU_705,phylum_4,class_27,order_68,729.170595715288
OTU_706,phylum_4,class_24,order_70,783.851670865901
OTU_707,phylum_5,class_12,order_72,89.2140901200473
OTU_708,phylum_2,class_23,order_46,6.74208126915619
OTU_709,phylum_4,class_6,order_52,143.455999433296
OTU_710,phylum_3,class_12,order_67,403.171784149483
OTU_711,phylum_4,class_7,order_69,860.24917616602
OTU_712,phylum_1,class_16,order_55,597.454341382254
OTU_713,phylum_4,class_19,order_73,206.838696931722
OTU_714,phylum_1,class_25,order_61,267.273154116236
OTU_715,phylum_4,class_8,order_67,112.458302951651
OTU_716,phylum_4,class_27,order_78,326.270666438155
OTU_717,phylum_1,class_21,order_44,629.454562582308
OTU_718,phylum_5,class_22,order_48,282.502661300125
OTU_719,phylum_2,class_7,order_70,282.937992529944
OTU_720,phylum_2,class_21,order_67,505.46172165405
OTU_721,phylum_4,class_23,order_43,388.605932721402
OTU_722,phylum_5,class_10,order_72,749.902581904782
OTU_723,phylum_5,class_19,order_34,195.281889211852
OTU_724,phylum_2,class_10,order_59,98.6545757027343
OTU_725,phylum_5,class_14,order_57,233.845526424702
OTU_726,phylum_4,class_10,order_46,727.864997442113
OTU_727,phylum_5,class_6,order_56,567.467166099232
OTU_728,phylum_5,class_22,order_45,572.205508489395
OTU_729,phylum_2,class_9,order_61,523.470186556922
OTU_730,phylum_5,class_28,order_58,465.403676521499
OTU_731,phylum_3,class_7,order_56,235.492360575823
OTU_732,phylum_3,class_15,order_39,984.431655486813
OTU_733,phylum_1,class_21,order_44,757.39016834111
OTU_734,phylum_5,class_30,order_76,805.295975297457
OTU_735,phylum_1,class_26,order_39,163.102808434516
OTU_736,phylum_3,class_15,order_52,283.699027918745
OTU_737,phylum_3,class_15,order_42,646.03945629904
OTU_738,phylum_5,class_11,order_64,962.264785716543
OTU_739,phylum_5,class_12,order_63,436.397860718891
OTU_740,phylum_3,class_11,order_58,825.162689249031
OTU_741,phylum_5,class_26,order_57,584.534773546271
OTU_742,phylum_5,class_24,order_44,434.018215295393
OTU_743,phylum_3,class_26,order_66,777.83564984845
OTU_744,phylum_2,class_25,order_59,341.292377713835
OTU_745,phylum_5,class_6,order_54,215.082293248503
OTU_746,phylum_3,class_29,order_55,476.694488638779
OTU_747,phylum_1,class_7,order_49,739.267536523286
OTU_748,phylum_5,class_8,order_61,701.72095487942
OTU_749,phylum_3,class_19,order_63,472.672720798058
OTU_750,phylum_5,class_13,order_77,877.803540125955
OTU_751,phylum_1,class_20,order_73,658.97119574598
OTU_752,phylum_2,class_14,order_62,294.049252161058
OTU_753,phylum_3,class_13,order_73,608.928116567433
OTU_754,phylum_1,class_22,order_75,55.596012734808
OTU_755,phylum_4,class_22,order_32,908.676978669129
OTU_756,phylum_1,class_19,order_80,301.189151851693
OTU_757,phylum_4,class_30,order_60,118.514197514392
OTU_758,phylum_4,class_18,order_63,674.091874599922
OTU_759,phylum_3,class_11,order_46,974.425902558025
OTU_760,phylum_2,class_21,order_67,815.469612908317
OTU_761,phylum_4,class_8,order_44,604.359964136267
OTU_762,phylum_5,class_26,order_41,848.207672052085
OTU_763,phylum_5,class_19,order_60,315.523951544426
OTU_764,phylum_5,class_30,order_56,476.829775900347
OTU_765,phylum_5,class_24,order_36,205.63925467222
OTU_766,phylum_5,class_18,order_61,546.950050978223
OTU_767,phylum_4,class_8,order_79,813.174176499248
OTU_768,phylum_4,class_20,order_53,297.753157878062
OTU_769,phylum_1,class_12,order_61,196.272657738999
OTU_770,phylum_4,class_20,order_62,479.370006853947
OTU_771,phylum_3,class_22,order_33,233.79169282387
OTU_772,phylum_3,class_28,order_41,667.305447990773
OTU_773,phylum_1,class_12,order_56,692.414304217556
OTU_774,phylum_3,class_21,order_40,597.442261880031
OTU_775,phylum_1,class_22,order_33,277.869448236888
OTU_776,phylum_1,class_26,order_70,355.201532014878
OTU_777,phylum_1,class_21,order_42,79.0747490567155
OTU_778,phylum_5,class_15,order_54,877.109859481454
OTU_779,phylum_1,class_16,order_36,443.646076093893
OTU_780,phylum_4,class_24,order_80,271.302967050113
OTU_781,phylum_4,class_27,order_62,271.32086266065
OTU_782,phylum_2,class_28,order_51,293.655561754713
OTU_783,phylum_4,class_14,order_75,803.365988198668
OTU_784,phylum_2,class_9,order_54,834.486799865728
OTU_785,phylum_2,class_26,order_47,235.496132614557
OTU_786,phylum_1,class_18,order_45,276.45379398251
OTU_787,phylum_5,class_21,order_70,726.592987921322
OTU_788,phylum_3,class_8,order_79,703.100281309569
OTU_789,phylum_1,class_19,order_35,674.498166225385
OTU_790,phylum_3,class_30,order_46,874.284722257871
OTU_791,phylum_5,class_10,order_67,73.5536785079166
OTU_792,phylum_3,class_11,order_66,408.22689242987
OTU_793,phylum_2,class_25,order_63,116.087540583918
OTU_794,phylum_4,class_21,order_74,205.095291192411
OTU_795,phylum_5,class_7,order_49,813.155134879285
OTU_796,phylum_4,class_12,order_75,10.0178311662748
OTU_797,phylum_5,class_23,order_36,506.563195110299
OTU_798,phylum_3,class_8,order_32,131.452785106143
OTU_799,phylum_5,class_24,order_69,818.523607772077
OTU_800,phylum_2,class_11,order_61,489.307169013657
OTU_801,phylum_5,class_17,order_49,520.872501152335
OTU_802,phylum_4,class_27,order_58,571.729453569278
OTU_803,phylum_5,class_16,order_57,581.957131560426
OTU_804,phylum_2,class_20,order_56,961.112524760421
OTU_805,phylum_1,class_17,order_50,580.848079137038
OTU_806,phylum_5,class_11,order_69,486.003117545042
OTU_807,phylum_4,class_15,order_44,655.782002240419
OTU_808,phylum_5,class_9,order_51,554.786441094941
OTU_809,phylum_1,class_24,order_79,25.2372194149066
OTU_810,phylum_4,class_30,order_49,849.18952184869
OTU_811,phylum_1,class_28,order_80,386.114645930007
OTU_812,phylum_2,class_30,order_60,569.406584108947
OTU_813,phylum_2,class_11,order_65,523.921367466915
OTU_814,phylum_3,class_6,order_44,65.5525972770993
OTU_815,phylum_5,class_18,order_80,996.44554209942
OTU_816,phylum_4,class_23,order_60,835.13703961228
OTU_817,phylum_1,class_24,order_40,545.232799699996
OTU_818,phylum_3,class_13,order_77,177.669658405008
OTU_819,phylum_1,class_21,order_71,69.9018453937024
OTU_820,phylum_5,class_22,order_56,647.878869576845
OTU_821,phylum_1,class_25,order_69,39.1447557655629
OTU_822,phylum_4,class_30,order_41,114.347974104108
OTU_823,phylum_5,class_27,order_47,841.819312642328
OTU_824,phylum_4,class_8,order_63,954.647218505153
OTU_825,phylum_4,class_27,order_58,112.056271122536
OTU_826,phylum_2,class_27,order_59,391.728035481181
OTU_827,phylum_1,class_23,order_62,368.311335321981
OTU_828,phylum_3,class_12,order_58,711.520245615859
OTU_829,phylum_4,class_28,order_51,95.0335320262238
OTU_830,phylum_4,class_25,order_60,159.542090861592
OTU_831,phylum_3,class_15,order_56,324.708302741405
OTU_832,phylum_4,class_21,order_77,82.674232078949
OTU_833,phylum_5,class_10,order_31,566.975686920341
OTU_834,phylum_2,class_22,order_75,107.184657861246
OTU_835,phylum_2,class_10,order_67,631.101883328054
OTU_836,phylum_3,class_22,order_73,155.546625646763
OTU_837,phylum_4,class_12,order_66,897.314589692047
OTU_838,phylum_2,class_17,order_32,382.566681927769
OTU_839,phylum_4,class_10,order_60,21.635203867685
OTU_840,phylum_4,class_23,order_77,369.340666240547
OTU_841,phylum_5,class_16,order_52,741.056857303483
OTU_842,phylum_4,class_20,order_39,869.799208573299
OTU_843,phylum_1,class_11,order_61,466.127245752374
OTU_844,phylum_5,class_26,order_53,207.365693098865
OTU_845,phylum_2,class_14,order_70,617.448043040233
OTU_846,phylum_2,class_8,order_53,307.650141324149
OTU_847,phylum_5,class_9,order_73,787.687498851912
OTU_848,phylum_5,class_16,order_39,971.50162121444
OTU_849,phylum_4,class_11,order_31,483.832476840587
OTU_850,phylum_1,class_21,order_41,32.3702935227193
OTU_851,phylum_3,class_9,order_59,242.526939046336
OTU_852,phylum_3,class_21,order_75,866.488117764471
OTU_853,phylum_2,class_12,order_50,904.147869409062
OTU_854,phylum_4,class_27,order_40,422.292466201587
OTU_855,phylum_4,class_7,order_40,387.924743044656
OTU_856,phylum_1,class_9,order_53,420.555037993472
OTU_857,phylum_3,class_9,order_53,839.639234281611
OTU_858,phylum_5,class_22,order_53,104.980882202741
OTU_859,phylum_4,class_24,order_47,920.424116992624
OTU_860,phylum_3,class_26,order_75,394.847045620438
OTU_861,phylum_4,class_15,order_77,112.426039309008
OTU_862,phylum_1,class_7,order_33,576.312735557789
OTU_863,phylum_5,class_6,order_56,601.259591827169
OTU_864,phylum_1,class_19,order_56,812.263490236131
OTU_865,phylum_4,class_12,order_65,99.5424624956213
OTU_866,phylum_5,class_23,order_61,281.137545898557
OTU_867,phylum_1,class_19,order_40,236.575932839187
OTU_868,phylum_5,class_30,order_40,340.217345744371
OTU_869,phylum_2,class_6,order_49,629.160587556195
OTU_870,phylum_3,class_14,order_56,241.427519661374
OTU_871,phylum_4,class_26,order_66,88.8994255184662
OTU_872,phylum_3,class_24,order_57,456.322645970853
OTU_873,phylum_4,class_28,order_51,191.06236880389
OTU_874,phylum_2,class_8,order_72,565.744084291626
OTU_875,phylum_2,class_9,order_57,383.400552763138
OTU_876,phylum_4,class_25,order_45,915.122348965844
OTU_877,phylum_2,class_8,order_32,323.957044601673
OTU_878,phylum_5,class_12,order_66,537.508488002466
OTU_879,phylum_1,class_22,order_40,729.624622692121
OTU_880,phylum_2,class_26,order_58,500.031620807713
OTU_881,phylum_5,class_20,order_44,949.654583903961
OTU_882,phylum_4,class_25,order_47,756.297247739043
OTU_883,phylum_3,class_10,order_76,425.055997335818
OTU_884,phylum_1,class_28,order_36,215.711022814503
OTU_885,phylum_4,class_27,order_52,813.73425458814
OTU_886,phylum_2,class_15,order_55,900.135711812181
OTU_887,phylum_4,class_30,order_45,441.173376193736
OTU_888,phylum_1,class_11,order_34,116.204660328105
OTU_889,phylum_2,class_28,order_49,856.306795819663
OTU_890,phylum_4,class_7,order_39,54.3986987452954
OTU_891,phylum_1,class_19,order_40,829.706494038925
OTU_892,phylum_4,class_24,order_42,712.586919880705
OTU_893,phylum_4,class_8,order_64,785.042632841738
OTU_894,phylum_5,class_26,order_33,86.2797454320826
OTU_895,phylum_5,class_17,order_42,629.943660424789
OTU_896,phylum_3,class_28,order_77,485.384606233565
OTU_897,phylum_2,class_18,order_65,747.411125782179
OTU_898,phylum_3,class_20,order_77,657.86292740982
OTU_899,phylum_3,class_17,order_65,785.965787743218
OTU_900,phylum_5,class_14,order_73,805.862741736462
OTU_901,phylum_4,class_28,order_41,380.337104426464
OTU_902,phylum_3,class_23,order_77,691.816693215165
OTU_903,phylum_1,class_22,order_60,597.465176486177
OTU_904,phylum_5,class_23,order_34,51.4097191570327
OTU_905,phylum_5,class_9,order_65,773.860243403818
OTU_906,phylum_4,class_30,order_37,41.9315685452893
OTU_907,phylum_3,class_28,order_80,333.500484256539
OTU_908,phylum_5,class_11,order_53,539.288531386293
OTU_909,phylum_1,class_16,order_42,932.387524762657
OTU_910,phylum_4,class_15,order_44,869.768394712824
OTU_911,phylum_3,class_7,order_44,351.4218773311
OTU_912,phylum_3,class_18,order_62,744.293444009032
OTU_913,phylum_1,class_18,order_47,412.716200249968
OTU_914,phylum_2,class_26,order_44,971.921792184003
OTU_915,phylum_4,class_26,order_66,85.4428452427965
OTU_916,phylum_2,class_13,order_49,569.413836276159
OTU_917,phylum_5,class_16,order_53,907.811450341018
OTU_918,phylum_4,class_29,order_75,969.53607223602
OTU_919,phylum_1,class_17,order_56,902.81025474472
OTU_920,phylum_2,class_20,order_62,334.967999682296
OTU_921,phylum_1,class_8,order_59,502.14727562177
OTU_922,phylum_1,class_23,order_79,434.368218482705
OTU_923,phylum_1,class_16,order_35,623.314429697813
OTU_924,phylum_5,class_30,order_54,514.335951815126
OTU_925,phylum_4,class_14,order_41,127.220846300945
OTU_926,phylum_3,class_20,order_53,236.779960197629
OTU_927,phylum_5,class_10,order_47,56.0402294336818
OTU_928,phylum_5,class_6,order_36,482.794439088088
OTU_929,phylum_1,class_26,order_79,335.89325261605
OTU_930,phylum_2,class_29,order_31,21.5276922739577
OTU_931,phylum_5,class_8,order_76,451.216731582768
OTU_932,phylum_4,class_17,order_77,105.984915317968
OTU_933,phylum_3,class_28,order_39,878.12935779267
OTU_934,phylum_4,class_7,order_67,498.640809162753
OTU_935,phylum_1,class_6,order_57,691.511905879714
OTU_936,phylum_1,class_11,order_59,498.726210240973
OTU_937,phylum_1,class_20,order_39,269.255363843404
OTU_938,phylum_3,class_15,order_70,124.684811877087
OTU_939,phylum_4,class_17,order_73,784.197133278707
OTU_940,phylum_4,class_29,order_56,916.949439909309
OTU_941,phylum_4,class_18,order_80,974.548947266303
OTU_942,phylum_5,class_28,order_41,925.167787268292
OTU_943,phylum_3,class_7,order_78,128.648523071082
OTU_944,phylum_3,class_24,order_68,464.981016987935
OTU_945,phylum_4,class_22,order_46,562.248079617042
OTU_946,phylum_5,class_20,order_41,323.1439984811
OTU_947,phylum_3,class_27,order_64,140.609777915757
OTU_948,phylum_2,class_6,order_34,211.86135921278
OTU_949,phylum_5,class_6,order_43,646.065582615789
OTU_950,phylum_4,class_26,order_70,696.27063616598
OTU_951,phylum_5,class_15,order_68,890.421327185817
OTU_952,phylum_2,class_10,order_34,151.840596544323
OTU_953,phylum_1,class_15,order_73,236.339736505412
OTU_954,phylum_4,class_15,order_55,479.962089704117
OTU_955,phylum_3,class_29,order_68,327.54138015653
OTU_956,phylum_5,class_19,order_77,94.0705193961039
OTU_957,phylum_4,class_15,order_38,583.376080097631
OTU_958,phylum_1,class_20,order_72,244.399405636359
OTU_959,phylum_3,class_24,order_40,325.085855511483
OTU_960,phylum_4,class_9,order_63,240.100074638613
OTU_961,phylum_3,class_13,order_40,294.436118612764
OTU_962,phylum_2,class_28,order_60,457.547747723293
OTU_963,phylum_5,class_22,order_64,186.606981885852
OTU_964,phylum_4,class_18,order_60,666.982361720176
OTU_965,phylum_1,class_23,order_74,787.360985950334
OTU_966,phylum_2,class_18,order_75,602.069629295031
OTU_967,phylum_2,class_22,order_33,349.220226918813
OTU_968,phylum_5,class_21,order_41,193.91583085875
OTU_969,phylum_3,class_7,order_67,239.843148257351
OTU_970,phylum_5,class_12,order_69,876.591709009139
OTU_971,phylum_3,class_24,order_35,665.151737615932
OTU_972,phylum_3,class_8,order_43,129.94508933858
OTU_973,phylum_4,class_11,order_61,781.462666171603
OTU_974,phylum_1,class_23,order_31,405.761358403135
OTU_975,phylum_1,class_22,order_74,544.610501230927
OTU_976,phylum_5,class_22,order_43,184.599459701683
OTU_977,phylum_3,class_6,order_78,127.044709048467
OTU_978,phylum_4,class_6,order_46,909.884116659872
OTU_979,phylum_5,class_9,order_77,478.515484589152
OTU_980,phylum_3,class_22,order_68,453.032689231914
OTU_981,phylum_5,class_13,order_45,277.014020003611
OTU_982,phylum_4,class_20,order_61,729.057619468542
OTU_983,phylum_3,class_17,order_77,233.560505716596
OTU_984,phylum_4,class_11,order_78,54.5910294575151
OTU_985,phylum_2,class_27,order_70,905.612262674375
OTU_986,phylum_3,class_29,order_68,503.798055794789
OTU_987,phylum_5,class_30,order_77,649.079102203716
OTU_988,phylum_3,class_30,order_44,683.919323395006
OTU_989,phylum_1,class_8,order_60,539.990348069696
OTU_990,phylum_1,class_29,order_33,857.053155216854
OTU_991,phylum_2,class_24,order_39,292.56735870149
OTU_992,phylum_1,class_24,order_72,329.40256063547
OTU_993,phylum_3,class_11,order_60,839.868159840349
OTU_994,phylum_1,class_18,order_56,457.948943130672
OTU_995,phylum_3,class_21,order_51,404.275698254583
OTU_996,phylum_5,class_29,order_37,268.638436755631
OTU_997,phylum_4,class_24,order_44,497.303407092812
OTU_998,phylum_1,class_7,order_44,479.996940067038
OTU_999,phylum_5,class_8,order_57,818.425120043103
OTU_1000,phylum_5,class_15,order_53,223.174846127862
