<?xml version="1.0"?>
<!DOCTYPE pathway SYSTEM "https://www.kegg.jp/kegg/xml/KGML_v0.7.2_.dtd">
<!-- Creation date: Apr 11, 2018 17:06:20 +0900 (GMT+9) -->
<pathway name="path:hsa05226" org="hsa" number="05226"
         title="Gastric cancer"
         image="https://www.kegg.jp/kegg/pathway/hsa/hsa05226.png"
         link="https://www.kegg.jp/kegg-bin/show_pathway?hsa05226">
    <entry id="4" name="path:hsa05226" type="map"
        link="https://www.kegg.jp/dbget-bin/www_bget?hsa05226">
        <graphics name="TITLE:Gastric cancer" fgcolor="#000000" bgcolor="#FFFFFF"
             type="roundrectangle" x="123" y="58" width="166" height="25"/>
    </entry>
    <entry id="8" name="hsa:3265 hsa:3845 hsa:4893" type="gene"
        link="https://www.kegg.jp/dbget-bin/www_bget?hsa:3265+hsa:3845+hsa:4893">
        <graphics name="HRAS, C-BAS/HAS, C-H-RAS, C-HA-RAS1, CTLO, H-RASIDX, HAMSV, HRAS1, RASH1, p21ras..." fgcolor="#000000" bgcolor="#BFFFBF"
             type="rectangle" x="631" y="543" width="46" height="17"/>
    </entry>
    <entry id="9" name="hsa:369 hsa:5894 hsa:673" type="gene"
        link="https://www.kegg.jp/dbget-bin/www_bget?hsa:369+hsa:5894+hsa:673">
        <graphics name="ARAF, A-RAF, ARAF1, PKS2, RAFA1..." fgcolor="#000000" bgcolor="#BFFFBF"
             type="rectangle" x="706" y="543" width="46" height="17"/>
    </entry>
    <entry id="10" name="hsa:5604 hsa:5605" type="gene"
        link="https://www.kegg.jp/dbget-bin/www_bget?hsa:5604+hsa:5605">
        <graphics name="MAP2K1, CFC3, MAPKK1, MEK1, MEL, MKK1, PRKMK1..." fgcolor="#000000" bgcolor="#BFFFBF"
             type="rectangle" x="781" y="543" width="46" height="17"/>
    </entry>
    <entry id="11" name="hsa:5594 hsa:5595" type="gene"
        link="https://www.kegg.jp/dbget-bin/www_bget?hsa:5594+hsa:5595">
        <graphics name="MAPK1, ERK, ERK-2, ERK2, ERT1, MAPK2, NS13, P42MAPK, PRKM1, PRKM2, p38, p40, p41, p41mapk, p42-MAPK..." fgcolor="#000000" bgcolor="#BFFFBF"
             type="rectangle" x="857" y="542" width="46" height="16"/>
    </entry>
    <entry id="15" name="hsa:25759 hsa:399694 hsa:53358 hsa:6464" type="gene"
        link="https://www.kegg.jp/dbget-bin/www_bget?hsa:25759+hsa:399694+hsa:53358+hsa:6464">
        <graphics name="SHC2, SCK, SHCB, SLI..." fgcolor="#000000" bgcolor="#BFFFBF"
             type="rectangle" x="405" y="543" width="46" height="17"/>
    </entry>
    <entry id="16" name="hsa:2885" type="gene"
        link="https://www.kegg.jp/dbget-bin/www_bget?hsa:2885">
        <graphics name="GRB2, ASH, EGFRBP-GRB2, Grb3-3, MST084, MSTP084, NCKAP2" fgcolor="#000000" bgcolor="#BFFFBF"
             type="rectangle" x="481" y="543" width="46" height="17"/>
    </entry>
    <entry id="17" name="hsa:6654 hsa:6655" type="gene"
        link="https://www.kegg.jp/dbget-bin/www_bget?hsa:6654+hsa:6655">
        <graphics name="SOS1, GF1, GGF1, GINGF, HGF, NS4, SOS-1..." fgcolor="#000000" bgcolor="#BFFFBF"
             type="rectangle" x="556" y="543" width="46" height="17"/>
    </entry>
    <entry id="21" name="hsa:2475" type="gene"
        link="https://www.kegg.jp/dbget-bin/www_bget?hsa:2475">
        <graphics name="MTOR, FRAP, FRAP1, FRAP2, RAFT1, RAPT1, SKS" fgcolor="#000000" bgcolor="#BFFFBF"
             type="rectangle" x="726" y="606" width="46" height="17"/>
    </entry>
    <entry id="22" name="hsa:6198 hsa:6199" type="gene"
        link="https://www.kegg.jp/dbget-bin/www_bget?hsa:6198+hsa:6199">
        <graphics name="RPS6KB1, PS6K, S6K, S6K-beta-1, S6K1, STK14A, p70_S6KA, p70(S6K)-alpha, p70-S6K, p70-alpha..." fgcolor="#000000" bgcolor="#BFFFBF"
             type="rectangle" x="823" y="606" width="46" height="17"/>
    </entry>
    <entry id="24" name="path:hsa04151" type="map"
        link="https://www.kegg.jp/dbget-bin/www_bget?hsa04151">
        <graphics name="PI3K-Akt signaling pathway" fgcolor="#000000" bgcolor="#FFFFFF"
             type="roundrectangle" x="539" y="584" width="116" height="34"/>
    </entry>
    <entry id="26" name="hsa:3265 hsa:3845 hsa:4893" type="gene"
        link="https://www.kegg.jp/dbget-bin/www_bget?hsa:3265+hsa:3845+hsa:4893">
        <graphics name="HRAS, C-BAS/HAS, C-H-RAS, C-HA-RAS1, CTLO, H-RASIDX, HAMSV, HRAS1, RASH1, p21ras..." fgcolor="#000000" bgcolor="#BFFFBF"
             type="rectangle" x="610" y="933" width="46" height="17"/>
    </entry>
    <entry id="27" name="hsa:369 hsa:5894 hsa:673" type="gene"
        link="https://www.kegg.jp/dbget-bin/www_bget?hsa:369+hsa:5894+hsa:673">
        <graphics name="ARAF, A-RAF, ARAF1, PKS2, RAFA1..." fgcolor="#000000" bgcolor="#BFFFBF"
             type="rectangle" x="696" y="933" width="46" height="17"/>
    </entry>
    <entry id="28" name="hsa:5604 hsa:5605" type="gene"
        link="https://www.kegg.jp/dbget-bin/www_bget?hsa:5604+hsa:5605">
        <graphics name="MAP2K1, CFC3, MAPKK1, MEK1, MEL, MKK1, PRKMK1..." fgcolor="#000000" bgcolor="#BFFFBF"
             type="rectangle" x="783" y="933" width="46" height="17"/>
    </entry>
    <entry id="29" name="hsa:5594 hsa:5595" type="gene"
        link="https://www.kegg.jp/dbget-bin/www_bget?hsa:5594+hsa:5595">
        <graphics name="MAPK1, ERK, ERK-2, ERK2, ERT1, MAPK2, NS13, P42MAPK, PRKM1, PRKM2, p38, p40, p41, p41mapk, p42-MAPK..." fgcolor="#000000" bgcolor="#BFFFBF"
             type="rectangle" x="870" y="932" width="46" height="16"/>
    </entry>
    <entry id="31" name="hsa:2885" type="gene"
        link="https://www.kegg.jp/dbget-bin/www_bget?hsa:2885">
        <graphics name="GRB2, ASH, EGFRBP-GRB2, Grb3-3, MST084, MSTP084, NCKAP2" fgcolor="#000000" bgcolor="#BFFFBF"
             type="rectangle" x="440" y="933" width="46" height="17"/>
    </entry>
    <entry id="32" name="hsa:6654 hsa:6655" type="gene"
        link="https://www.kegg.jp/dbget-bin/www_bget?hsa:6654+hsa:6655">
        <graphics name="SOS1, GF1, GGF1, GINGF, HGF, NS4, SOS-1..." fgcolor="#000000" bgcolor="#BFFFBF"
             type="rectangle" x="525" y="933" width="46" height="17"/>
    </entry>
    <entry id="35" name="hsa:2475" type="gene"
        link="https://www.kegg.jp/dbget-bin/www_bget?hsa:2475">
        <graphics name="MTOR, FRAP, FRAP1, FRAP2, RAFT1, RAPT1, SKS" fgcolor="#000000" bgcolor="#BFFFBF"
             type="rectangle" x="761" y="985" width="46" height="17"/>
    </entry>
    <entry id="36" name="hsa:5290 hsa:5291 hsa:5293 hsa:5295 hsa:5296 hsa:8503" type="gene"
        link="https://www.kegg.jp/dbget-bin/www_bget?hsa:5290+hsa:5291+hsa:5293+hsa:5295+hsa:5296+hsa:8503">
        <graphics name="PIK3CA, CCM4, CLAPO, CLOVE, CWS5, MCAP, MCM, MCMTC, PI3K, PI3K-alpha, p110-alpha..." fgcolor="#000000" bgcolor="#BFFFBF"
             type="rectangle" x="442" y="622" width="46" height="17"/>
    </entry>
    <entry id="37" name="hsa:10000 hsa:207 hsa:208" type="gene"
        link="https://www.kegg.jp/dbget-bin/www_bget?hsa:10000+hsa:207+hsa:208">
        <graphics name="AKT3, MPPH, MPPH2, PKB-GAMMA, PKBG, PRKBG, RAC-PK-gamma, RAC-gamma, STK-2..." fgcolor="#000000" bgcolor="#BFFFBF"
             type="rectangle" x="605" y="622" width="46" height="17"/>
    </entry>
    <entry id="40" name="cpd:C05981" type="compound"
        link="https://www.kegg.jp/dbget-bin/www_bget?C05981">
        <graphics name="C05981" fgcolor="#000000" bgcolor="#FFFFFF"
             type="circle" x="521" y="621" width="8" height="8"/>
    </entry>
    <entry id="42" name="hsa:5290 hsa:5291 hsa:5293 hsa:5295 hsa:5296 hsa:8503" type="gene"
        link="https://www.kegg.jp/dbget-bin/www_bget?hsa:5290+hsa:5291+hsa:5293+hsa:5295+hsa:5296+hsa:8503">
        <graphics name="PIK3CA, CCM4, CLAPO, CLOVE, CWS5, MCAP, MCM, MCMTC, PI3K, PI3K-alpha, p110-alpha..." fgcolor="#000000" bgcolor="#BFFFBF"
             type="rectangle" x="525" y="1001" width="46" height="17"/>
    </entry>
    <entry id="43" name="hsa:10000 hsa:207 hsa:208" type="gene"
        link="https://www.kegg.jp/dbget-bin/www_bget?hsa:10000+hsa:207+hsa:208">
        <graphics name="AKT3, MPPH, MPPH2, PKB-GAMMA, PKBG, PRKBG, RAC-PK-gamma, RAC-gamma, STK-2..." fgcolor="#000000" bgcolor="#BFFFBF"
             type="rectangle" x="660" y="1001" width="46" height="17"/>
    </entry>
    <entry id="47" name="cpd:C05981" type="compound"
        link="https://www.kegg.jp/dbget-bin/www_bget?C05981">
        <graphics name="C05981" fgcolor="#000000" bgcolor="#FFFFFF"
             type="circle" x="591" y="1001" width="8" height="8"/>
    </entry>
    <entry id="49" name="hsa:595" type="gene"
        link="https://www.kegg.jp/dbget-bin/www_bget?hsa:595">
        <graphics name="CCND1, BCL1, D11S287E, PRAD1, U21B31" fgcolor="#000000" bgcolor="#BFFFBF"
             type="rectangle" x="1083" y="422" width="46" height="17"/>
    </entry>
    <entry id="50" name="hsa:4609" type="gene"
        link="https://www.kegg.jp/dbget-bin/www_bget?hsa:4609">
        <graphics name="MYC, MRTL, MYCC, bHLHe39, c-Myc" fgcolor="#000000" bgcolor="#BFFFBF"
             type="rectangle" x="1083" y="399" width="46" height="17"/>
    </entry>
    <entry id="51" name="hsa:51176 hsa:6932 hsa:6934 hsa:83439" type="gene"
        link="https://www.kegg.jp/dbget-bin/www_bget?hsa:51176+hsa:6932+hsa:6934+hsa:83439">
        <graphics name="LEF1, LEF-1, TCF10, TCF1ALPHA, TCF7L3..." fgcolor="#000000" bgcolor="#BFFFBF"
             type="rectangle" x="967" y="411" width="46" height="17"/>
    </entry>
    <entry id="52" name="hsa:122011 hsa:1452" type="gene"
        link="https://www.kegg.jp/dbget-bin/www_bget?hsa:122011+hsa:1452">
        <graphics name="CSNK1A1L, CK1..." fgcolor="#000000" bgcolor="#BFFFBF"
             type="rectangle" x="691" y="428" width="46" height="17"/>
    </entry>
    <entry id="53" name="hsa:8312 hsa:8313" type="gene"
        link="https://www.kegg.jp/dbget-bin/www_bget?hsa:8312+hsa:8313">
        <graphics name="AXIN1, AXIN, PPP1R49..." fgcolor="#000000" bgcolor="#BFFFBF"
             type="rectangle" x="585" y="428" width="46" height="17"/>
    </entry>
    <entry id="54" name="hsa:10297 hsa:324" type="gene"
        link="https://www.kegg.jp/dbget-bin/www_bget?hsa:10297+hsa:324">
        <graphics name="APC2, APCL, MRT74..." fgcolor="#000000" bgcolor="#BFFFBF"
             type="rectangle" x="631" y="428" width="46" height="17"/>
    </entry>
    <entry id="55" name="hsa:1499" type="gene"
        link="https://www.kegg.jp/dbget-bin/www_bget?hsa:1499">
        <graphics name="CTNNB1, CTNNB, EVR7, MRD19, NEDSDV, armadillo" fgcolor="#000000" bgcolor="#BFFFBF"
             type="rectangle" x="661" y="411" width="46" height="17"/>
    </entry>
    <entry id="56" name="hsa:2932" type="gene"
        link="https://www.kegg.jp/dbget-bin/www_bget?hsa:2932">
        <graphics name="GSK3B" fgcolor="#000000" bgcolor="#BFFFBF"
             type="rectangle" x="554" y="411" width="46" height="17"/>
    </entry>
    <entry id="57" name="hsa:10023 hsa:23401" type="gene"
        link="https://www.kegg.jp/dbget-bin/www_bget?hsa:10023+hsa:23401">
        <graphics name="FRAT1..." fgcolor="#000000" bgcolor="#BFFFBF"
             type="rectangle" x="492" y="398" width="46" height="17"/>
    </entry>
    <entry id="58" name="hsa:1855 hsa:1856 hsa:1857" type="gene"
        link="https://www.kegg.jp/dbget-bin/www_bget?hsa:1855+hsa:1856+hsa:1857">
        <graphics name="DVL1, DRS2, DVL, DVL1L1, DVL1P1..." fgcolor="#000000" bgcolor="#BFFFBF"
             type="rectangle" x="446" y="411" width="46" height="17"/>
    </entry>
    <entry id="59" name="hsa:4040 hsa:4041" type="gene"
        link="https://www.kegg.jp/dbget-bin/www_bget?hsa:4040+hsa:4041">
        <graphics name="LRP6, ADCAD2, STHAG7..." fgcolor="#000000" bgcolor="#BFFFBF"
             type="rectangle" x="324" y="428" width="46" height="17"/>
    </entry>
    <entry id="60" name="hsa:11211 hsa:2535 hsa:7855 hsa:7976 hsa:8321 hsa:8322 hsa:8323 hsa:8324 hsa:8325 hsa:8326" type="gene"
        link="https://www.kegg.jp/dbget-bin/www_bget?hsa:11211+hsa:2535+hsa:7855+hsa:7976+hsa:8321+hsa:8322+hsa:8323+hsa:8324+hsa:8325+hsa:8326">
        <graphics name="FZD10, CD350, FZ-10, Fz10, FzE7, hFz10..." fgcolor="#000000" bgcolor="#BFFFBF"
             type="rectangle" x="324" y="411" width="46" height="17"/>
    </entry>
    <entry id="61" name="hsa:51384 hsa:54361 hsa:7471 hsa:7472 hsa:7473 hsa:7474 hsa:7475 hsa:7476 hsa:7477 hsa:7478 hsa:7479 hsa:7480 hsa:7481 hsa:7482 hsa:7483 hsa:7484 hsa:80326 hsa:81029 hsa:89780" type="gene"
        link="https://www.kegg.jp/dbget-bin/www_bget?hsa:51384+hsa:54361+hsa:7471+hsa:7472+hsa:7473+hsa:7474+hsa:7475+hsa:7476+hsa:7477+hsa:7478+hsa:7479+hsa:7480+hsa:7481+hsa:7482+hsa:7483+hsa:7484+hsa:80326+hsa:81029+hsa:89780">
        <graphics name="WNT16..." fgcolor="#000000" bgcolor="#BFFFBF"
             type="rectangle" x="215" y="420" width="46" height="17"/>
    </entry>
    <entry id="72" name="path:hsa04310" type="map"
        link="https://www.kegg.jp/dbget-bin/www_bget?hsa04310">
        <graphics name="Wnt signaling pathway" fgcolor="#000000" bgcolor="#FFFFFF"
             type="roundrectangle" x="832" y="435" width="116" height="34"/>
    </entry>
    <entry id="73" name="path:hsa04115" type="map"
        link="https://www.kegg.jp/dbget-bin/www_bget?hsa04115">
        <graphics name="p53 signaling pathway" fgcolor="#000000" bgcolor="#FFFFFF"
             type="roundrectangle" x="997" y="274" width="116" height="34"/>
    </entry>
    <entry id="75" name="path:hsa04110" type="map"
        link="https://www.kegg.jp/dbget-bin/www_bget?hsa04110">
        <graphics name="Cell cycle" fgcolor="#000000" bgcolor="#FFFFFF"
             type="roundrectangle" x="1375" y="645" width="103" height="25"/>
    </entry>
    <entry id="79" name="hsa:7157" type="gene"
        link="https://www.kegg.jp/dbget-bin/www_bget?hsa:7157">
        <graphics name="TP53, BCC7, BMFS5, LFS1, P53, TRP53" fgcolor="#000000" bgcolor="#BFFFBF"
             type="rectangle" x="1102" y="306" width="46" height="17"/>
    </entry>
    <entry id="85" name="hsa:1026" type="gene"
        link="https://www.kegg.jp/dbget-bin/www_bget?hsa:1026">
        <graphics name="CDKN1A, CAP20, CDKN1, CIP1, MDA-6, P21, SDI1, WAF1, p21CIP1" fgcolor="#000000" bgcolor="#BFFFBF"
             type="rectangle" x="1232" y="286" width="46" height="17"/>
    </entry>
    <entry id="86" name="hsa:10912 hsa:1647 hsa:4616" type="gene"
        link="https://www.kegg.jp/dbget-bin/www_bget?hsa:10912+hsa:1647+hsa:4616">
        <graphics name="GADD45G, CR6, DDIT2, GADD45gamma, GRP17..." fgcolor="#000000" bgcolor="#BFFFBF"
             type="rectangle" x="1284" y="286" width="46" height="17"/>
    </entry>
    <entry id="87" name="hsa:581" type="gene"
        link="https://www.kegg.jp/dbget-bin/www_bget?hsa:581">
        <graphics name="BAX, BCL2L4" fgcolor="#000000" bgcolor="#BFFFBF"
             type="rectangle" x="1232" y="308" width="46" height="17"/>
    </entry>
    <entry id="88" name="hsa:578" type="gene"
        link="https://www.kegg.jp/dbget-bin/www_bget?hsa:578">
        <graphics name="BAK1, BAK, BAK-LIKE, BCL2L7, CDN1" fgcolor="#000000" bgcolor="#BFFFBF"
             type="rectangle" x="1284" y="308" width="46" height="17"/>
    </entry>
    <entry id="89" name="hsa:1643" type="gene"
        link="https://www.kegg.jp/dbget-bin/www_bget?hsa:1643">
        <graphics name="DDB2, DDBB, UV-DDB2, XPE" fgcolor="#000000" bgcolor="#BFFFBF"
             type="rectangle" x="1232" y="330" width="46" height="17"/>
    </entry>
    <entry id="90" name="hsa:51426" type="gene"
        link="https://www.kegg.jp/dbget-bin/www_bget?hsa:51426">
        <graphics name="POLK, DINB1, DINP, POLQ" fgcolor="#000000" bgcolor="#BFFFBF"
             type="rectangle" x="1284" y="330" width="46" height="17"/>
    </entry>
    <entry id="93" name="path:hsa05120" type="map"
        link="https://www.kegg.jp/dbget-bin/www_bget?hsa05120">
        <graphics name="Epithelial cell signaling in Helicobacter pylori infection" fgcolor="#000000" bgcolor="#FFFFFF"
             type="roundrectangle" x="465" y="125" width="168" height="34"/>
    </entry>
    <entry id="95" name="hsa:7040 hsa:7042 hsa:7043" type="gene"
        link="https://www.kegg.jp/dbget-bin/www_bget?hsa:7040+hsa:7042+hsa:7043">
        <graphics name="TGFB1, CED, DPD1, IBDIMDE, LAP, TGF-beta1, TGFB, TGFbeta..." fgcolor="#000000" bgcolor="#BFFFBF"
             type="rectangle" x="215" y="723" width="46" height="17"/>
    </entry>
    <entry id="96" name="hsa:4087 hsa:4088" type="gene"
        link="https://www.kegg.jp/dbget-bin/www_bget?hsa:4087+hsa:4088">
        <graphics name="SMAD2, CHTD8, JV18, JV18-1, LDS6, MADH2, MADR2, hMAD-2, hSMAD2..." fgcolor="#000000" bgcolor="#BFFFBF"
             type="rectangle" x="475" y="724" width="46" height="17"/>
    </entry>
    <entry id="97" name="hsa:7046" type="gene"
        link="https://www.kegg.jp/dbget-bin/www_bget?hsa:7046">
        <graphics name="TGFBR1, AAT5, ACVRLK4, ALK-5, ALK5, ESS1, LDS1, LDS1A, LDS2A, MSSE, SKR4, TBR-i, TBRI, TGFR-1, tbetaR-I" fgcolor="#000000" bgcolor="#BFFFBF"
             type="rectangle" x="324" y="715" width="46" height="17"/>
    </entry>
    <entry id="98" name="hsa:4089" type="gene"
        link="https://www.kegg.jp/dbget-bin/www_bget?hsa:4089">
        <graphics name="SMAD4, DPC4, JIP, MADH4, MYHRS" fgcolor="#000000" bgcolor="#BFFFBF"
             type="rectangle" x="475" y="756" width="46" height="17"/>
    </entry>
    <entry id="99" name="hsa:7048" type="gene"
        link="https://www.kegg.jp/dbget-bin/www_bget?hsa:7048">
        <graphics name="TGFBR2, AAT3, FAA3, LDS1B, LDS2, LDS2B, MFS2, RIIC, TAAD2, TBR-ii, TBRII, TGFR-2, TGFbeta-RII, tbetaR-II" fgcolor="#000000" bgcolor="#BFFFBF"
             type="rectangle" x="324" y="732" width="46" height="17"/>
    </entry>
    <entry id="108" name="hsa:3082" type="gene"
        link="https://www.kegg.jp/dbget-bin/www_bget?hsa:3082">
        <graphics name="HGF, DFNB39, F-TCF, HGFB, HPTA, SF" fgcolor="#000000" bgcolor="#BFFFBF"
             type="rectangle" x="215" y="958" width="46" height="17"/>
    </entry>
    <entry id="109" name="hsa:4233" type="gene"
        link="https://www.kegg.jp/dbget-bin/www_bget?hsa:4233">
        <graphics name="MET, AUTS9, DA11, DFNB97, HGFR, RCCP2, c-Met" fgcolor="#000000" bgcolor="#BFFFBF"
             type="rectangle" x="324" y="958" width="46" height="17"/>
    </entry>
    <entry id="110" name="hsa:7015" type="gene"
        link="https://www.kegg.jp/dbget-bin/www_bget?hsa:7015">
        <graphics name="TERT, CMM9, DKCA2, DKCB4, EST2, PFBMFT1, TCS1, TP2, TRT, hEST2, hTRT" fgcolor="#000000" bgcolor="#BFFFBF"
             type="rectangle" x="1083" y="453" width="46" height="17"/>
    </entry>
    <entry id="117" name="hsa:7012" type="gene"
        link="https://www.kegg.jp/dbget-bin/www_bget?hsa:7012">
        <graphics name="TERC, DKCA1, PFBMFT2, SCARNA19, TER, TR, TRC3, hTR" fgcolor="#000000" bgcolor="#BFFFBF"
             type="rectangle" x="1083" y="470" width="46" height="17"/>
    </entry>
    <entry id="118" name="cpd:C00039" type="compound"
        link="https://www.kegg.jp/dbget-bin/www_bget?C00039">
        <graphics name="C00039" fgcolor="#000000" bgcolor="#FFFFFF"
             type="circle" x="1165" y="446" width="8" height="8"/>
    </entry>
    <entry id="129" name="hsa:2549" type="gene"
        link="https://www.kegg.jp/dbget-bin/www_bget?hsa:2549">
        <graphics name="GAB1, DFNB26" fgcolor="#000000" bgcolor="#BFFFBF"
             type="rectangle" x="440" y="1001" width="46" height="17"/>
    </entry>
    <entry id="135" name="path:hsa04350" type="map"
        link="https://www.kegg.jp/dbget-bin/www_bget?hsa04350">
        <graphics name="TGF-beta signaling pathway" fgcolor="#000000" bgcolor="#FFFFFF"
             type="roundrectangle" x="832" y="697" width="116" height="34"/>
    </entry>
    <entry id="136" name="path:hsa04010" type="map"
        link="https://www.kegg.jp/dbget-bin/www_bget?hsa04010">
        <graphics name="MAPK signaling pathway" fgcolor="#000000" bgcolor="#FFFFFF"
             type="roundrectangle" x="544" y="964" width="116" height="34"/>
    </entry>
    <entry id="139" name="hsa:2064" type="gene"
        link="https://www.kegg.jp/dbget-bin/www_bget?hsa:2064">
        <graphics name="ERBB2, CD340, HER-2, HER-2/neu, HER2, MLN_19, MLN-19, NEU, NGL, TKR1, VSCN2, c-ERB-2, c-ERB2, p185(erbB2)" fgcolor="#000000" bgcolor="#BFFFBF"
             type="rectangle" x="324" y="594" width="46" height="17"/>
    </entry>
    <entry id="140" name="hsa:7015" type="gene"
        link="https://www.kegg.jp/dbget-bin/www_bget?hsa:7015">
        <graphics name="TERT, CMM9, DKCA2, DKCB4, EST2, PFBMFT1, TCS1, TP2, TRT, hEST2, hTRT" fgcolor="#000000" bgcolor="#BFFFBF"
             type="rectangle" x="1088" y="984" width="46" height="17"/>
    </entry>
    <entry id="143" name="hsa:7012" type="gene"
        link="https://www.kegg.jp/dbget-bin/www_bget?hsa:7012">
        <graphics name="TERC, DKCA1, PFBMFT2, SCARNA19, TER, TR, TRC3, hTR" fgcolor="#000000" bgcolor="#BFFFBF"
             type="rectangle" x="1088" y="1001" width="46" height="17"/>
    </entry>
    <entry id="144" name="cpd:C00039" type="compound"
        link="https://www.kegg.jp/dbget-bin/www_bget?C00039">
        <graphics name="C00039" fgcolor="#000000" bgcolor="#FFFFFF"
             type="circle" x="1170" y="977" width="8" height="8"/>
    </entry>
    <entry id="149" name="hsa:1045" type="gene"
        link="https://www.kegg.jp/dbget-bin/www_bget?hsa:1045">
        <graphics name="CDX2, CDX-3, CDX2/AS, CDX3" fgcolor="#000000" bgcolor="#BFFFBF"
             type="rectangle" x="836" y="228" width="46" height="17"/>
    </entry>
    <entry id="153" name="hsa:999" type="gene"
        link="https://www.kegg.jp/dbget-bin/www_bget?hsa:999">
        <graphics name="CDH1, Arc-1, BCDS1, CD324, CDHE, ECAD, LCAM, UVO" fgcolor="#000000" bgcolor="#BFFFBF"
             type="rectangle" x="324" y="876" width="46" height="17"/>
    </entry>
    <entry id="154" name="hsa:1495 hsa:1496 hsa:29119" type="gene"
        link="https://www.kegg.jp/dbget-bin/www_bget?hsa:1495+hsa:1496+hsa:29119">
        <graphics name="CTNNA1, CAP102, MDPT2..." fgcolor="#000000" bgcolor="#BFFFBF"
             type="rectangle" x="385" y="854" width="46" height="17"/>
    </entry>
    <entry id="155" name="hsa:1499" type="gene"
        link="https://www.kegg.jp/dbget-bin/www_bget?hsa:1499">
        <graphics name="CTNNB1, CTNNB, EVR7, MRD19, NEDSDV, armadillo" fgcolor="#000000" bgcolor="#BFFFBF"
             type="rectangle" x="437" y="875" width="46" height="17"/>
    </entry>
    <entry id="156" name="hsa:3728" type="gene"
        link="https://www.kegg.jp/dbget-bin/www_bget?hsa:3728">
        <graphics name="JUP, CTNNG, DP3, DPIII, PDGB, PG, PKGB" fgcolor="#000000" bgcolor="#BFFFBF"
             type="rectangle" x="385" y="899" width="46" height="17"/>
    </entry>
    <entry id="157" name="hsa:4609" type="gene"
        link="https://www.kegg.jp/dbget-bin/www_bget?hsa:4609">
        <graphics name="MYC, MRTL, MYCC, bHLHe39, c-Myc" fgcolor="#000000" bgcolor="#BFFFBF"
             type="rectangle" x="1117" y="866" width="46" height="17"/>
    </entry>
    <entry id="158" name="hsa:595" type="gene"
        link="https://www.kegg.jp/dbget-bin/www_bget?hsa:595">
        <graphics name="CCND1, BCL1, D11S287E, PRAD1, U21B31" fgcolor="#000000" bgcolor="#BFFFBF"
             type="rectangle" x="1117" y="889" width="46" height="17"/>
    </entry>
    <entry id="159" name="path:hsa04520" type="map"
        link="https://www.kegg.jp/dbget-bin/www_bget?hsa04520">
        <graphics name="Adherens junction" fgcolor="#000000" bgcolor="#FFFFFF"
             type="roundrectangle" x="711" y="857" width="122" height="25"/>
    </entry>
    <entry id="167" name="hsa:898 hsa:9134" type="gene"
        link="https://www.kegg.jp/dbget-bin/www_bget?hsa:898+hsa:9134">
        <graphics name="CCNE1, CCNE, pCCNE1..." fgcolor="#000000" bgcolor="#BFFFBF"
             type="rectangle" x="1166" y="645" width="46" height="17"/>
    </entry>
    <entry id="168" name="hsa:1017" type="gene"
        link="https://www.kegg.jp/dbget-bin/www_bget?hsa:1017">
        <graphics name="CDK2, CDKN2, p33(CDK2)" fgcolor="#000000" bgcolor="#BFFFBF"
             type="rectangle" x="1166" y="628" width="46" height="17"/>
    </entry>
    <entry id="169" name="hsa:1027" type="gene"
        link="https://www.kegg.jp/dbget-bin/www_bget?hsa:1027">
        <graphics name="CDKN1B, CDKN4, KIP1, MEN1B, MEN4, P27KIP1" fgcolor="#000000" bgcolor="#BFFFBF"
             type="rectangle" x="1088" y="628" width="46" height="17"/>
    </entry>
    <entry id="170" name="hsa:1869 hsa:1870 hsa:1871" type="gene"
        link="https://www.kegg.jp/dbget-bin/www_bget?hsa:1869+hsa:1870+hsa:1871">
        <graphics name="E2F1, E2F-1, RBAP1, RBBP3, RBP3..." fgcolor="#000000" bgcolor="#BFFFBF"
             type="rectangle" x="1245" y="674" width="46" height="17"/>
    </entry>
    <entry id="171" name="hsa:5925" type="gene"
        link="https://www.kegg.jp/dbget-bin/www_bget?hsa:5925">
        <graphics name="RB1, OSRC, PPP1R130, RB, p105-Rb, p110-RB1, pRb, pp110" fgcolor="#000000" bgcolor="#BFFFBF"
             type="rectangle" x="1245" y="637" width="46" height="17"/>
    </entry>
    <entry id="184" name="hsa:6469" type="gene"
        link="https://www.kegg.jp/dbget-bin/www_bget?hsa:6469">
        <graphics name="SHH, HHG1, HLP3, HPE3, MCOPCB5, SMMCI, ShhNC, TPT, TPTPS" fgcolor="#000000" bgcolor="#BFFFBF"
             type="rectangle" x="1081" y="248" width="46" height="17"/>
    </entry>
    <entry id="185" name="hsa:7157" type="gene"
        link="https://www.kegg.jp/dbget-bin/www_bget?hsa:7157">
        <graphics name="TP53, BCC7, BMFS5, LFS1, P53, TRP53" fgcolor="#000000" bgcolor="#BFFFBF"
             type="rectangle" x="726" y="644" width="46" height="17"/>
    </entry>
    <entry id="186" name="hsa:596" type="gene"
        link="https://www.kegg.jp/dbget-bin/www_bget?hsa:596">
        <graphics name="BCL2, Bcl-2, PPP1R50" fgcolor="#000000" bgcolor="#BFFFBF"
             type="rectangle" x="823" y="644" width="46" height="17"/>
    </entry>
    <entry id="187" name="hsa:2263" type="gene"
        link="https://www.kegg.jp/dbget-bin/www_bget?hsa:2263">
        <graphics name="FGFR2, BBDS, BEK, BFR-1, CD332, CEK3, CFD1, ECT1, JWS, K-SAM, KGFR, TK14, TK25" fgcolor="#000000" bgcolor="#BFFFBF"
             type="rectangle" x="324" y="990" width="46" height="17"/>
    </entry>
    <entry id="189" name="hsa:2246 hsa:2247 hsa:2248 hsa:2249 hsa:2250 hsa:2251 hsa:2252 hsa:2253 hsa:2254 hsa:2255 hsa:26281 hsa:26291 hsa:27006 hsa:8074 hsa:8817 hsa:8822 hsa:8823 hsa:9965" type="gene"
        link="https://www.kegg.jp/dbget-bin/www_bget?hsa:2246+hsa:2247+hsa:2248+hsa:2249+hsa:2250+hsa:2251+hsa:2252+hsa:2253+hsa:2254+hsa:2255+hsa:26281+hsa:26291+hsa:27006+hsa:8074+hsa:8817+hsa:8822+hsa:8823+hsa:9965">
        <graphics name="FGF1, AFGF, ECGF, ECGF-beta, ECGFA, ECGFB, FGF-1, FGF-alpha, FGFA, GLIO703, HBGF-1, HBGF1..." fgcolor="#000000" bgcolor="#BFFFBF"
             type="rectangle" x="215" y="990" width="46" height="17"/>
    </entry>
    <entry id="191" name="hsa:1030" type="gene"
        link="https://www.kegg.jp/dbget-bin/www_bget?hsa:1030">
        <graphics name="CDKN2B, CDK4I, INK4B, MTS2, P15, TP15, p15INK4b" fgcolor="#000000" bgcolor="#BFFFBF"
             type="rectangle" x="1075" y="712" width="46" height="17"/>
    </entry>
    <entry id="192" name="hsa:1026" type="gene"
        link="https://www.kegg.jp/dbget-bin/www_bget?hsa:1026">
        <graphics name="CDKN1A, CAP20, CDKN1, CIP1, MDA-6, P21, SDI1, WAF1, p21CIP1" fgcolor="#000000" bgcolor="#BFFFBF"
             type="rectangle" x="1075" y="734" width="46" height="17"/>
    </entry>
    <entry id="194" name="cpd:C00777 cpd:C15493" type="compound"
        link="https://www.kegg.jp/dbget-bin/www_bget?C00777+C15493">
        <graphics name="C00777..." fgcolor="#000000" bgcolor="#FFFFFF"
             type="circle" x="813" y="359" width="8" height="8"/>
    </entry>
    <entry id="195" name="hsa:5915" type="gene"
        link="https://www.kegg.jp/dbget-bin/www_bget?hsa:5915">
        <graphics name="RARB, HAP, MCOPS12, NR1B2, RARbeta, RARbeta1, RRB2" fgcolor="#000000" bgcolor="#BFFFBF"
             type="rectangle" x="1083" y="351" width="46" height="17"/>
    </entry>
    <entry id="196" name="hsa:6256 hsa:6257 hsa:6258" type="gene"
        link="https://www.kegg.jp/dbget-bin/www_bget?hsa:6256+hsa:6257+hsa:6258">
        <graphics name="RXRA, NR2B1, RXR-alpha, RXRalpha..." fgcolor="#000000" bgcolor="#BFFFBF"
             type="rectangle" x="1083" y="368" width="46" height="17"/>
    </entry>
    <entry id="203" name="hsa:7157" type="gene"
        link="https://www.kegg.jp/dbget-bin/www_bget?hsa:7157">
        <graphics name="TP53, BCC7, BMFS5, LFS1, P53, TRP53" fgcolor="#000000" bgcolor="#BFFFBF"
             type="rectangle" x="1145" y="926" width="46" height="17"/>
    </entry>
    <entry id="209" name="hsa:1026" type="gene"
        link="https://www.kegg.jp/dbget-bin/www_bget?hsa:1026">
        <graphics name="CDKN1A, CAP20, CDKN1, CIP1, MDA-6, P21, SDI1, WAF1, p21CIP1" fgcolor="#000000" bgcolor="#BFFFBF"
             type="rectangle" x="1275" y="906" width="46" height="17"/>
    </entry>
    <entry id="210" name="hsa:10912 hsa:1647 hsa:4616" type="gene"
        link="https://www.kegg.jp/dbget-bin/www_bget?hsa:10912+hsa:1647+hsa:4616">
        <graphics name="GADD45G, CR6, DDIT2, GADD45gamma, GRP17..." fgcolor="#000000" bgcolor="#BFFFBF"
             type="rectangle" x="1327" y="906" width="46" height="17"/>
    </entry>
    <entry id="211" name="hsa:581" type="gene"
        link="https://www.kegg.jp/dbget-bin/www_bget?hsa:581">
        <graphics name="BAX, BCL2L4" fgcolor="#000000" bgcolor="#BFFFBF"
             type="rectangle" x="1275" y="928" width="46" height="17"/>
    </entry>
    <entry id="212" name="hsa:578" type="gene"
        link="https://www.kegg.jp/dbget-bin/www_bget?hsa:578">
        <graphics name="BAK1, BAK, BAK-LIKE, BCL2L7, CDN1" fgcolor="#000000" bgcolor="#BFFFBF"
             type="rectangle" x="1327" y="928" width="46" height="17"/>
    </entry>
    <entry id="213" name="hsa:1643" type="gene"
        link="https://www.kegg.jp/dbget-bin/www_bget?hsa:1643">
        <graphics name="DDB2, DDBB, UV-DDB2, XPE" fgcolor="#000000" bgcolor="#BFFFBF"
             type="rectangle" x="1275" y="950" width="46" height="17"/>
    </entry>
    <entry id="214" name="hsa:51426" type="gene"
        link="https://www.kegg.jp/dbget-bin/www_bget?hsa:51426">
        <graphics name="POLK, DINB1, DINP, POLQ" fgcolor="#000000" bgcolor="#BFFFBF"
             type="rectangle" x="1327" y="950" width="46" height="17"/>
    </entry>
    <entry id="217" name="hsa:4292" type="gene"
        link="https://www.kegg.jp/dbget-bin/www_bget?hsa:4292">
        <graphics name="MLH1, COCA2, FCC2, HNPCC, HNPCC2, MLH-1, MMRCS1, hMLH1" fgcolor="#000000" bgcolor="#BFFFBF"
             type="rectangle" x="1245" y="572" width="46" height="17"/>
    </entry>
    <entry id="223" name="hsa:51176 hsa:6932 hsa:6934 hsa:83439" type="gene"
        link="https://www.kegg.jp/dbget-bin/www_bget?hsa:51176+hsa:6932+hsa:6934+hsa:83439">
        <graphics name="LEF1, LEF-1, TCF10, TCF1ALPHA, TCF7L3..." fgcolor="#000000" bgcolor="#BFFFBF"
             type="rectangle" x="984" y="876" width="46" height="17"/>
    </entry>
    <entry id="226" name="hsa:4583" type="gene"
        link="https://www.kegg.jp/dbget-bin/www_bget?hsa:4583">
        <graphics name="MUC2, MLP, MUC-2, SMUC" fgcolor="#000000" bgcolor="#BFFFBF"
             type="rectangle" x="1081" y="200" width="46" height="17"/>
    </entry>
    <entry id="227" name="hsa:83998" type="gene"
        link="https://www.kegg.jp/dbget-bin/www_bget?hsa:83998">
        <graphics name="REG4, GISP, REG-IV, RELP" fgcolor="#000000" bgcolor="#BFFFBF"
             type="rectangle" x="1081" y="222" width="46" height="17"/>
    </entry>
    <entry id="228" name="hsa:5243" type="gene"
        link="https://www.kegg.jp/dbget-bin/www_bget?hsa:5243">
        <graphics name="ABCB1, ABC20, CD243, CLCS, GP170, MDR1, P-GP, PGY1, p-170" fgcolor="#000000" bgcolor="#BFFFBF"
             type="rectangle" x="1132" y="222" width="46" height="17"/>
    </entry>
    <entry id="229" name="hsa:1015" type="gene"
        link="https://www.kegg.jp/dbget-bin/www_bget?hsa:1015">
        <graphics name="CDH17, CDH16, HPT-1, HPT1" fgcolor="#000000" bgcolor="#BFFFBF"
             type="rectangle" x="1132" y="200" width="46" height="17"/>
    </entry>
    <entry id="232" name="hsa:2932" type="gene"
        link="https://www.kegg.jp/dbget-bin/www_bget?hsa:2932">
        <graphics name="GSK3B" fgcolor="#000000" bgcolor="#BFFFBF"
             type="rectangle" x="761" y="1020" width="46" height="17"/>
    </entry>
    <entry id="235" name="hsa:1956" type="gene"
        link="https://www.kegg.jp/dbget-bin/www_bget?hsa:1956">
        <graphics name="EGFR, ERBB, ERBB1, ERRP, HER1, NISBD2, PIG61, mENA" fgcolor="#000000" bgcolor="#BFFFBF"
             type="rectangle" x="324" y="577" width="46" height="17"/>
    </entry>
    <entry id="238" name="hsa:1950" type="gene"
        link="https://www.kegg.jp/dbget-bin/www_bget?hsa:1950">
        <graphics name="EGF, HOMG4, URG" fgcolor="#000000" bgcolor="#BFFFBF"
             type="rectangle" x="215" y="585" width="46" height="17"/>
    </entry>
    <entry id="239" name="undefined" type="group">
        <graphics fgcolor="#000000" bgcolor="#FFFFFF"
             type="rectangle" x="1083" y="461" width="46" height="34"/>
        <component id="110"/>
        <component id="117"/>
    </entry>
    <entry id="240" name="undefined" type="group">
        <graphics fgcolor="#000000" bgcolor="#FFFFFF"
             type="rectangle" x="324" y="723" width="46" height="34"/>
        <component id="97"/>
        <component id="99"/>
    </entry>
    <entry id="241" name="undefined" type="group">
        <graphics fgcolor="#000000" bgcolor="#FFFFFF"
             type="rectangle" x="324" y="419" width="46" height="34"/>
        <component id="59"/>
        <component id="60"/>
    </entry>
    <entry id="242" name="undefined" type="group">
        <graphics fgcolor="#000000" bgcolor="#FFFFFF"
             type="rectangle" x="592" y="419" width="123" height="34"/>
        <component id="53"/>
        <component id="54"/>
        <component id="56"/>
    </entry>
    <entry id="243" name="undefined" type="group">
        <graphics fgcolor="#000000" bgcolor="#FFFFFF"
             type="rectangle" x="676" y="419" width="76" height="34"/>
        <component id="52"/>
        <component id="55"/>
    </entry>
    <entry id="244" name="undefined" type="group">
        <graphics fgcolor="#000000" bgcolor="#FFFFFF"
             type="rectangle" x="324" y="585" width="46" height="34"/>
        <component id="139"/>
        <component id="235"/>
    </entry>
    <entry id="245" name="undefined" type="group">
        <graphics fgcolor="#000000" bgcolor="#FFFFFF"
             type="rectangle" x="1083" y="359" width="46" height="34"/>
        <component id="195"/>
        <component id="196"/>
    </entry>
    <entry id="246" name="undefined" type="group">
        <graphics fgcolor="#000000" bgcolor="#FFFFFF"
             type="rectangle" x="1166" y="636" width="46" height="34"/>
        <component id="167"/>
        <component id="168"/>
    </entry>
    <entry id="247" name="undefined" type="group">
        <graphics fgcolor="#000000" bgcolor="#FFFFFF"
             type="rectangle" x="1088" y="992" width="46" height="34"/>
        <component id="140"/>
        <component id="143"/>
    </entry>
    <relation entry1="15" entry2="16" type="PPrel">
        <subtype name="activation" value="--&gt;"/>
    </relation>
    <relation entry1="16" entry2="17" type="PPrel">
        <subtype name="activation" value="--&gt;"/>
    </relation>
    <relation entry1="17" entry2="8" type="PPrel">
        <subtype name="activation" value="--&gt;"/>
    </relation>
    <relation entry1="8" entry2="9" type="PPrel">
        <subtype name="activation" value="--&gt;"/>
    </relation>
    <relation entry1="9" entry2="10" type="PPrel">
        <subtype name="activation" value="--&gt;"/>
        <subtype name="phosphorylation" value="+p"/>
    </relation>
    <relation entry1="10" entry2="11" type="PPrel">
        <subtype name="activation" value="--&gt;"/>
        <subtype name="phosphorylation" value="+p"/>
    </relation>
    <relation entry1="36" entry2="40" type="PCrel">
        <subtype name="activation" value="--&gt;"/>
    </relation>
    <relation entry1="40" entry2="37" type="PCrel">
        <subtype name="activation" value="--&gt;"/>
    </relation>
    <relation entry1="37" entry2="21" type="PPrel">
        <subtype name="activation" value="--&gt;"/>
        <subtype name="indirect effect" value="..&gt;"/>
    </relation>
    <relation entry1="21" entry2="22" type="PPrel">
        <subtype name="activation" value="--&gt;"/>
    </relation>
    <relation entry1="239" entry2="118" type="PCrel">
        <subtype name="activation" value="--&gt;"/>
    </relation>
    <relation entry1="79" entry2="85" type="PPrel">
        <subtype name="missing interaction" value="-/-"/>
    </relation>
    <relation entry1="79" entry2="86" type="PPrel">
        <subtype name="missing interaction" value="-/-"/>
    </relation>
    <relation entry1="79" entry2="87" type="PPrel">
        <subtype name="missing interaction" value="-/-"/>
    </relation>
    <relation entry1="79" entry2="88" type="PPrel">
        <subtype name="missing interaction" value="-/-"/>
    </relation>
    <relation entry1="79" entry2="89" type="PPrel">
        <subtype name="missing interaction" value="-/-"/>
    </relation>
    <relation entry1="79" entry2="90" type="PPrel">
        <subtype name="missing interaction" value="-/-"/>
    </relation>
    <relation entry1="95" entry2="240" type="PPrel">
        <subtype name="activation" value="--&gt;"/>
    </relation>
    <relation entry1="240" entry2="96" type="PPrel">
        <subtype name="missing interaction" value="-/-"/>
    </relation>
    <relation entry1="96" entry2="98" type="PPrel">
        <subtype name="binding/association" value="---"/>
    </relation>
    <relation entry1="61" entry2="241" type="PPrel">
        <subtype name="activation" value="--&gt;"/>
    </relation>
    <relation entry1="60" entry2="58" type="PPrel">
        <subtype name="activation" value="--&gt;"/>
    </relation>
    <relation entry1="58" entry2="57" type="PPrel">
        <subtype name="binding/association" value="---"/>
    </relation>
    <relation entry1="58" entry2="56" type="PPrel">
        <subtype name="inhibition" value="--|"/>
    </relation>
    <relation entry1="242" entry2="243" type="PPrel">
        <subtype name="inhibition" value="--|"/>
        <subtype name="phosphorylation" value="+p"/>
    </relation>
    <relation entry1="55" entry2="51" type="PPrel">
        <subtype name="activation" value="--&gt;"/>
    </relation>
    <relation entry1="51" entry2="50" type="GErel">
        <subtype name="expression" value="--&gt;"/>
    </relation>
    <relation entry1="51" entry2="49" type="GErel">
        <subtype name="expression" value="--&gt;"/>
    </relation>
    <relation entry1="108" entry2="109" type="PPrel">
        <subtype name="activation" value="--&gt;"/>
    </relation>
    <relation entry1="109" entry2="31" type="PPrel">
        <subtype name="activation" value="--&gt;"/>
    </relation>
    <relation entry1="31" entry2="32" type="PPrel">
        <subtype name="activation" value="--&gt;"/>
    </relation>
    <relation entry1="32" entry2="26" type="PPrel">
        <subtype name="activation" value="--&gt;"/>
    </relation>
    <relation entry1="26" entry2="27" type="PPrel">
        <subtype name="activation" value="--&gt;"/>
    </relation>
    <relation entry1="27" entry2="28" type="PPrel">
        <subtype name="activation" value="--&gt;"/>
        <subtype name="phosphorylation" value="+p"/>
    </relation>
    <relation entry1="28" entry2="29" type="PPrel">
        <subtype name="activation" value="--&gt;"/>
        <subtype name="phosphorylation" value="+p"/>
    </relation>
    <relation entry1="109" entry2="129" type="PPrel">
        <subtype name="activation" value="--&gt;"/>
    </relation>
    <relation entry1="129" entry2="42" type="PPrel">
        <subtype name="activation" value="--&gt;"/>
    </relation>
    <relation entry1="42" entry2="47" type="PCrel">
        <subtype name="activation" value="--&gt;"/>
    </relation>
    <relation entry1="47" entry2="43" type="PCrel">
        <subtype name="activation" value="--&gt;"/>
    </relation>
    <relation entry1="43" entry2="35" type="PPrel">
        <subtype name="activation" value="--&gt;"/>
        <subtype name="indirect effect" value="..&gt;"/>
    </relation>
    <relation entry1="238" entry2="244" type="PPrel">
        <subtype name="activation" value="--&gt;"/>
    </relation>
    <relation entry1="244" entry2="15" type="PPrel">
        <subtype name="activation" value="--&gt;"/>
    </relation>
    <relation entry1="244" entry2="36" type="PPrel">
        <subtype name="activation" value="--&gt;"/>
    </relation>
    <relation entry1="37" entry2="185" type="PPrel">
        <subtype name="inhibition" value="--|"/>
        <subtype name="phosphorylation" value="+p"/>
    </relation>
    <relation entry1="185" entry2="186" type="PPrel">
        <subtype name="inhibition" value="--|"/>
    </relation>
    <relation entry1="189" entry2="187" type="PPrel">
        <subtype name="activation" value="--&gt;"/>
    </relation>
    <relation entry1="187" entry2="31" type="PPrel">
        <subtype name="activation" value="--&gt;"/>
    </relation>
    <relation entry1="187" entry2="129" type="PPrel">
        <subtype name="activation" value="--&gt;"/>
    </relation>
    <relation entry1="43" entry2="232" type="PPrel">
        <subtype name="inhibition" value="--|"/>
    </relation>
    <relation entry1="153" entry2="154" type="PPrel">
        <subtype name="binding/association" value="---"/>
    </relation>
    <relation entry1="153" entry2="156" type="PPrel">
        <subtype name="binding/association" value="---"/>
    </relation>
    <relation entry1="153" entry2="155" type="PPrel">
        <subtype name="binding/association" value="---"/>
        <subtype name="missing interaction" value="-/-"/>
    </relation>
    <relation entry1="155" entry2="223" type="PPrel">
        <subtype name="activation" value="--&gt;"/>
    </relation>
    <relation entry1="223" entry2="157" type="GErel">
        <subtype name="expression" value="--&gt;"/>
    </relation>
    <relation entry1="223" entry2="158" type="GErel">
        <subtype name="expression" value="--&gt;"/>
    </relation>
    <relation entry1="203" entry2="209" type="GErel">
        <subtype name="expression" value="--&gt;"/>
        <subtype name="missing interaction" value="-/-"/>
    </relation>
    <relation entry1="203" entry2="210" type="GErel">
        <subtype name="expression" value="--&gt;"/>
        <subtype name="missing interaction" value="-/-"/>
    </relation>
    <relation entry1="203" entry2="211" type="GErel">
        <subtype name="expression" value="--&gt;"/>
        <subtype name="missing interaction" value="-/-"/>
    </relation>
    <relation entry1="203" entry2="212" type="GErel">
        <subtype name="expression" value="--&gt;"/>
        <subtype name="missing interaction" value="-/-"/>
    </relation>
    <relation entry1="203" entry2="213" type="GErel">
        <subtype name="expression" value="--&gt;"/>
        <subtype name="missing interaction" value="-/-"/>
    </relation>
    <relation entry1="203" entry2="214" type="GErel">
        <subtype name="expression" value="--&gt;"/>
        <subtype name="missing interaction" value="-/-"/>
    </relation>
    <relation entry1="149" entry2="226" type="GErel">
        <subtype name="expression" value="--&gt;"/>
    </relation>
    <relation entry1="149" entry2="229" type="GErel">
        <subtype name="expression" value="--&gt;"/>
    </relation>
    <relation entry1="149" entry2="227" type="GErel">
        <subtype name="expression" value="--&gt;"/>
    </relation>
    <relation entry1="149" entry2="228" type="GErel">
        <subtype name="expression" value="--&gt;"/>
    </relation>
    <relation entry1="149" entry2="184" type="GErel">
        <subtype name="repression" value="--|"/>
    </relation>
    <relation entry1="194" entry2="245" type="PCrel">
        <subtype name="activation" value="--&gt;"/>
        <subtype name="missing interaction" value="-/-"/>
    </relation>
    <relation entry1="169" entry2="246" type="PPrel">
        <subtype name="inhibition" value="--|"/>
        <subtype name="missing interaction" value="-/-"/>
    </relation>
    <relation entry1="246" entry2="171" type="PPrel">
        <subtype name="activation" value="--&gt;"/>
        <subtype name="phosphorylation" value="+p"/>
    </relation>
    <relation entry1="171" entry2="170" type="PPrel">
        <subtype name="dissociation" value="-+-"/>
    </relation>
    <relation entry1="96" entry2="191" type="GErel">
        <subtype name="expression" value="--&gt;"/>
        <subtype name="missing interaction" value="-/-"/>
    </relation>
    <relation entry1="96" entry2="192" type="GErel">
        <subtype name="expression" value="--&gt;"/>
        <subtype name="missing interaction" value="-/-"/>
    </relation>
    <relation entry1="247" entry2="144" type="PCrel">
        <subtype name="activation" value="--&gt;"/>
    </relation>
</pathway>
