<?xml version="1.0"?>
<!DOCTYPE pathway SYSTEM "https://www.kegg.jp/kegg/xml/KGML_v0.7.2_.dtd">
<!-- Creation date: Jan 14, 2022 10:12:18 +0900 (GMT+9) -->
<pathway name="path:hsa04216" org="hsa" number="04216"
         title="Ferroptosis"
         image="https://www.kegg.jp/kegg/pathway/hsa/hsa04216.png"
         link="https://www.kegg.jp/kegg-bin/show_pathway?hsa04216">
    <entry id="10" name="path:hsa04216" type="map"
        link="https://www.kegg.jp/dbget-bin/www_bget?hsa04216">
        <graphics name="TITLE:Ferroptosis" fgcolor="#000000" bgcolor="#FFFFFF"
             type="roundrectangle" x="93" y="58" width="105" height="25"/>
    </entry>
    <entry id="11" name="hsa:23657" type="gene"
        link="https://www.kegg.jp/dbget-bin/www_bget?hsa:23657">
        <graphics name="SLC7A11, CCBR1, xCT" fgcolor="#000000" bgcolor="#BFFFBF"
             type="rectangle" x="206" y="169" width="46" height="17"/>
    </entry>
    <entry id="12" name="cpd:C00025" type="compound"
        link="https://www.kegg.jp/dbget-bin/www_bget?C00025">
        <graphics name="C00025" fgcolor="#000000" bgcolor="#FFFFFF"
             type="circle" x="281" y="180" width="8" height="8"/>
    </entry>
    <entry id="13" name="cpd:C00491" type="compound"
        link="https://www.kegg.jp/dbget-bin/www_bget?C00491">
        <graphics name="C00491" fgcolor="#000000" bgcolor="#FFFFFF"
             type="circle" x="281" y="129" width="8" height="8"/>
    </entry>
    <entry id="15" name="hsa:7157" type="gene"
        link="https://www.kegg.jp/dbget-bin/www_bget?hsa:7157">
        <graphics name="TP53, BCC7, BMFS5, LFS1, P53, TRP53" fgcolor="#000000" bgcolor="#BFFFBF"
             type="rectangle" x="264" y="206" width="46" height="17"/>
    </entry>
    <entry id="17" name="hsa:2879" type="gene"
        link="https://www.kegg.jp/dbget-bin/www_bget?hsa:2879">
        <graphics name="GPX4, GPx-4, GSHPx-4, MCSP, PHGPx, SMDS, snGPx, snPHGPx" fgcolor="#000000" bgcolor="#BFFFBF"
             type="rectangle" x="694" y="178" width="46" height="17"/>
    </entry>
    <entry id="18" name="cpd:C00051" type="compound"
        link="https://www.kegg.jp/dbget-bin/www_bget?C00051">
        <graphics name="C00051" fgcolor="#000000" bgcolor="#FFFFFF"
             type="circle" x="660" y="129" width="8" height="8"/>
    </entry>
    <entry id="22" name="hsa:7417 hsa:7419" type="gene"
        link="https://www.kegg.jp/dbget-bin/www_bget?hsa:7417+hsa:7419">
        <graphics name="VDAC2, POR..." fgcolor="#000000" bgcolor="#BFFFBF"
             type="rectangle" x="627" y="479" width="46" height="17"/>
    </entry>
    <entry id="23" name="cpd:C21478" type="compound"
        link="https://www.kegg.jp/dbget-bin/www_bget?C21478">
        <graphics name="C21478" fgcolor="#000000" bgcolor="#FFFFFF"
             type="circle" x="124" y="109" width="8" height="8"/>
    </entry>
    <entry id="28" name="cpd:C00097" type="compound"
        link="https://www.kegg.jp/dbget-bin/www_bget?C00097">
        <graphics name="C00097" fgcolor="#000000" bgcolor="#FFFFFF"
             type="circle" x="400" y="129" width="8" height="8"/>
    </entry>
    <entry id="29" name="hsa:2729 hsa:2730" type="gene"
        link="https://www.kegg.jp/dbget-bin/www_bget?hsa:2729+hsa:2730">
        <graphics name="GCLC, GCL, GCS, GLCL, GLCLC..." fgcolor="#000000" bgcolor="#BFFFBF"
             type="rectangle" x="453" y="118" width="46" height="17"/>
    </entry>
    <entry id="30" name="cpd:C00669" type="compound"
        link="https://www.kegg.jp/dbget-bin/www_bget?C00669">
        <graphics name="C00669" fgcolor="#000000" bgcolor="#FFFFFF"
             type="circle" x="524" y="129" width="8" height="8"/>
    </entry>
    <entry id="31" name="hsa:6520" type="gene"
        link="https://www.kegg.jp/dbget-bin/www_bget?hsa:6520">
        <graphics name="SLC3A2, 4F2, 4F2HC, 4T2HC, CD98, CD98HC, MDU1, NACAE" fgcolor="#000000" bgcolor="#BFFFBF"
             type="rectangle" x="206" y="152" width="46" height="17"/>
    </entry>
    <entry id="34" name="cpd:C00418" type="compound"
        link="https://www.kegg.jp/dbget-bin/www_bget?C00418">
        <graphics name="C00418" fgcolor="#000000" bgcolor="#FFFFFF"
             type="circle" x="657" y="381" width="8" height="8"/>
    </entry>
    <entry id="35" name="cpd:C11378" type="compound"
        link="https://www.kegg.jp/dbget-bin/www_bget?C11378">
        <graphics name="C11378" fgcolor="#000000" bgcolor="#FFFFFF"
             type="circle" x="738" y="381" width="8" height="8"/>
    </entry>
    <entry id="37" name="hsa:7037" type="gene"
        link="https://www.kegg.jp/dbget-bin/www_bget?hsa:7037">
        <graphics name="TFRC, CD71, IMD46, T9, TFR, TFR1, TR, TRFR, p90" fgcolor="#000000" bgcolor="#BFFFBF"
             type="rectangle" x="207" y="370" width="46" height="17"/>
    </entry>
    <entry id="38" name="cpd:C14819" type="compound"
        link="https://www.kegg.jp/dbget-bin/www_bget?C14819">
        <graphics name="C14819" fgcolor="#000000" bgcolor="#FFFFFF"
             type="circle" x="124" y="369" width="8" height="8"/>
    </entry>
    <entry id="39" name="hsa:7018" type="gene"
        link="https://www.kegg.jp/dbget-bin/www_bget?hsa:7018">
        <graphics name="TF, HEL-S-71p, PRO1557, PRO2086, TFQTL1" fgcolor="#000000" bgcolor="#BFFFBF"
             type="rectangle" x="161" y="370" width="46" height="17"/>
    </entry>
    <entry id="40" name="cpd:C14818" type="compound"
        link="https://www.kegg.jp/dbget-bin/www_bget?C14818">
        <graphics name="C14818" fgcolor="#000000" bgcolor="#FFFFFF"
             type="circle" x="126" y="556" width="8" height="8"/>
    </entry>
    <entry id="42" name="hsa:1356" type="gene"
        link="https://www.kegg.jp/dbget-bin/www_bget?hsa:1356">
        <graphics name="CP, AB073614, CP-2" fgcolor="#000000" bgcolor="#BFFFBF"
             type="rectangle" x="127" y="456" width="46" height="17"/>
    </entry>
    <entry id="48" name="cpd:C21478" type="compound"
        link="https://www.kegg.jp/dbget-bin/www_bget?C21478">
        <graphics name="C21478" fgcolor="#000000" bgcolor="#FFFFFF"
             type="circle" x="537" y="491" width="8" height="8"/>
    </entry>
    <entry id="51" name="hsa:7037" type="gene"
        link="https://www.kegg.jp/dbget-bin/www_bget?hsa:7037">
        <graphics name="TFRC, CD71, IMD46, T9, TFR, TFR1, TR, TRFR, p90" fgcolor="#000000" bgcolor="#BFFFBF"
             type="rectangle" x="448" y="342" width="46" height="17"/>
    </entry>
    <entry id="52" name="hsa:7018" type="gene"
        link="https://www.kegg.jp/dbget-bin/www_bget?hsa:7018">
        <graphics name="TF, HEL-S-71p, PRO1557, PRO2086, TFQTL1" fgcolor="#000000" bgcolor="#BFFFBF"
             type="rectangle" x="448" y="359" width="46" height="17"/>
    </entry>
    <entry id="53" name="cpd:C14819" type="compound"
        link="https://www.kegg.jp/dbget-bin/www_bget?C14819">
        <graphics name="C14819" fgcolor="#000000" bgcolor="#FFFFFF"
             type="circle" x="448" y="381" width="8" height="8"/>
    </entry>
    <entry id="55" name="cpd:C14818" type="compound"
        link="https://www.kegg.jp/dbget-bin/www_bget?C14818">
        <graphics name="C14818" fgcolor="#000000" bgcolor="#FFFFFF"
             type="circle" x="448" y="445" width="8" height="8"/>
    </entry>
    <entry id="57" name="hsa:55240" type="gene"
        link="https://www.kegg.jp/dbget-bin/www_bget?hsa:55240">
        <graphics name="STEAP3, AHMIO2, STMP3, TSAP6, dudlin-2, dudulin-2, pHyde" fgcolor="#000000" bgcolor="#BFFFBF"
             type="rectangle" x="394" y="411" width="46" height="17"/>
    </entry>
    <entry id="58" name="hsa:7037" type="gene"
        link="https://www.kegg.jp/dbget-bin/www_bget?hsa:7037">
        <graphics name="TFRC, CD71, IMD46, T9, TFR, TFR1, TR, TRFR, p90" fgcolor="#000000" bgcolor="#BFFFBF"
             type="rectangle" x="265" y="412" width="46" height="17"/>
    </entry>
    <entry id="59" name="hsa:7018" type="gene"
        link="https://www.kegg.jp/dbget-bin/www_bget?hsa:7018">
        <graphics name="TF, HEL-S-71p, PRO1557, PRO2086, TFQTL1" fgcolor="#000000" bgcolor="#BFFFBF"
             type="rectangle" x="265" y="429" width="46" height="17"/>
    </entry>
    <entry id="60" name="cpd:C14819" type="compound"
        link="https://www.kegg.jp/dbget-bin/www_bget?C14819">
        <graphics name="C14819" fgcolor="#000000" bgcolor="#FFFFFF"
             type="circle" x="266" y="451" width="8" height="8"/>
    </entry>
    <entry id="63" name="cpd:C00127" type="compound"
        link="https://www.kegg.jp/dbget-bin/www_bget?C00127">
        <graphics name="C00127" fgcolor="#000000" bgcolor="#FFFFFF"
             type="circle" x="734" y="138" width="8" height="8"/>
    </entry>
    <entry id="64" name="hsa:2937" type="gene"
        link="https://www.kegg.jp/dbget-bin/www_bget?hsa:2937">
        <graphics name="GSS, GSHS, HEL-S-64p, HEL-S-88n" fgcolor="#000000" bgcolor="#BFFFBF"
             type="rectangle" x="585" y="118" width="46" height="17"/>
    </entry>
    <entry id="65" name="cpd:C14818" type="compound"
        link="https://www.kegg.jp/dbget-bin/www_bget?C14818">
        <graphics name="C14818" fgcolor="#000000" bgcolor="#FFFFFF"
             type="circle" x="448" y="555" width="8" height="8"/>
    </entry>
    <entry id="66" name="hsa:5093 hsa:5094" type="gene"
        link="https://www.kegg.jp/dbget-bin/www_bget?hsa:5093+hsa:5094">
        <graphics name="PCBP1, HEL-S-85, HNRPE1, HNRPX, hnRNP-E1, hnRNP-X..." fgcolor="#000000" bgcolor="#BFFFBF"
             type="rectangle" x="474" y="592" width="46" height="17"/>
    </entry>
    <entry id="68" name="hsa:30061" type="gene"
        link="https://www.kegg.jp/dbget-bin/www_bget?hsa:30061">
        <graphics name="SLC40A1, FPN, FPN1, HFE4, IREG1, MST079, MSTP079, MTP1, SLC11A3" fgcolor="#000000" bgcolor="#BFFFBF"
             type="rectangle" x="206" y="556" width="46" height="17"/>
    </entry>
    <entry id="70" name="cpd:C14818" type="compound"
        link="https://www.kegg.jp/dbget-bin/www_bget?C14818">
        <graphics name="C14818" fgcolor="#000000" bgcolor="#FFFFFF"
             type="circle" x="343" y="556" width="8" height="8"/>
    </entry>
    <entry id="71" name="hsa:5094" type="gene"
        link="https://www.kegg.jp/dbget-bin/www_bget?hsa:5094">
        <graphics name="PCBP2, HNRNPE2, HNRPE2, hnRNP-E2" fgcolor="#000000" bgcolor="#BFFFBF"
             type="rectangle" x="343" y="531" width="46" height="17"/>
    </entry>
    <entry id="73" name="hsa:2495 hsa:2512" type="gene"
        link="https://www.kegg.jp/dbget-bin/www_bget?hsa:2495+hsa:2512">
        <graphics name="FTH1, FHC, FTH, FTHL6, HFE5, PIG15, PLIF..." fgcolor="#000000" bgcolor="#BFFFBF"
             type="rectangle" x="447" y="656" width="46" height="17"/>
    </entry>
    <entry id="74" name="cpd:C14819" type="compound"
        link="https://www.kegg.jp/dbget-bin/www_bget?C14819">
        <graphics name="C14819" fgcolor="#000000" bgcolor="#FFFFFF"
             type="circle" x="448" y="633" width="8" height="8"/>
    </entry>
    <entry id="78" name="hsa:10533 hsa:9474" type="gene"
        link="https://www.kegg.jp/dbget-bin/www_bget?hsa:10533+hsa:9474">
        <graphics name="ATG7, APG7-LIKE, APG7L, GSA7, SCAR31..." fgcolor="#000000" bgcolor="#BFFFBF"
             type="rectangle" x="537" y="645" width="46" height="17"/>
    </entry>
    <entry id="80" name="hsa:2495 hsa:2512" type="gene"
        link="https://www.kegg.jp/dbget-bin/www_bget?hsa:2495+hsa:2512">
        <graphics name="FTH1, FHC, FTH, FTHL6, HFE5, PIG15, PLIF..." fgcolor="#000000" bgcolor="#BFFFBF"
             type="rectangle" x="686" y="633" width="46" height="17"/>
    </entry>
    <entry id="81" name="cpd:C14819" type="compound"
        link="https://www.kegg.jp/dbget-bin/www_bget?C14819">
        <graphics name="C14819" fgcolor="#000000" bgcolor="#FFFFFF"
             type="circle" x="686" y="610" width="8" height="8"/>
    </entry>
    <entry id="85" name="hsa:23516 hsa:64116" type="gene"
        link="https://www.kegg.jp/dbget-bin/www_bget?hsa:23516+hsa:64116">
        <graphics name="SLC39A14, HCIN, HMNDYT2, LZT-Hs4, NET34, ZIP14, cig19..." fgcolor="#000000" bgcolor="#BFFFBF"
             type="rectangle" x="486" y="475" width="46" height="17"/>
    </entry>
    <entry id="87" name="hsa:4891" type="gene"
        link="https://www.kegg.jp/dbget-bin/www_bget?hsa:4891">
        <graphics name="SLC11A2, AHMIO1, DCT1, DMT1, NRAMP2" fgcolor="#000000" bgcolor="#BFFFBF"
             type="rectangle" x="406" y="475" width="46" height="17"/>
    </entry>
    <entry id="89" name="hsa:440738 hsa:643246 hsa:81631 hsa:84557" type="gene"
        link="https://www.kegg.jp/dbget-bin/www_bget?hsa:440738+hsa:643246+hsa:81631+hsa:84557">
        <graphics name="MAP1LC3C, ATG8J, LC3C..." fgcolor="#000000" bgcolor="#BFFFBF"
             type="rectangle" x="537" y="622" width="46" height="17"/>
    </entry>
    <entry id="90" name="hsa:8031" type="gene"
        link="https://www.kegg.jp/dbget-bin/www_bget?hsa:8031">
        <graphics name="NCOA4, ARA70, ELE1, PTC3, RFG" fgcolor="#000000" bgcolor="#BFFFBF"
             type="rectangle" x="640" y="633" width="46" height="17"/>
    </entry>
    <entry id="92" name="hsa:23516 hsa:64116" type="gene"
        link="https://www.kegg.jp/dbget-bin/www_bget?hsa:23516+hsa:64116">
        <graphics name="SLC39A14, HCIN, HMNDYT2, LZT-Hs4, NET34, ZIP14, cig19..." fgcolor="#000000" bgcolor="#BFFFBF"
             type="rectangle" x="206" y="585" width="46" height="17"/>
    </entry>
    <entry id="93" name="cpd:C14818" type="compound"
        link="https://www.kegg.jp/dbget-bin/www_bget?C14818">
        <graphics name="C14818" fgcolor="#000000" bgcolor="#FFFFFF"
             type="circle" x="126" y="585" width="8" height="8"/>
    </entry>
    <entry id="94" name="cpd:C14819" type="compound"
        link="https://www.kegg.jp/dbget-bin/www_bget?C14819">
        <graphics name="C14819" fgcolor="#000000" bgcolor="#FFFFFF"
             type="circle" x="126" y="647" width="8" height="8"/>
    </entry>
    <entry id="95" name="hsa:5621" type="gene"
        link="https://www.kegg.jp/dbget-bin/www_bget?hsa:5621">
        <graphics name="PRNP, ASCR, AltPrP, CD230, CJD, GSS, KURU, PRIP, PrP, PrP27-30, PrP33-35C, PrPc, p27-30" fgcolor="#000000" bgcolor="#BFFFBF"
             type="rectangle" x="206" y="622" width="46" height="17"/>
    </entry>
    <entry id="103" name="hsa:3162" type="gene"
        link="https://www.kegg.jp/dbget-bin/www_bget?hsa:3162">
        <graphics name="HMOX1, HMOX1D, HO-1, HSP32, bK286B10" fgcolor="#000000" bgcolor="#BFFFBF"
             type="rectangle" x="318" y="622" width="46" height="17"/>
    </entry>
    <entry id="104" name="cpd:C00032" type="compound"
        link="https://www.kegg.jp/dbget-bin/www_bget?C00032">
        <graphics name="C00032" fgcolor="#000000" bgcolor="#FFFFFF"
             type="circle" x="283" y="633" width="8" height="8"/>
    </entry>
    <entry id="105" name="hsa:1536" type="gene"
        link="https://www.kegg.jp/dbget-bin/www_bget?hsa:1536">
        <graphics name="CYBB, AMCBX2, CGD, CGDX, GP91-1, GP91-PHOX, GP91PHOX, IMD34, NOX2, p91-PHOX" fgcolor="#000000" bgcolor="#BFFFBF"
             type="rectangle" x="627" y="503" width="46" height="17"/>
    </entry>
    <entry id="116" name="dr:D08524" type="compound"
        link="https://www.kegg.jp/dbget-bin/www_bget?D08524">
        <graphics name="D08524" fgcolor="#000000" bgcolor="#FFFFFF"
             type="circle" x="124" y="122" width="8" height="8"/>
    </entry>
    <entry id="117" name="dr:D00448" type="compound"
        link="https://www.kegg.jp/dbget-bin/www_bget?D00448">
        <graphics name="D00448" fgcolor="#000000" bgcolor="#FFFFFF"
             type="circle" x="124" y="148" width="8" height="8"/>
    </entry>
    <entry id="118" name="cpd:C16844 cpd:C00027" type="compound"
        link="https://www.kegg.jp/dbget-bin/www_bget?C16844+C00027">
        <graphics name="C16844..." fgcolor="#000000" bgcolor="#FFFFFF"
             type="circle" x="841" y="382" width="8" height="8"/>
    </entry>
    <entry id="134" name="cpd:C21479" type="compound"
        link="https://www.kegg.jp/dbget-bin/www_bget?C21479">
        <graphics name="C21479" fgcolor="#000000" bgcolor="#FFFFFF"
             type="circle" x="649" y="178" width="8" height="8"/>
    </entry>
    <entry id="135" name="cpd:C00025" type="compound"
        link="https://www.kegg.jp/dbget-bin/www_bget?C00025">
        <graphics name="C00025" fgcolor="#000000" bgcolor="#FFFFFF"
             type="circle" x="124" y="135" width="8" height="8"/>
    </entry>
    <entry id="141" name="cpd:C00129" type="compound"
        link="https://www.kegg.jp/dbget-bin/www_bget?C00129">
        <graphics name="C00129" fgcolor="#000000" bgcolor="#FFFFFF"
             type="circle" x="697" y="323" width="8" height="8"/>
    </entry>
    <entry id="143" name="path:hsa00480" type="map"
        link="https://www.kegg.jp/dbget-bin/www_bget?hsa00480">
        <graphics name="Glutathione metabolism" fgcolor="#000000" bgcolor="#FFFFFF"
             type="roundrectangle" x="457" y="164" width="126" height="22"/>
    </entry>
    <entry id="144" name="path:hsa00900" type="map"
        link="https://www.kegg.jp/dbget-bin/www_bget?hsa00900">
        <graphics name="Terpenoid backbone biosynthesis" fgcolor="#000000" bgcolor="#FFFFFF"
             type="roundrectangle" x="627" y="357" width="108" height="29"/>
    </entry>
    <entry id="145" name="hsa:94033" type="gene"
        link="https://www.kegg.jp/dbget-bin/www_bget?hsa:94033">
        <graphics name="FTMT, MTF" fgcolor="#000000" bgcolor="#BFFFBF"
             type="rectangle" x="726" y="516" width="46" height="17"/>
    </entry>
    <entry id="146" name="cpd:C14818" type="compound"
        link="https://www.kegg.jp/dbget-bin/www_bget?C14818">
        <graphics name="C14818" fgcolor="#000000" bgcolor="#FFFFFF"
             type="circle" x="689" y="516" width="8" height="8"/>
    </entry>
    <entry id="149" name="cpd:C21483" type="compound"
        link="https://www.kegg.jp/dbget-bin/www_bget?C21483">
        <graphics name="C21483" fgcolor="#000000" bgcolor="#FFFFFF"
             type="circle" x="660" y="260" width="8" height="8"/>
    </entry>
    <entry id="150" name="cpd:C21482" type="compound"
        link="https://www.kegg.jp/dbget-bin/www_bget?C21482">
        <graphics name="C21482" fgcolor="#000000" bgcolor="#FFFFFF"
             type="circle" x="735" y="219" width="8" height="8"/>
    </entry>
    <entry id="157" name="hsa:112483 hsa:6303" type="gene"
        link="https://www.kegg.jp/dbget-bin/www_bget?hsa:112483+hsa:6303">
        <graphics name="SAT2, SSAT-2, SSAT2..." fgcolor="#000000" bgcolor="#BFFFBF"
             type="rectangle" x="527" y="215" width="46" height="17"/>
    </entry>
    <entry id="158" name="cpd:C21480 cpd:C21481" type="compound"
        link="https://www.kegg.jp/dbget-bin/www_bget?C21480+C21481">
        <graphics name="C21480..." fgcolor="#000000" bgcolor="#FFFFFF"
             type="circle" x="524" y="260" width="8" height="8"/>
    </entry>
    <entry id="160" name="cpd:C02249 cpd:C16170" type="compound"
        link="https://www.kegg.jp/dbget-bin/www_bget?C02249+C16170">
        <graphics name="C02249..." fgcolor="#000000" bgcolor="#FFFFFF"
             type="circle" x="400" y="260" width="8" height="8"/>
    </entry>
    <entry id="162" name="hsa:2180 hsa:2181 hsa:2182 hsa:23305 hsa:51703" type="gene"
        link="https://www.kegg.jp/dbget-bin/www_bget?hsa:2180+hsa:2181+hsa:2182+hsa:23305+hsa:51703">
        <graphics name="ACSL1, ACS1, FACL1, FACL2, LACS, LACS1, LACS2..." fgcolor="#000000" bgcolor="#BFFFBF"
             type="rectangle" x="348" y="249" width="46" height="17"/>
    </entry>
    <entry id="163" name="hsa:10162" type="gene"
        link="https://www.kegg.jp/dbget-bin/www_bget?hsa:10162">
        <graphics name="LPCAT3, C3F, LPCAT, LPLAT_5, LPLAT12, LPSAT, MBOAT5, OACT5, nessy" fgcolor="#000000" bgcolor="#BFFFBF"
             type="rectangle" x="457" y="249" width="46" height="17"/>
    </entry>
    <entry id="164" name="hsa:246" type="gene"
        link="https://www.kegg.jp/dbget-bin/www_bget?hsa:246">
        <graphics name="ALOX15, 12-LOX, 15-LOX, 15-LOX-1, LOG15" fgcolor="#000000" bgcolor="#BFFFBF"
             type="rectangle" x="587" y="249" width="46" height="17"/>
    </entry>
    <entry id="165" name="cpd:C00219 cpd:C16527" type="compound"
        link="https://www.kegg.jp/dbget-bin/www_bget?C00219+C16527">
        <graphics name="C00219..." fgcolor="#000000" bgcolor="#FFFFFF"
             type="circle" x="288" y="243" width="8" height="8"/>
    </entry>
    <entry id="166" name="cpd:C00010" type="compound"
        link="https://www.kegg.jp/dbget-bin/www_bget?C00010">
        <graphics name="C00010" fgcolor="#000000" bgcolor="#FFFFFF"
             type="circle" x="288" y="277" width="8" height="8"/>
    </entry>
    <entry id="168" name="cpd:C02477" type="compound"
        link="https://www.kegg.jp/dbget-bin/www_bget?C02477">
        <graphics name="C02477" fgcolor="#000000" bgcolor="#FFFFFF"
             type="circle" x="594" y="219" width="8" height="8"/>
    </entry>
    <entry id="171" name="cpd:C21484" type="compound"
        link="https://www.kegg.jp/dbget-bin/www_bget?C21484">
        <graphics name="C21484" fgcolor="#000000" bgcolor="#FFFFFF"
             type="circle" x="455" y="289" width="8" height="8"/>
    </entry>
    <entry id="174" name="cpd:C00024" type="compound"
        link="https://www.kegg.jp/dbget-bin/www_bget?C00024">
        <graphics name="C00024" fgcolor="#000000" bgcolor="#FFFFFF"
             type="circle" x="532" y="332" width="8" height="8"/>
    </entry>
    <entry id="175" name="cpd:C00356" type="compound"
        link="https://www.kegg.jp/dbget-bin/www_bget?C00356">
        <graphics name="C00356" fgcolor="#000000" bgcolor="#FFFFFF"
             type="circle" x="568" y="381" width="8" height="8"/>
    </entry>
    <entry id="176" name="undefined" type="group">
        <graphics fgcolor="#000000" bgcolor="#FFFFFF"
             type="rectangle" x="206" y="160" width="46" height="34"/>
        <component id="11"/>
        <component id="31"/>
    </entry>
    <relation entry1="15" entry2="11" type="GErel">
        <subtype name="repression" value="--|"/>
    </relation>
    <relation entry1="23" entry2="176" type="PCrel">
        <subtype name="inhibition" value="--|"/>
    </relation>
    <relation entry1="116" entry2="176" type="PCrel">
        <subtype name="inhibition" value="--|"/>
    </relation>
    <relation entry1="135" entry2="176" type="PCrel">
        <subtype name="inhibition" value="--|"/>
    </relation>
    <relation entry1="117" entry2="176" type="PCrel">
        <subtype name="inhibition" value="--|"/>
    </relation>
    <relation entry1="134" entry2="17" type="PCrel">
        <subtype name="inhibition" value="--|"/>
    </relation>
    <relation entry1="31" entry2="11" type="PPrel">
        <subtype name="binding/association" value="---"/>
    </relation>
    <relation entry1="38" entry2="39" type="PCrel">
        <subtype name="binding/association" value="---"/>
    </relation>
    <relation entry1="39" entry2="37" type="PPrel">
        <subtype name="binding/association" value="---"/>
    </relation>
    <relation entry1="58" entry2="59" type="PPrel">
        <subtype name="binding/association" value="---"/>
    </relation>
    <relation entry1="60" entry2="59" type="PCrel">
        <subtype name="binding/association" value="---"/>
    </relation>
    <relation entry1="53" entry2="52" type="PCrel">
        <subtype name="binding/association" value="---"/>
    </relation>
    <relation entry1="52" entry2="51" type="PPrel">
        <subtype name="binding/association" value="---"/>
    </relation>
    <relation entry1="71" entry2="70" type="PCrel">
        <subtype name="binding/association" value="---"/>
    </relation>
    <relation entry1="74" entry2="73" type="PCrel">
        <subtype name="binding/association" value="---"/>
    </relation>
    <relation entry1="81" entry2="80" type="PCrel">
        <subtype name="binding/association" value="---"/>
    </relation>
    <relation entry1="90" entry2="80" type="PPrel">
        <subtype name="binding/association" value="---"/>
    </relation>
    <relation entry1="146" entry2="145" type="PCrel">
        <subtype name="binding/association" value="---"/>
    </relation>
    <relation entry1="35" entry2="118" type="PCrel">
        <subtype name="inhibition" value="--|"/>
    </relation>
    <relation entry1="149" entry2="118" type="PCrel">
        <subtype name="activation" value="--&gt;"/>
    </relation>
    <relation entry1="22" entry2="118" type="PCrel">
        <subtype name="activation" value="--&gt;"/>
        <subtype name="indirect effect" value="..&gt;"/>
    </relation>
    <relation entry1="105" entry2="118" type="PCrel">
        <subtype name="activation" value="--&gt;"/>
        <subtype name="indirect effect" value="..&gt;"/>
    </relation>
</pathway>
