<?xml version="1.0"?>
<!DOCTYPE pathway SYSTEM "https://www.kegg.jp/kegg/xml/KGML_v0.7.2_.dtd">
<!-- Creation date: Nov 21, 2022 10:02:37 +0900 (GMT+9) -->
<pathway name="path:hsa04350" org="hsa" number="04350"
         title="TGF-beta signaling pathway"
         image="https://www.kegg.jp/kegg/pathway/hsa/hsa04350.png"
         link="https://www.kegg.jp/kegg-bin/show_pathway?hsa04350">
    <entry id="6" name="hsa:4052" type="gene"
        link="https://www.kegg.jp/dbget-bin/www_bget?hsa:4052">
        <graphics name="LTBP1, ARCL2E" fgcolor="#000000" bgcolor="#BFFFBF"
             type="rectangle" x="153" y="466" width="46" height="17"/>
    </entry>
    <entry id="7" name="hsa:7057" type="gene"
        link="https://www.kegg.jp/dbget-bin/www_bget?hsa:7057">
        <graphics name="THBS1, THBS, THBS-1, TSP, TSP-1, TSP1" fgcolor="#000000" bgcolor="#BFFFBF"
             type="rectangle" x="69" y="467" width="46" height="17"/>
    </entry>
    <entry id="8" name="hsa:8454" type="gene"
        link="https://www.kegg.jp/dbget-bin/www_bget?hsa:8454">
        <graphics name="CUL1" fgcolor="#000000" bgcolor="#BFFFBF"
             type="rectangle" x="466" y="426" width="46" height="17"/>
    </entry>
    <entry id="9" name="hsa:9978" type="gene"
        link="https://www.kegg.jp/dbget-bin/www_bget?hsa:9978">
        <graphics name="RBX1, BA554C12.1, RNF75, ROC1" fgcolor="#000000" bgcolor="#BFFFBF"
             type="rectangle" x="466" y="409" width="46" height="17"/>
    </entry>
    <entry id="10" name="path:hsa04350" type="map"
        link="https://www.kegg.jp/dbget-bin/www_bget?hsa04350">
        <graphics name="TITLE:TGF-beta signaling pathway" fgcolor="#000000" bgcolor="#FFFFFF"
             type="roundrectangle" x="167" y="58" width="253" height="25"/>
    </entry>
    <entry id="11" name="path:hsa04210" type="map"
        link="https://www.kegg.jp/dbget-bin/www_bget?hsa04210">
        <graphics name="Apoptosis" fgcolor="#000000" bgcolor="#FFFFFF"
             type="roundrectangle" x="961" y="462" width="94" height="26"/>
    </entry>
    <entry id="12" name="path:hsa04110" type="map"
        link="https://www.kegg.jp/dbget-bin/www_bget?hsa04110">
        <graphics name="Cell cycle" fgcolor="#000000" bgcolor="#FFFFFF"
             type="roundrectangle" x="960" y="576" width="85" height="28"/>
    </entry>
    <entry id="13" name="path:hsa04120" type="map"
        link="https://www.kegg.jp/dbget-bin/www_bget?hsa04120">
        <graphics name="Ubiquitin mediated proteolysis" fgcolor="#000000" bgcolor="#FFFFFF"
             type="roundrectangle" x="563" y="569" width="109" height="40"/>
    </entry>
    <entry id="14" name="path:hsa04010" type="map"
        link="https://www.kegg.jp/dbget-bin/www_bget?hsa04010">
        <graphics name="MAPK signaling pathway" fgcolor="#000000" bgcolor="#FFFFFF"
             type="roundrectangle" x="449" y="626" width="102" height="38"/>
    </entry>
    <entry id="15" name="hsa:4089" type="gene"
        link="https://www.kegg.jp/dbget-bin/www_bget?hsa:4089">
        <graphics name="SMAD4, DPC4, JIP, MADH4, MYHRS" fgcolor="#000000" bgcolor="#BFFFBF"
             type="rectangle" x="515" y="876" width="46" height="17"/>
    </entry>
    <entry id="16" name="hsa:4089" type="gene"
        link="https://www.kegg.jp/dbget-bin/www_bget?hsa:4089">
        <graphics name="SMAD4, DPC4, JIP, MADH4, MYHRS" fgcolor="#000000" bgcolor="#BFFFBF"
             type="rectangle" x="515" y="805" width="46" height="17"/>
    </entry>
    <entry id="17" name="hsa:92 hsa:93" type="gene"
        link="https://www.kegg.jp/dbget-bin/www_bget?hsa:92+hsa:93">
        <graphics name="ACVR2A, ACTRII, ACVR2..." fgcolor="#000000" bgcolor="#BFFFBF"
             type="rectangle" x="228" y="858" width="46" height="17"/>
    </entry>
    <entry id="18" name="hsa:130399 hsa:91" type="gene"
        link="https://www.kegg.jp/dbget-bin/www_bget?hsa:130399+hsa:91">
        <graphics name="ACVR1C, ACVRLK7, ALK7..." fgcolor="#000000" bgcolor="#BFFFBF"
             type="rectangle" x="228" y="841" width="46" height="17"/>
    </entry>
    <entry id="19" name="hsa:4087 hsa:4088" type="gene"
        link="https://www.kegg.jp/dbget-bin/www_bget?hsa:4087+hsa:4088">
        <graphics name="SMAD2, CHTD8, JV18, JV18-1, LDS6, MADH2, MADR2, hMAD-2, hSMAD2..." fgcolor="#000000" bgcolor="#BFFFBF"
             type="rectangle" x="402" y="841" width="46" height="17"/>
    </entry>
    <entry id="20" name="hsa:4838" type="gene"
        link="https://www.kegg.jp/dbget-bin/www_bget?hsa:4838">
        <graphics name="NODAL, HTX5" fgcolor="#000000" bgcolor="#BFFFBF"
             type="rectangle" x="153" y="857" width="46" height="17"/>
    </entry>
    <entry id="21" name="hsa:4091 hsa:4092" type="gene"
        link="https://www.kegg.jp/dbget-bin/www_bget?hsa:4091+hsa:4092">
        <graphics name="SMAD6, AOVD2, HsT17432, MADH6, MADH7..." fgcolor="#000000" bgcolor="#BFFFBF"
             type="rectangle" x="402" y="805" width="46" height="17"/>
    </entry>
    <entry id="22" name="hsa:4087 hsa:4088" type="gene"
        link="https://www.kegg.jp/dbget-bin/www_bget?hsa:4087+hsa:4088">
        <graphics name="SMAD2, CHTD8, JV18, JV18-1, LDS6, MADH2, MADR2, hMAD-2, hSMAD2..." fgcolor="#000000" bgcolor="#BFFFBF"
             type="rectangle" x="402" y="768" width="46" height="17"/>
    </entry>
    <entry id="23" name="hsa:5308" type="gene"
        link="https://www.kegg.jp/dbget-bin/www_bget?hsa:5308">
        <graphics name="PITX2, ARP1, ASGD4, Brx1, IDG2, IGDS, IGDS2, IHG2, IRID2, Otlx2, PTX2, RGS, RIEG, RIEG1, RS" fgcolor="#000000" bgcolor="#BFFFBF"
             type="rectangle" x="767" y="840" width="46" height="17"/>
    </entry>
    <entry id="24" name="hsa:6667" type="gene"
        link="https://www.kegg.jp/dbget-bin/www_bget?hsa:6667">
        <graphics name="SP1" fgcolor="#000000" bgcolor="#BFFFBF"
             type="rectangle" x="723" y="559" width="46" height="17"/>
    </entry>
    <entry id="25" name="hsa:1387 hsa:2033" type="gene"
        link="https://www.kegg.jp/dbget-bin/www_bget?hsa:1387+hsa:2033">
        <graphics name="CREBBP, CBP, KAT3A, MKHK1, RSTS, RSTS1..." fgcolor="#000000" bgcolor="#BFFFBF"
             type="rectangle" x="723" y="542" width="46" height="17"/>
    </entry>
    <entry id="26" name="hsa:1030" type="gene"
        link="https://www.kegg.jp/dbget-bin/www_bget?hsa:1030">
        <graphics name="CDKN2B, CDK4I, INK4B, MTS2, P15, TP15, p15INK4b" fgcolor="#000000" bgcolor="#BFFFBF"
             type="rectangle" x="837" y="550" width="46" height="17"/>
    </entry>
    <entry id="27" name="hsa:4609" type="gene"
        link="https://www.kegg.jp/dbget-bin/www_bget?hsa:4609">
        <graphics name="MYC, MRTL, MYCC, bHLHe39, c-Myc" fgcolor="#000000" bgcolor="#BFFFBF"
             type="rectangle" x="836" y="485" width="46" height="17"/>
    </entry>
    <entry id="28" name="hsa:7027" type="gene"
        link="https://www.kegg.jp/dbget-bin/www_bget?hsa:7027">
        <graphics name="TFDP1, DILC, DP1, DRTF1, Dp-1" fgcolor="#000000" bgcolor="#BFFFBF"
             type="rectangle" x="723" y="502" width="46" height="17"/>
    </entry>
    <entry id="29" name="hsa:1874 hsa:1875" type="gene"
        link="https://www.kegg.jp/dbget-bin/www_bget?hsa:1874+hsa:1875">
        <graphics name="E2F4, E2F-4..." fgcolor="#000000" bgcolor="#BFFFBF"
             type="rectangle" x="723" y="485" width="46" height="17"/>
    </entry>
    <entry id="30" name="hsa:5933" type="gene"
        link="https://www.kegg.jp/dbget-bin/www_bget?hsa:5933">
        <graphics name="RBL1, CP107, PRB1, p107" fgcolor="#000000" bgcolor="#BFFFBF"
             type="rectangle" x="723" y="468" width="46" height="17"/>
    </entry>
    <entry id="31" name="hsa:3397 hsa:3398 hsa:3399 hsa:3400" type="gene"
        link="https://www.kegg.jp/dbget-bin/www_bget?hsa:3397+hsa:3398+hsa:3399+hsa:3400">
        <graphics name="ID1, ID, bHLHb24..." fgcolor="#000000" bgcolor="#BFFFBF"
             type="rectangle" x="769" y="263" width="46" height="17"/>
    </entry>
    <entry id="32" name="hsa:92 hsa:93" type="gene"
        link="https://www.kegg.jp/dbget-bin/www_bget?hsa:92+hsa:93">
        <graphics name="ACVR2A, ACTRII, ACVR2..." fgcolor="#000000" bgcolor="#BFFFBF"
             type="rectangle" x="228" y="785" width="46" height="17"/>
    </entry>
    <entry id="33" name="hsa:90 hsa:91" type="gene"
        link="https://www.kegg.jp/dbget-bin/www_bget?hsa:90+hsa:91">
        <graphics name="ACVR1, ACTRI, ACVR1A, ACVRLK2, ALK2, FOP, SKR1, TSRI..." fgcolor="#000000" bgcolor="#BFFFBF"
             type="rectangle" x="228" y="768" width="46" height="17"/>
    </entry>
    <entry id="34" name="hsa:3624 hsa:3625 hsa:3626 hsa:83729" type="gene"
        link="https://www.kegg.jp/dbget-bin/www_bget?hsa:3624+hsa:3625+hsa:3626+hsa:83729">
        <graphics name="INHBA, EDF, FRP..." fgcolor="#000000" bgcolor="#BFFFBF"
             type="rectangle" x="153" y="785" width="46" height="17"/>
    </entry>
    <entry id="35" name="hsa:10468" type="gene"
        link="https://www.kegg.jp/dbget-bin/www_bget?hsa:10468">
        <graphics name="FST, FS" fgcolor="#000000" bgcolor="#BFFFBF"
             type="rectangle" x="69" y="796" width="46" height="17"/>
    </entry>
    <entry id="36" name="hsa:10637 hsa:7044" type="gene"
        link="https://www.kegg.jp/dbget-bin/www_bget?hsa:10637+hsa:7044">
        <graphics name="LEFTY1, LEFTB, LEFTYB..." fgcolor="#000000" bgcolor="#BFFFBF"
             type="rectangle" x="99" y="725" width="46" height="17"/>
    </entry>
    <entry id="37" name="hsa:6198 hsa:6199" type="gene"
        link="https://www.kegg.jp/dbget-bin/www_bget?hsa:6198+hsa:6199">
        <graphics name="RPS6KB1, PS6K, S6K, S6K-beta-1, S6K1, STK14A, p70_S6KA, p70(S6K)-alpha, p70-S6K, p70-alpha..." fgcolor="#000000" bgcolor="#BFFFBF"
             type="rectangle" x="478" y="697" width="46" height="17"/>
    </entry>
    <entry id="38" name="hsa:5515 hsa:5516 hsa:5518 hsa:5519" type="gene"
        link="https://www.kegg.jp/dbget-bin/www_bget?hsa:5515+hsa:5516+hsa:5518+hsa:5519">
        <graphics name="PPP2CA, NEDLBA, PP2Ac, PP2CA, PP2Calpha, RP-C..." fgcolor="#000000" bgcolor="#BFFFBF"
             type="rectangle" x="352" y="697" width="46" height="17"/>
    </entry>
    <entry id="39" name="hsa:6093" type="gene"
        link="https://www.kegg.jp/dbget-bin/www_bget?hsa:6093">
        <graphics name="ROCK1, P160ROCK, ROCK-I" fgcolor="#000000" bgcolor="#BFFFBF"
             type="rectangle" x="478" y="672" width="46" height="17"/>
    </entry>
    <entry id="40" name="hsa:387" type="gene"
        link="https://www.kegg.jp/dbget-bin/www_bget?hsa:387">
        <graphics name="RHOA, ARH12, ARHA, EDFAOB, RHO12, RHOH12" fgcolor="#000000" bgcolor="#BFFFBF"
             type="rectangle" x="352" y="672" width="46" height="17"/>
    </entry>
    <entry id="41" name="hsa:4089" type="gene"
        link="https://www.kegg.jp/dbget-bin/www_bget?hsa:4089">
        <graphics name="SMAD4, DPC4, JIP, MADH4, MYHRS" fgcolor="#000000" bgcolor="#BFFFBF"
             type="rectangle" x="515" y="517" width="46" height="17"/>
    </entry>
    <entry id="42" name="hsa:9372 hsa:9765" type="gene"
        link="https://www.kegg.jp/dbget-bin/www_bget?hsa:9372+hsa:9765">
        <graphics name="ZFYVE9, MADHIP, NSP, PPP1R173, SARA, SMADIP..." fgcolor="#000000" bgcolor="#BFFFBF"
             type="rectangle" x="402" y="517" width="46" height="17"/>
    </entry>
    <entry id="43" name="hsa:4087 hsa:4088" type="gene"
        link="https://www.kegg.jp/dbget-bin/www_bget?hsa:4087+hsa:4088">
        <graphics name="SMAD2, CHTD8, JV18, JV18-1, LDS6, MADH2, MADR2, hMAD-2, hSMAD2..." fgcolor="#000000" bgcolor="#BFFFBF"
             type="rectangle" x="402" y="484" width="46" height="17"/>
    </entry>
    <entry id="44" name="hsa:6500" type="gene"
        link="https://www.kegg.jp/dbget-bin/www_bget?hsa:6500">
        <graphics name="SKP1, EMC19, OCP-II, OCP2, SKP1A, TCEB1L, p19A" fgcolor="#000000" bgcolor="#BFFFBF"
             type="rectangle" x="466" y="443" width="46" height="17"/>
    </entry>
    <entry id="45" name="hsa:5594 hsa:5595" type="gene"
        link="https://www.kegg.jp/dbget-bin/www_bget?hsa:5594+hsa:5595">
        <graphics name="MAPK1, ERK, ERK-2, ERK2, ERT1, MAPK2, NS13, P42MAPK, PRKM1, PRKM2, p38, p40, p41, p41mapk, p42-MAPK..." fgcolor="#000000" bgcolor="#BFFFBF"
             type="rectangle" x="549" y="360" width="46" height="17"/>
    </entry>
    <entry id="46" name="hsa:4089" type="gene"
        link="https://www.kegg.jp/dbget-bin/www_bget?hsa:4089">
        <graphics name="SMAD4, DPC4, JIP, MADH4, MYHRS" fgcolor="#000000" bgcolor="#BFFFBF"
             type="rectangle" x="509" y="295" width="46" height="17"/>
    </entry>
    <entry id="47" name="hsa:4091 hsa:4092" type="gene"
        link="https://www.kegg.jp/dbget-bin/www_bget?hsa:4091+hsa:4092">
        <graphics name="SMAD6, AOVD2, HsT17432, MADH6, MADH7..." fgcolor="#000000" bgcolor="#BFFFBF"
             type="rectangle" x="402" y="394" width="46" height="17"/>
    </entry>
    <entry id="48" name="hsa:57154 hsa:64750" type="gene"
        link="https://www.kegg.jp/dbget-bin/www_bget?hsa:57154+hsa:64750">
        <graphics name="SMURF1..." fgcolor="#000000" bgcolor="#BFFFBF"
             type="rectangle" x="367" y="429" width="46" height="17"/>
    </entry>
    <entry id="49" name="hsa:7048" type="gene"
        link="https://www.kegg.jp/dbget-bin/www_bget?hsa:7048">
        <graphics name="TGFBR2, AAT3, FAA3, LDS1B, LDS2, LDS2B, MFS2, RIIC, TAAD2, TBR-ii, TBRII, TGFR-2, TGFbeta-RII, tbetaR-II" fgcolor="#000000" bgcolor="#BFFFBF"
             type="rectangle" x="228" y="501" width="46" height="17"/>
    </entry>
    <entry id="50" name="hsa:7046" type="gene"
        link="https://www.kegg.jp/dbget-bin/www_bget?hsa:7046">
        <graphics name="TGFBR1, AAT5, ACVRLK4, ALK-5, ALK5, ESS1, LDS1, LDS1A, LDS2A, MSSE, SKR4, TBR-i, TBRI, TGFR-1, tbetaR-I" fgcolor="#000000" bgcolor="#BFFFBF"
             type="rectangle" x="228" y="484" width="46" height="17"/>
    </entry>
    <entry id="51" name="hsa:7040 hsa:7042 hsa:7043" type="gene"
        link="https://www.kegg.jp/dbget-bin/www_bget?hsa:7040+hsa:7042+hsa:7043">
        <graphics name="TGFB1, CED, DPD1, IBDIMDE, LAP, TGF-beta1, TGFB, TGFbeta..." fgcolor="#000000" bgcolor="#BFFFBF"
             type="rectangle" x="153" y="501" width="46" height="17"/>
    </entry>
    <entry id="52" name="hsa:1634" type="gene"
        link="https://www.kegg.jp/dbget-bin/www_bget?hsa:1634">
        <graphics name="DCN, CSCD, DSPG2, PG40, PGII, PGS2, SLRR1B" fgcolor="#000000" bgcolor="#BFFFBF"
             type="rectangle" x="69" y="505" width="46" height="17"/>
    </entry>
    <entry id="53" name="hsa:7124" type="gene"
        link="https://www.kegg.jp/dbget-bin/www_bget?hsa:7124">
        <graphics name="TNF, DIF, TNF-alpha, TNFA, TNFSF2, TNLG1F" fgcolor="#000000" bgcolor="#BFFFBF"
             type="rectangle" x="168" y="405" width="46" height="17"/>
    </entry>
    <entry id="54" name="hsa:3458" type="gene"
        link="https://www.kegg.jp/dbget-bin/www_bget?hsa:3458">
        <graphics name="IFNG, IFG, IFI, IMD69" fgcolor="#000000" bgcolor="#BFFFBF"
             type="rectangle" x="168" y="383" width="46" height="17"/>
    </entry>
    <entry id="55" name="hsa:269 hsa:659" type="gene"
        link="https://www.kegg.jp/dbget-bin/www_bget?hsa:269+hsa:659">
        <graphics name="AMHR2, AMHR, MISR2, MISRII, MRII..." fgcolor="#000000" bgcolor="#BFFFBF"
             type="rectangle" x="228" y="319" width="46" height="17"/>
    </entry>
    <entry id="56" name="hsa:657 hsa:658 hsa:90" type="gene"
        link="https://www.kegg.jp/dbget-bin/www_bget?hsa:657+hsa:658+hsa:90">
        <graphics name="BMPR1A, 10q23del, ACVRLK3, ALK-3, ALK3, BMPR-1A, CD292, SKR5..." fgcolor="#000000" bgcolor="#BFFFBF"
             type="rectangle" x="228" y="302" width="46" height="17"/>
    </entry>
    <entry id="57" name="hsa:151449 hsa:268 hsa:353500 hsa:392255 hsa:650 hsa:652 hsa:653 hsa:654 hsa:655 hsa:656 hsa:8200" type="gene"
        link="https://www.kegg.jp/dbget-bin/www_bget?hsa:151449+hsa:268+hsa:353500+hsa:392255+hsa:650+hsa:652+hsa:653+hsa:654+hsa:655+hsa:656+hsa:8200">
        <graphics name="GDF7, BMP12..." fgcolor="#000000" bgcolor="#BFFFBF"
             type="rectangle" x="153" y="319" width="46" height="17"/>
    </entry>
    <entry id="58" name="hsa:9241" type="gene"
        link="https://www.kegg.jp/dbget-bin/www_bget?hsa:9241">
        <graphics name="NOG, SYM1, SYNS1, SYNS1A" fgcolor="#000000" bgcolor="#BFFFBF"
             type="rectangle" x="168" y="276" width="46" height="17"/>
    </entry>
    <entry id="59" name="hsa:100532736 hsa:4681" type="gene"
        link="https://www.kegg.jp/dbget-bin/www_bget?hsa:100532736+hsa:4681">
        <graphics name="MICOS10-NBL1, C1orf151-NBL1, DAN, DAND1, MINOS1-NBL1, NBL1..." fgcolor="#000000" bgcolor="#BFFFBF"
             type="rectangle" x="69" y="308" width="46" height="17"/>
    </entry>
    <entry id="60" name="hsa:4086 hsa:4090 hsa:4093" type="gene"
        link="https://www.kegg.jp/dbget-bin/www_bget?hsa:4086+hsa:4090+hsa:4093">
        <graphics name="SMAD1, BSP-1, BSP1, JV4-1, JV41, MADH1, MADR1..." fgcolor="#000000" bgcolor="#BFFFBF"
             type="rectangle" x="402" y="263" width="46" height="17"/>
    </entry>
    <entry id="61" name="hsa:8646" type="gene"
        link="https://www.kegg.jp/dbget-bin/www_bget?hsa:8646">
        <graphics name="CHRD" fgcolor="#000000" bgcolor="#BFFFBF"
             type="rectangle" x="97" y="268" width="46" height="17"/>
    </entry>
    <entry id="151" name="hsa:25805" type="gene"
        link="https://www.kegg.jp/dbget-bin/www_bget?hsa:25805">
        <graphics name="BAMBI, NMA" fgcolor="#000000" bgcolor="#BFFFBF"
             type="rectangle" x="228" y="270" width="46" height="17"/>
    </entry>
    <entry id="152" name="hsa:25805" type="gene"
        link="https://www.kegg.jp/dbget-bin/www_bget?hsa:25805">
        <graphics name="BAMBI, NMA" fgcolor="#000000" bgcolor="#BFFFBF"
             type="rectangle" x="228" y="451" width="46" height="17"/>
    </entry>
    <entry id="153" name="hsa:25805" type="gene"
        link="https://www.kegg.jp/dbget-bin/www_bget?hsa:25805">
        <graphics name="BAMBI, NMA" fgcolor="#000000" bgcolor="#BFFFBF"
             type="rectangle" x="228" y="733" width="46" height="17"/>
    </entry>
    <entry id="159" name="hsa:60436 hsa:7050" type="gene"
        link="https://www.kegg.jp/dbget-bin/www_bget?hsa:60436+hsa:7050">
        <graphics name="TGIF2..." fgcolor="#000000" bgcolor="#BFFFBF"
             type="rectangle" x="672" y="577" width="46" height="17"/>
    </entry>
    <entry id="166" name="hsa:2331" type="gene"
        link="https://www.kegg.jp/dbget-bin/www_bget?hsa:2331">
        <graphics name="FMOD, FM, SLRR2E" fgcolor="#000000" bgcolor="#BFFFBF"
             type="rectangle" x="69" y="531" width="46" height="17"/>
    </entry>
    <entry id="170" name="hsa:650 hsa:652 hsa:654" type="gene"
        link="https://www.kegg.jp/dbget-bin/www_bget?hsa:650+hsa:652+hsa:654">
        <graphics name="BMP2, BDA2, BMP2A, SSFSC, SSFSC1..." fgcolor="#000000" bgcolor="#BFFFBF"
             type="rectangle" x="153" y="136" width="46" height="17"/>
    </entry>
    <entry id="172" name="hsa:148738" type="gene"
        link="https://www.kegg.jp/dbget-bin/www_bget?hsa:148738">
        <graphics name="HJV, HFE2, HFE2A, JH, RGMC" fgcolor="#000000" bgcolor="#BFFFBF"
             type="rectangle" x="228" y="120" width="46" height="17"/>
    </entry>
    <entry id="174" name="hsa:659 hsa:92" type="gene"
        link="https://www.kegg.jp/dbget-bin/www_bget?hsa:659+hsa:92">
        <graphics name="BMPR2, BMPR-II, BMPR3, BMR2, BRK-3, POVD1, PPH1, T-ALK..." fgcolor="#000000" bgcolor="#BFFFBF"
             type="rectangle" x="228" y="166" width="46" height="17"/>
    </entry>
    <entry id="175" name="hsa:657 hsa:658 hsa:90" type="gene"
        link="https://www.kegg.jp/dbget-bin/www_bget?hsa:657+hsa:658+hsa:90">
        <graphics name="BMPR1A, 10q23del, ACVRLK3, ALK-3, ALK3, BMPR-1A, CD292, SKR5..." fgcolor="#000000" bgcolor="#BFFFBF"
             type="rectangle" x="228" y="149" width="46" height="17"/>
    </entry>
    <entry id="176" name="hsa:3625" type="gene"
        link="https://www.kegg.jp/dbget-bin/www_bget?hsa:3625">
        <graphics name="INHBB" fgcolor="#000000" bgcolor="#BFFFBF"
             type="rectangle" x="153" y="164" width="46" height="17"/>
    </entry>
    <entry id="178" name="hsa:4756" type="gene"
        link="https://www.kegg.jp/dbget-bin/www_bget?hsa:4756">
        <graphics name="NEO1, IGDCC2, NGN, NTN1R2" fgcolor="#000000" bgcolor="#BFFFBF"
             type="rectangle" x="228" y="103" width="46" height="17"/>
    </entry>
    <entry id="179" name="hsa:650 hsa:652" type="gene"
        link="https://www.kegg.jp/dbget-bin/www_bget?hsa:650+hsa:652">
        <graphics name="BMP2, BDA2, BMP2A, SSFSC, SSFSC1..." fgcolor="#000000" bgcolor="#BFFFBF"
             type="rectangle" x="153" y="224" width="46" height="17"/>
    </entry>
    <entry id="181" name="hsa:285704 hsa:56963" type="gene"
        link="https://www.kegg.jp/dbget-bin/www_bget?hsa:285704+hsa:56963">
        <graphics name="RGMB, DRAGON..." fgcolor="#000000" bgcolor="#BFFFBF"
             type="rectangle" x="228" y="195" width="46" height="17"/>
    </entry>
    <entry id="183" name="hsa:659 hsa:92" type="gene"
        link="https://www.kegg.jp/dbget-bin/www_bget?hsa:659+hsa:92">
        <graphics name="BMPR2, BMPR-II, BMPR3, BMR2, BRK-3, POVD1, PPH1, T-ALK..." fgcolor="#000000" bgcolor="#BFFFBF"
             type="rectangle" x="228" y="241" width="46" height="17"/>
    </entry>
    <entry id="184" name="hsa:657 hsa:658 hsa:90" type="gene"
        link="https://www.kegg.jp/dbget-bin/www_bget?hsa:657+hsa:658+hsa:90">
        <graphics name="BMPR1A, 10q23del, ACVRLK3, ALK-3, ALK3, BMPR-1A, CD292, SKR5..." fgcolor="#000000" bgcolor="#BFFFBF"
             type="rectangle" x="228" y="224" width="46" height="17"/>
    </entry>
    <entry id="187" name="hsa:4089" type="gene"
        link="https://www.kegg.jp/dbget-bin/www_bget?hsa:4089">
        <graphics name="SMAD4, DPC4, JIP, MADH4, MYHRS" fgcolor="#000000" bgcolor="#BFFFBF"
             type="rectangle" x="509" y="177" width="46" height="17"/>
    </entry>
    <entry id="188" name="hsa:4086 hsa:4090 hsa:4093" type="gene"
        link="https://www.kegg.jp/dbget-bin/www_bget?hsa:4086+hsa:4090+hsa:4093">
        <graphics name="SMAD1, BSP-1, BSP1, JV4-1, JV41, MADH1, MADR1..." fgcolor="#000000" bgcolor="#BFFFBF"
             type="rectangle" x="402" y="149" width="46" height="17"/>
    </entry>
    <entry id="193" name="hsa:57817" type="gene"
        link="https://www.kegg.jp/dbget-bin/www_bget?hsa:57817">
        <graphics name="HAMP, HEPC, HFE2B, LEAP1, PLTR" fgcolor="#000000" bgcolor="#BFFFBF"
             type="rectangle" x="769" y="149" width="46" height="17"/>
    </entry>
    <entry id="196" name="hsa:26585 hsa:64388" type="gene"
        link="https://www.kegg.jp/dbget-bin/www_bget?hsa:26585+hsa:64388">
        <graphics name="GREM1, C15DUPq, CKTSF1B1, CRAC1, CRCS4, DAND2, DRM, DUP15q, GREMLIN, HMPS, HMPS1, IHG-2, MPSH, PIG2..." fgcolor="#000000" bgcolor="#BFFFBF"
             type="rectangle" x="69" y="336" width="46" height="17"/>
    </entry>
    <entry id="199" name="hsa:79875" type="gene"
        link="https://www.kegg.jp/dbget-bin/www_bget?hsa:79875">
        <graphics name="THSD4, AAT12, ADAMTSL-6, ADAMTSL6, FVSY9334, PRO34005" fgcolor="#000000" bgcolor="#BFFFBF"
             type="rectangle" x="107" y="434" width="46" height="17"/>
    </entry>
    <entry id="201" name="hsa:2200" type="gene"
        link="https://www.kegg.jp/dbget-bin/www_bget?hsa:2200">
        <graphics name="FBN1, ACMICD, ECTOL1, FBN, GPHYSD2, MASS, MFLS, MFS1, OCTD, SGS, SSKS, WMS, WMS2" fgcolor="#000000" bgcolor="#BFFFBF"
             type="rectangle" x="153" y="434" width="46" height="17"/>
    </entry>
    <entry id="203" name="hsa:3547" type="gene"
        link="https://www.kegg.jp/dbget-bin/www_bget?hsa:3547">
        <graphics name="IGSF1, CHTE, IGCD1, IGDC1, INHBP, PGSF2, p120" fgcolor="#000000" bgcolor="#BFFFBF"
             type="rectangle" x="227" y="702" width="46" height="17"/>
    </entry>
    <entry id="204" name="undefined" type="group">
        <graphics fgcolor="#000000" bgcolor="#FFFFFF"
             type="rectangle" x="723" y="550" width="46" height="34"/>
        <component id="24"/>
        <component id="25"/>
    </entry>
    <entry id="205" name="undefined" type="group">
        <graphics fgcolor="#000000" bgcolor="#FFFFFF"
             type="rectangle" x="723" y="485" width="46" height="51"/>
        <component id="28"/>
        <component id="29"/>
        <component id="30"/>
    </entry>
    <entry id="206" name="undefined" type="group">
        <graphics fgcolor="#000000" bgcolor="#FFFFFF"
             type="rectangle" x="466" y="426" width="46" height="51"/>
        <component id="44"/>
        <component id="8"/>
        <component id="9"/>
    </entry>
    <entry id="207" name="undefined" type="group">
        <graphics fgcolor="#000000" bgcolor="#FFFFFF"
             type="rectangle" x="228" y="492" width="46" height="34"/>
        <component id="49"/>
        <component id="50"/>
    </entry>
    <entry id="208" name="undefined" type="group">
        <graphics fgcolor="#000000" bgcolor="#FFFFFF"
             type="rectangle" x="228" y="111" width="46" height="34"/>
        <component id="172"/>
        <component id="178"/>
    </entry>
    <entry id="209" name="undefined" type="group">
        <graphics fgcolor="#000000" bgcolor="#FFFFFF"
             type="rectangle" x="455" y="163" width="153" height="45"/>
        <component id="187"/>
        <component id="188"/>
    </entry>
    <entry id="210" name="undefined" type="group">
        <graphics fgcolor="#000000" bgcolor="#FFFFFF"
             type="rectangle" x="455" y="279" width="153" height="49"/>
        <component id="46"/>
        <component id="60"/>
    </entry>
    <entry id="211" name="undefined" type="group">
        <graphics fgcolor="#000000" bgcolor="#FFFFFF"
             type="rectangle" x="458" y="858" width="159" height="52"/>
        <component id="15"/>
        <component id="19"/>
    </entry>
    <entry id="212" name="undefined" type="group">
        <graphics fgcolor="#000000" bgcolor="#FFFFFF"
             type="rectangle" x="458" y="500" width="159" height="50"/>
        <component id="41"/>
        <component id="43"/>
    </entry>
    <relation entry1="51" entry2="49" type="PPrel">
        <subtype name="activation" value="--&gt;"/>
    </relation>
    <relation entry1="57" entry2="55" type="PPrel">
        <subtype name="activation" value="--&gt;"/>
    </relation>
    <relation entry1="34" entry2="32" type="PPrel">
        <subtype name="activation" value="--&gt;"/>
    </relation>
    <relation entry1="20" entry2="17" type="PPrel">
        <subtype name="activation" value="--&gt;"/>
    </relation>
    <relation entry1="60" entry2="46" type="PPrel">
        <subtype name="activation" value="--&gt;"/>
    </relation>
    <relation entry1="43" entry2="41" type="PPrel">
        <subtype name="activation" value="--&gt;"/>
    </relation>
    <relation entry1="22" entry2="16" type="PPrel">
        <subtype name="activation" value="--&gt;"/>
    </relation>
    <relation entry1="19" entry2="15" type="PPrel">
        <subtype name="activation" value="--&gt;"/>
    </relation>
    <relation entry1="204" entry2="26" type="GErel">
        <subtype name="expression" value="--&gt;"/>
    </relation>
    <relation entry1="205" entry2="27" type="GErel">
        <subtype name="repression" value="--|"/>
    </relation>
    <relation entry1="27" entry2="26" type="PPrel">
        <subtype name="inhibition" value="--|"/>
    </relation>
    <relation entry1="206" entry2="43" type="PPrel">
        <subtype name="inhibition" value="--|"/>
    </relation>
    <relation entry1="47" entry2="43" type="PPrel">
        <subtype name="inhibition" value="--|"/>
    </relation>
    <relation entry1="47" entry2="60" type="PPrel">
        <subtype name="inhibition" value="--|"/>
    </relation>
    <relation entry1="21" entry2="22" type="PPrel">
        <subtype name="inhibition" value="--|"/>
    </relation>
    <relation entry1="21" entry2="19" type="PPrel">
        <subtype name="inhibition" value="--|"/>
    </relation>
    <relation entry1="61" entry2="57" type="PPrel">
        <subtype name="inhibition" value="--|"/>
    </relation>
    <relation entry1="58" entry2="57" type="PPrel">
        <subtype name="inhibition" value="--|"/>
    </relation>
    <relation entry1="7" entry2="6" type="PPrel">
        <subtype name="inhibition" value="--|"/>
    </relation>
    <relation entry1="6" entry2="51" type="PPrel">
        <subtype name="inhibition" value="--|"/>
    </relation>
    <relation entry1="52" entry2="51" type="PPrel">
        <subtype name="inhibition" value="--|"/>
    </relation>
    <relation entry1="34" entry2="51" type="PPrel">
        <subtype name="inhibition" value="--|"/>
    </relation>
    <relation entry1="36" entry2="51" type="PPrel">
        <subtype name="inhibition" value="--|"/>
    </relation>
    <relation entry1="35" entry2="34" type="PPrel">
        <subtype name="inhibition" value="--|"/>
    </relation>
    <relation entry1="34" entry2="20" type="PPrel">
        <subtype name="inhibition" value="--|"/>
    </relation>
    <relation entry1="36" entry2="20" type="PPrel">
        <subtype name="inhibition" value="--|"/>
    </relation>
    <relation entry1="48" entry2="207" type="PPrel">
        <subtype name="inhibition" value="--|"/>
    </relation>
    <relation entry1="47" entry2="48" type="PPrel">
        <subtype name="binding/association" value="---"/>
    </relation>
    <relation entry1="42" entry2="43" type="PPrel">
        <subtype name="dissociation" value="-+-"/>
    </relation>
    <relation entry1="40" entry2="39" type="PPrel">
        <subtype name="activation" value="--&gt;"/>
    </relation>
    <relation entry1="49" entry2="40" type="PPrel">
        <subtype name="activation" value="--&gt;"/>
    </relation>
    <relation entry1="49" entry2="38" type="PPrel">
        <subtype name="activation" value="--&gt;"/>
    </relation>
    <relation entry1="151" entry2="56" type="PPrel">
        <subtype name="inhibition" value="--|"/>
    </relation>
    <relation entry1="152" entry2="50" type="PPrel">
        <subtype name="inhibition" value="--|"/>
    </relation>
    <relation entry1="153" entry2="33" type="PPrel">
        <subtype name="inhibition" value="--|"/>
    </relation>
    <relation entry1="166" entry2="51" type="PPrel">
        <subtype name="inhibition" value="--|"/>
    </relation>
    <relation entry1="196" entry2="57" type="PPrel">
        <subtype name="inhibition" value="--|"/>
    </relation>
    <relation entry1="170" entry2="175" type="PPrel">
        <subtype name="activation" value="--&gt;"/>
    </relation>
    <relation entry1="176" entry2="175" type="PPrel">
        <subtype name="activation" value="--&gt;"/>
    </relation>
    <relation entry1="179" entry2="184" type="PPrel">
        <subtype name="activation" value="--&gt;"/>
    </relation>
    <relation entry1="175" entry2="188" type="PPrel">
        <subtype name="activation" value="--&gt;"/>
        <subtype name="phosphorylation" value="+p"/>
    </relation>
    <relation entry1="184" entry2="60" type="PPrel">
        <subtype name="activation" value="--&gt;"/>
        <subtype name="phosphorylation" value="+p"/>
    </relation>
    <relation entry1="178" entry2="172" type="PPrel">
        <subtype name="binding/association" value="---"/>
    </relation>
    <relation entry1="175" entry2="174" type="PPrel">
        <subtype name="binding/association" value="---"/>
    </relation>
    <relation entry1="184" entry2="183" type="PPrel">
        <subtype name="binding/association" value="---"/>
    </relation>
    <relation entry1="181" entry2="184" type="PPrel">
        <subtype name="binding/association" value="---"/>
    </relation>
    <relation entry1="175" entry2="208" type="PPrel">
        <subtype name="binding/association" value="---"/>
    </relation>
    <relation entry1="209" entry2="193" type="GErel">
        <subtype name="expression" value="--&gt;"/>
    </relation>
    <relation entry1="210" entry2="31" type="GErel">
        <subtype name="expression" value="--&gt;"/>
    </relation>
    <relation entry1="59" entry2="57" type="PPrel">
        <subtype name="inhibition" value="--|"/>
    </relation>
    <relation entry1="211" entry2="23" type="GErel">
        <subtype name="expression" value="--&gt;"/>
    </relation>
    <relation entry1="212" entry2="205" type="PPrel">
        <subtype name="activation" value="--&gt;"/>
    </relation>
    <relation entry1="54" entry2="47" type="PPrel">
        <subtype name="activation" value="--&gt;"/>
        <subtype name="indirect effect" value="..&gt;"/>
    </relation>
    <relation entry1="53" entry2="47" type="PPrel">
        <subtype name="activation" value="--&gt;"/>
        <subtype name="indirect effect" value="..&gt;"/>
    </relation>
    <relation entry1="45" entry2="60" type="PPrel">
        <subtype name="inhibition" value="--|"/>
    </relation>
    <relation entry1="45" entry2="43" type="PPrel">
        <subtype name="inhibition" value="--|"/>
    </relation>
    <relation entry1="159" entry2="43" type="PPrel">
        <subtype name="inhibition" value="--|"/>
    </relation>
    <relation entry1="56" entry2="60" type="PPrel">
        <subtype name="activation" value="--&gt;"/>
        <subtype name="phosphorylation" value="+p"/>
    </relation>
    <relation entry1="50" entry2="43" type="PPrel">
        <subtype name="activation" value="--&gt;"/>
        <subtype name="phosphorylation" value="+p"/>
    </relation>
    <relation entry1="33" entry2="22" type="PPrel">
        <subtype name="activation" value="--&gt;"/>
        <subtype name="phosphorylation" value="+p"/>
    </relation>
    <relation entry1="18" entry2="19" type="PPrel">
        <subtype name="activation" value="--&gt;"/>
        <subtype name="phosphorylation" value="+p"/>
    </relation>
    <relation entry1="38" entry2="37" type="PPrel">
        <subtype name="activation" value="--&gt;"/>
        <subtype name="dephosphorylation" value="-p"/>
    </relation>
    <relation entry1="203" entry2="33" type="PPrel">
        <subtype name="inhibition" value="--|"/>
    </relation>
</pathway>
