<?xml version="1.0"?>
<!DOCTYPE pathway SYSTEM "https://www.kegg.jp/kegg/xml/KGML_v0.7.2_.dtd">
<!-- Creation date: Feb 1, 2019 16:50:12 +0900 (GMT+9) -->
<pathway name="path:hsa04925" org="hsa" number="04925"
         title="Aldosterone synthesis and secretion"
         image="https://www.kegg.jp/kegg/pathway/hsa/hsa04925.png"
         link="https://www.kegg.jp/kegg-bin/show_pathway?hsa04925">
    <entry id="15" name="path:hsa04925" type="map"
        link="https://www.kegg.jp/dbget-bin/www_bget?hsa04925">
        <graphics name="TITLE:Aldosterone synthesis and secretion" fgcolor="#000000" bgcolor="#FFFFFF"
             type="roundrectangle" x="212" y="58" width="343" height="25"/>
    </entry>
    <entry id="16" name="cpd:C00942" type="compound"
        link="https://www.kegg.jp/dbget-bin/www_bget?C00942">
        <graphics name="C00942" fgcolor="#000000" bgcolor="#FFFFFF"
             type="circle" x="361" y="724" width="8" height="8"/>
    </entry>
    <entry id="19" name="hsa:3708 hsa:3709 hsa:3710" type="gene"
        link="https://www.kegg.jp/dbget-bin/www_bget?hsa:3708+hsa:3709+hsa:3710">
        <graphics name="ITPR1, ACV, CLA4, INSP3R1, IP3R, IP3R1, PPP1R94, SCA15, SCA16, SCA29..." fgcolor="#000000" bgcolor="#BFFFBF"
             type="rectangle" x="601" y="193" width="46" height="17"/>
    </entry>
    <entry id="20" name="cpd:C00076" type="compound"
        link="https://www.kegg.jp/dbget-bin/www_bget?C00076">
        <graphics name="C00076" fgcolor="#000000" bgcolor="#FFFFFF"
             type="circle" x="548" y="191" width="8" height="8"/>
    </entry>
    <entry id="21" name="hsa:3777 hsa:51305" type="gene"
        link="https://www.kegg.jp/dbget-bin/www_bget?hsa:3777+hsa:51305">
        <graphics name="KCNK3, K2p3.1, OAT1, PPH4, TASK, TASK-1, TASK1, TBAK1..." fgcolor="#000000" bgcolor="#BFFFBF"
             type="rectangle" x="244" y="252" width="46" height="17"/>
    </entry>
    <entry id="22" name="cpd:C00238" type="compound"
        link="https://www.kegg.jp/dbget-bin/www_bget?C00238">
        <graphics name="C00238" fgcolor="#000000" bgcolor="#FFFFFF"
             type="circle" x="187" y="252" width="8" height="8"/>
    </entry>
    <entry id="23" name="hsa:23236 hsa:5330 hsa:5331 hsa:5332" type="gene"
        link="https://www.kegg.jp/dbget-bin/www_bget?hsa:23236+hsa:5330+hsa:5331+hsa:5332">
        <graphics name="PLCB1, DEE12, EIEE12, PI-PLC, PLC-154, PLC-I, PLC-beta-1, PLC154, PLCB1A, PLCB1B..." fgcolor="#000000" bgcolor="#BFFFBF"
             type="rectangle" x="420" y="161" width="46" height="17"/>
    </entry>
    <entry id="24" name="hsa:775 hsa:776 hsa:778 hsa:779" type="gene"
        link="https://www.kegg.jp/dbget-bin/www_bget?hsa:775+hsa:776+hsa:778+hsa:779">
        <graphics name="CACNA1C, CACH2, CACN2, CACNL1A1, CCHL1A1, CaV1.2, LQT8, NEDHLSS, TS, TS._LQT8..." fgcolor="#000000" bgcolor="#BFFFBF"
             type="rectangle" x="244" y="390" width="46" height="17"/>
    </entry>
    <entry id="26" name="cpd:C01245" type="compound"
        link="https://www.kegg.jp/dbget-bin/www_bget?C01245">
        <graphics name="C01245" fgcolor="#000000" bgcolor="#FFFFFF"
             type="circle" x="513" y="161" width="8" height="8"/>
    </entry>
    <entry id="28" name="hsa:2767 hsa:2776" type="gene"
        link="https://www.kegg.jp/dbget-bin/www_bget?hsa:2767+hsa:2776">
        <graphics name="GNA11, FBH, FBH2, FHH2, GNA-11, HG1K, HHC2, HYPOC2..." fgcolor="#000000" bgcolor="#BFFFBF"
             type="rectangle" x="330" y="161" width="46" height="17"/>
    </entry>
    <entry id="30" name="hsa:8911 hsa:8912 hsa:8913" type="gene"
        link="https://www.kegg.jp/dbget-bin/www_bget?hsa:8911+hsa:8912+hsa:8913">
        <graphics name="CACNA1I, Cav3.3, NEDSIS, ca(v)3.3..." fgcolor="#000000" bgcolor="#BFFFBF"
             type="rectangle" x="244" y="366" width="46" height="17"/>
    </entry>
    <entry id="32" name="cpd:C00076" type="compound"
        link="https://www.kegg.jp/dbget-bin/www_bget?C00076">
        <graphics name="C00076" fgcolor="#000000" bgcolor="#FFFFFF"
             type="circle" x="186" y="366" width="8" height="8"/>
    </entry>
    <entry id="33" name="path:hsa04020" type="map"
        link="https://www.kegg.jp/dbget-bin/www_bget?hsa04020">
        <graphics name="Calcium signaling pathway" fgcolor="#000000" bgcolor="#FFFFFF"
             type="roundrectangle" x="452" y="359" width="125" height="34"/>
    </entry>
    <entry id="34" name="hsa:10488 hsa:1385 hsa:1386 hsa:1388 hsa:148327 hsa:468 hsa:64764 hsa:84699 hsa:90993 hsa:9586" type="gene"
        link="https://www.kegg.jp/dbget-bin/www_bget?hsa:10488+hsa:1385+hsa:1386+hsa:1388+hsa:148327+hsa:468+hsa:64764+hsa:84699+hsa:90993+hsa:9586">
        <graphics name="CREB3, LUMAN, LZIP, sLZIP..." fgcolor="#000000" bgcolor="#BFFFBF"
             type="rectangle" x="800" y="335" width="46" height="17"/>
    </entry>
    <entry id="35" name="hsa:107 hsa:108 hsa:109 hsa:111 hsa:112 hsa:113 hsa:114 hsa:115 hsa:196883" type="gene"
        link="https://www.kegg.jp/dbget-bin/www_bget?hsa:107+hsa:108+hsa:109+hsa:111+hsa:112+hsa:113+hsa:114+hsa:115+hsa:196883">
        <graphics name="ADCY1, AC1, DFNB44..." fgcolor="#000000" bgcolor="#BFFFBF"
             type="rectangle" x="244" y="647" width="46" height="17"/>
    </entry>
    <entry id="36" name="cpd:C00575" type="compound"
        link="https://www.kegg.jp/dbget-bin/www_bget?C00575">
        <graphics name="C00575" fgcolor="#000000" bgcolor="#FFFFFF"
             type="circle" x="358" y="648" width="8" height="8"/>
    </entry>
    <entry id="37" name="cpd:C00020" type="compound"
        link="https://www.kegg.jp/dbget-bin/www_bget?C00020">
        <graphics name="C00020" fgcolor="#000000" bgcolor="#FFFFFF"
             type="circle" x="548" y="650" width="8" height="8"/>
    </entry>
    <entry id="40" name="hsa:5138" type="gene"
        link="https://www.kegg.jp/dbget-bin/www_bget?hsa:5138">
        <graphics name="PDE2A, CGS-PDE, IDDPADS, PDE2A1, PED2A4, cGSPDE" fgcolor="#000000" bgcolor="#BFFFBF"
             type="rectangle" x="434" y="662" width="46" height="17"/>
    </entry>
    <entry id="41" name="cpd:C00076" type="compound"
        link="https://www.kegg.jp/dbget-bin/www_bget?C00076">
        <graphics name="C00076" fgcolor="#000000" bgcolor="#FFFFFF"
             type="circle" x="186" y="388" width="8" height="8"/>
    </entry>
    <entry id="42" name="hsa:163688 hsa:51806 hsa:801 hsa:805 hsa:808 hsa:810 hsa:91860" type="gene"
        link="https://www.kegg.jp/dbget-bin/www_bget?hsa:163688+hsa:51806+hsa:801+hsa:805+hsa:808+hsa:810+hsa:91860">
        <graphics name="CALML6, CAGLP..." fgcolor="#000000" bgcolor="#BFFFBF"
             type="rectangle" x="599" y="387" width="46" height="17"/>
    </entry>
    <entry id="43" name="cpd:C00076" type="compound"
        link="https://www.kegg.jp/dbget-bin/www_bget?C00076">
        <graphics name="C00076" fgcolor="#000000" bgcolor="#FFFFFF"
             type="circle" x="386" y="386" width="8" height="8"/>
    </entry>
    <entry id="44" name="hsa:185" type="gene"
        link="https://www.kegg.jp/dbget-bin/www_bget?hsa:185">
        <graphics name="AGTR1, AG2S, AGTR1B, AT1, AT1AR, AT1B, AT1BR, AT1R, AT2R1, HAT1R" fgcolor="#000000" bgcolor="#BFFFBF"
             type="rectangle" x="244" y="161" width="46" height="17"/>
    </entry>
    <entry id="48" name="hsa:4158" type="gene"
        link="https://www.kegg.jp/dbget-bin/www_bget?hsa:4158">
        <graphics name="MC2R, ACTHR" fgcolor="#000000" bgcolor="#BFFFBF"
             type="rectangle" x="244" y="579" width="46" height="17"/>
    </entry>
    <entry id="50" name="hsa:2778" type="gene"
        link="https://www.kegg.jp/dbget-bin/www_bget?hsa:2778">
        <graphics name="GNAS, AHO, C20orf45, GNAS1, GPSA, GSA, GSP, NESP, PITA3, POH, SCG6, SgVI" fgcolor="#000000" bgcolor="#BFFFBF"
             type="rectangle" x="341" y="579" width="46" height="17"/>
    </entry>
    <entry id="55" name="cpd:C00165" type="compound"
        link="https://www.kegg.jp/dbget-bin/www_bget?C00165">
        <graphics name="C00165" fgcolor="#000000" bgcolor="#FFFFFF"
             type="circle" x="520" y="322" width="8" height="8"/>
    </entry>
    <entry id="57" name="hsa:5578 hsa:5579 hsa:5581 hsa:5582" type="gene"
        link="https://www.kegg.jp/dbget-bin/www_bget?hsa:5578+hsa:5579+hsa:5581+hsa:5582">
        <graphics name="PRKCA, AAG6, PKC-alpha, PKCA, PKCI+/-, PKCalpha, PRKACA..." fgcolor="#000000" bgcolor="#BFFFBF"
             type="rectangle" x="594" y="268" width="46" height="17"/>
    </entry>
    <entry id="58" name="hsa:23683 hsa:25865 hsa:5587" type="gene"
        link="https://www.kegg.jp/dbget-bin/www_bget?hsa:23683+hsa:25865+hsa:5587">
        <graphics name="PRKD3, EPK2, PKC-NU, PKD3, PRKCN, nPKC-NU..." fgcolor="#000000" bgcolor="#BFFFBF"
             type="rectangle" x="690" y="268" width="46" height="17"/>
    </entry>
    <entry id="59" name="hsa:57118 hsa:57172 hsa:814 hsa:815 hsa:816 hsa:817 hsa:818 hsa:8536" type="gene"
        link="https://www.kegg.jp/dbget-bin/www_bget?hsa:57118+hsa:57172+hsa:814+hsa:815+hsa:816+hsa:817+hsa:818+hsa:8536">
        <graphics name="CAMK1D, CKLiK, CaM-K1, CaMKID..." fgcolor="#000000" bgcolor="#BFFFBF"
             type="rectangle" x="685" y="387" width="46" height="17"/>
    </entry>
    <entry id="63" name="hsa:4929" type="gene"
        link="https://www.kegg.jp/dbget-bin/www_bget?hsa:4929">
        <graphics name="NR4A2, HZF-3, IDLDP, NOT, NURR1, RNR1, TINUR" fgcolor="#000000" bgcolor="#BFFFBF"
             type="rectangle" x="799" y="418" width="46" height="17"/>
    </entry>
    <entry id="64" name="hsa:3164" type="gene"
        link="https://www.kegg.jp/dbget-bin/www_bget?hsa:3164">
        <graphics name="NR4A1, GFRP1, HMR, N10, NAK-1, NGFIB, NP10, NUR77, TR3" fgcolor="#000000" bgcolor="#BFFFBF"
             type="rectangle" x="799" y="441" width="46" height="17"/>
    </entry>
    <entry id="69" name="hsa:1585" type="gene"
        link="https://www.kegg.jp/dbget-bin/www_bget?hsa:1585">
        <graphics name="CYP11B2, ALDOS, CPN2, CYP11B, CYP11BL, CYPXIB2, P-450C18, P450C18, P450aldo" fgcolor="#000000" bgcolor="#BFFFBF"
             type="rectangle" x="996" y="330" width="46" height="17"/>
    </entry>
    <entry id="70" name="hsa:6770" type="gene"
        link="https://www.kegg.jp/dbget-bin/www_bget?hsa:6770">
        <graphics name="STAR, STARD1" fgcolor="#000000" bgcolor="#BFFFBF"
             type="rectangle" x="996" y="352" width="46" height="17"/>
    </entry>
    <entry id="72" name="hsa:4881" type="gene"
        link="https://www.kegg.jp/dbget-bin/www_bget?hsa:4881">
        <graphics name="NPR1, ANPRA, ANPa, GUC2A, GUCY2A, NPRA" fgcolor="#000000" bgcolor="#BFFFBF"
             type="rectangle" x="244" y="724" width="46" height="17"/>
    </entry>
    <entry id="73" name="hsa:6770" type="gene"
        link="https://www.kegg.jp/dbget-bin/www_bget?hsa:6770">
        <graphics name="STAR, STARD1" fgcolor="#000000" bgcolor="#BFFFBF"
             type="rectangle" x="760" y="558" width="46" height="17"/>
    </entry>
    <entry id="76" name="hsa:3283 hsa:3284" type="gene"
        link="https://www.kegg.jp/dbget-bin/www_bget?hsa:3283+hsa:3284">
        <graphics name="HSD3B1, 3BETAHSD, HSD3B, HSDB3, HSDB3A, SDR11E1..." fgcolor="#000000" bgcolor="#BFFFBF"
             type="rectangle" x="948" y="617" width="46" height="17"/>
    </entry>
    <entry id="77" name="hsa:1585" type="gene"
        link="https://www.kegg.jp/dbget-bin/www_bget?hsa:1585">
        <graphics name="CYP11B2, ALDOS, CPN2, CYP11B, CYP11BL, CYPXIB2, P-450C18, P450C18, P450aldo" fgcolor="#000000" bgcolor="#BFFFBF"
             type="rectangle" x="802" y="788" width="46" height="17"/>
    </entry>
    <entry id="78" name="cpd:C00187" type="compound"
        link="https://www.kegg.jp/dbget-bin/www_bget?C00187">
        <graphics name="C00187" fgcolor="#000000" bgcolor="#FFFFFF"
             type="circle" x="760" y="482" width="8" height="8"/>
    </entry>
    <entry id="79" name="cpd:C01953" type="compound"
        link="https://www.kegg.jp/dbget-bin/www_bget?C01953">
        <graphics name="C01953" fgcolor="#000000" bgcolor="#FFFFFF"
             type="circle" x="921" y="579" width="8" height="8"/>
    </entry>
    <entry id="80" name="cpd:C00410" type="compound"
        link="https://www.kegg.jp/dbget-bin/www_bget?C00410">
        <graphics name="C00410" fgcolor="#000000" bgcolor="#FFFFFF"
             type="circle" x="921" y="666" width="8" height="8"/>
    </entry>
    <entry id="81" name="cpd:C03205" type="compound"
        link="https://www.kegg.jp/dbget-bin/www_bget?C03205">
        <graphics name="C03205" fgcolor="#000000" bgcolor="#FFFFFF"
             type="circle" x="921" y="736" width="8" height="8"/>
    </entry>
    <entry id="82" name="cpd:C01780" type="compound"
        link="https://www.kegg.jp/dbget-bin/www_bget?C01780">
        <graphics name="C01780" fgcolor="#000000" bgcolor="#FFFFFF"
             type="circle" x="721" y="817" width="8" height="8"/>
    </entry>
    <entry id="88" name="hsa:5566 hsa:5567 hsa:5568" type="gene"
        link="https://www.kegg.jp/dbget-bin/www_bget?hsa:5566+hsa:5567+hsa:5568">
        <graphics name="PRKACA, CAFD1, PKACA, PPNAD4..." fgcolor="#000000" bgcolor="#BFFFBF"
             type="rectangle" x="484" y="556" width="46" height="17"/>
    </entry>
    <entry id="96" name="path:hsa04022" type="map"
        link="https://www.kegg.jp/dbget-bin/www_bget?hsa04022">
        <graphics name="cGMP-PKG signaling pathway" fgcolor="#000000" bgcolor="#FFFFFF"
             type="roundrectangle" x="355" y="769" width="125" height="34"/>
    </entry>
    <entry id="97" name="path:hsa04024" type="map"
        link="https://www.kegg.jp/dbget-bin/www_bget?hsa04024">
        <graphics name="cAMP signaling pathway" fgcolor="#000000" bgcolor="#FFFFFF"
             type="roundrectangle" x="491" y="620" width="125" height="34"/>
    </entry>
    <entry id="98" name="path:hsa04614" type="map"
        link="https://www.kegg.jp/dbget-bin/www_bget?hsa04614">
        <graphics name="Renin-angiotensin system" fgcolor="#000000" bgcolor="#FFFFFF"
             type="roundrectangle" x="155" y="126" width="125" height="34"/>
    </entry>
    <entry id="99" name="path:hsa04960" type="map"
        link="https://www.kegg.jp/dbget-bin/www_bget?hsa04960">
        <graphics name="Aldosterone-regulated sodium reabsorption" fgcolor="#000000" bgcolor="#FFFFFF"
             type="roundrectangle" x="129" y="817" width="125" height="34"/>
    </entry>
    <entry id="101" name="path:hsa00140" type="map"
        link="https://www.kegg.jp/dbget-bin/www_bget?hsa00140">
        <graphics name="Steroid hormone biosynthesis" fgcolor="#000000" bgcolor="#FFFFFF"
             type="roundrectangle" x="788" y="656" width="125" height="34"/>
    </entry>
    <entry id="103" name="hsa:84876" type="gene"
        link="https://www.kegg.jp/dbget-bin/www_bget?hsa:84876">
        <graphics name="ORAI1, CRACM1, IMD9, ORAT1, TAM2, TMEM142A" fgcolor="#000000" bgcolor="#BFFFBF"
             type="rectangle" x="244" y="435" width="46" height="17"/>
    </entry>
    <entry id="104" name="cpd:C00076" type="compound"
        link="https://www.kegg.jp/dbget-bin/www_bget?C00076">
        <graphics name="C00076" fgcolor="#000000" bgcolor="#FFFFFF"
             type="circle" x="186" y="435" width="8" height="8"/>
    </entry>
    <entry id="109" name="cpd:C00004" type="compound"
        link="https://www.kegg.jp/dbget-bin/www_bget?C00004">
        <graphics name="C00004" fgcolor="#000000" bgcolor="#FFFFFF"
             type="circle" x="649" y="617" width="8" height="8"/>
    </entry>
    <entry id="110" name="cpd:C00003" type="compound"
        link="https://www.kegg.jp/dbget-bin/www_bget?C00003">
        <graphics name="C00003" fgcolor="#000000" bgcolor="#FFFFFF"
             type="circle" x="695" y="617" width="8" height="8"/>
    </entry>
    <entry id="111" name="cpd:C00005" type="compound"
        link="https://www.kegg.jp/dbget-bin/www_bget?C00005">
        <graphics name="C00005" fgcolor="#000000" bgcolor="#FFFFFF"
             type="circle" x="695" y="654" width="8" height="8"/>
    </entry>
    <entry id="112" name="cpd:C00006" type="compound"
        link="https://www.kegg.jp/dbget-bin/www_bget?C00006">
        <graphics name="C00006" fgcolor="#000000" bgcolor="#FFFFFF"
             type="circle" x="649" y="651" width="8" height="8"/>
    </entry>
    <entry id="117" name="cpd:C00219" type="compound"
        link="https://www.kegg.jp/dbget-bin/www_bget?C00219">
        <graphics name="C00219" fgcolor="#000000" bgcolor="#FFFFFF"
             type="circle" x="622" y="322" width="8" height="8"/>
    </entry>
    <entry id="118" name="cpd:C14777 cpd:C14822" type="compound"
        link="https://www.kegg.jp/dbget-bin/www_bget?C14777+C14822">
        <graphics name="C14777..." fgcolor="#000000" bgcolor="#FFFFFF"
             type="circle" x="693" y="322" width="8" height="8"/>
    </entry>
    <entry id="119" name="hsa:221955 hsa:747" type="gene"
        link="https://www.kegg.jp/dbget-bin/www_bget?hsa:221955+hsa:747">
        <graphics name="DAGLB, DAGLBETA, KCCR13L..." fgcolor="#000000" bgcolor="#BFFFBF"
             type="rectangle" x="574" y="338" width="46" height="17"/>
    </entry>
    <entry id="123" name="path:hsa00590" type="map"
        link="https://www.kegg.jp/dbget-bin/www_bget?hsa00590">
        <graphics name="Arachidonic acid metabolism" fgcolor="#000000" bgcolor="#FFFFFF"
             type="roundrectangle" x="667" y="351" width="125" height="34"/>
    </entry>
    <entry id="124" name="hsa:3949" type="gene"
        link="https://www.kegg.jp/dbget-bin/www_bget?hsa:3949">
        <graphics name="LDLR, FH, FHC, FHCL1, LDLCQ2" fgcolor="#000000" bgcolor="#BFFFBF"
             type="rectangle" x="244" y="505" width="46" height="17"/>
    </entry>
    <entry id="125" name="hsa:949" type="gene"
        link="https://www.kegg.jp/dbget-bin/www_bget?hsa:949">
        <graphics name="SCARB1, CD36L1, CLA-1, CLA1, HDLQTL6, SR-BI, SRB1" fgcolor="#000000" bgcolor="#BFFFBF"
             type="rectangle" x="244" y="539" width="46" height="17"/>
    </entry>
    <entry id="129" name="hsa:3991" type="gene"
        link="https://www.kegg.jp/dbget-bin/www_bget?hsa:3991">
        <graphics name="LIPE, AOMS4, FPLD6, HSL, LHS, REH" fgcolor="#000000" bgcolor="#BFFFBF"
             type="rectangle" x="577" y="452" width="46" height="17"/>
    </entry>
    <entry id="132" name="hsa:466" type="gene"
        link="https://www.kegg.jp/dbget-bin/www_bget?hsa:466">
        <graphics name="ATF1, EWS-ATF1, FUS/ATF-1, TREB36" fgcolor="#000000" bgcolor="#BFFFBF"
             type="rectangle" x="800" y="352" width="46" height="17"/>
    </entry>
    <entry id="136" name="hsa:4929" type="gene"
        link="https://www.kegg.jp/dbget-bin/www_bget?hsa:4929">
        <graphics name="NR4A2, HZF-3, IDLDP, NOT, NURR1, RNR1, TINUR" fgcolor="#000000" bgcolor="#BFFFBF"
             type="rectangle" x="996" y="380" width="46" height="17"/>
    </entry>
    <entry id="137" name="hsa:3164" type="gene"
        link="https://www.kegg.jp/dbget-bin/www_bget?hsa:3164">
        <graphics name="NR4A1, GFRP1, HMR, N10, NAK-1, NGFIB, NP10, NUR77, TR3" fgcolor="#000000" bgcolor="#BFFFBF"
             type="rectangle" x="996" y="403" width="46" height="17"/>
    </entry>
    <entry id="140" name="hsa:1583" type="gene"
        link="https://www.kegg.jp/dbget-bin/www_bget?hsa:1583">
        <graphics name="CYP11A1, CYP11A, CYPXIA1, P450SCC" fgcolor="#000000" bgcolor="#BFFFBF"
             type="rectangle" x="811" y="590" width="46" height="17"/>
    </entry>
    <entry id="141" name="hsa:1589" type="gene"
        link="https://www.kegg.jp/dbget-bin/www_bget?hsa:1589">
        <graphics name="CYP21A2, CA21H, CAH1, CPS1, CYP21, CYP21B, P450c21B" fgcolor="#000000" bgcolor="#BFFFBF"
             type="rectangle" x="948" y="701" width="46" height="17"/>
    </entry>
    <entry id="144" name="cpd:C01124" type="compound"
        link="https://www.kegg.jp/dbget-bin/www_bget?C01124">
        <graphics name="C01124" fgcolor="#000000" bgcolor="#FFFFFF"
             type="circle" x="781" y="817" width="8" height="8"/>
    </entry>
    <entry id="145" name="cpd:C02140" type="compound"
        link="https://www.kegg.jp/dbget-bin/www_bget?C02140">
        <graphics name="C02140" fgcolor="#000000" bgcolor="#FFFFFF"
             type="circle" x="842" y="817" width="8" height="8"/>
    </entry>
    <entry id="148" name="hsa:3762" type="gene"
        link="https://www.kegg.jp/dbget-bin/www_bget?hsa:3762">
        <graphics name="KCNJ5, CIR, GIRK4, KATP1, KIR3.4, LQT13" fgcolor="#000000" bgcolor="#BFFFBF"
             type="rectangle" x="244" y="284" width="46" height="17"/>
    </entry>
    <entry id="149" name="hsa:23439 hsa:476 hsa:477 hsa:478 hsa:480 hsa:481 hsa:482 hsa:483" type="gene"
        link="https://www.kegg.jp/dbget-bin/www_bget?hsa:23439+hsa:476+hsa:477+hsa:478+hsa:480+hsa:481+hsa:482+hsa:483">
        <graphics name="ATP1B4..." fgcolor="#000000" bgcolor="#BFFFBF"
             type="rectangle" x="244" y="319" width="46" height="17"/>
    </entry>
    <entry id="150" name="hsa:490 hsa:491 hsa:492 hsa:493" type="gene"
        link="https://www.kegg.jp/dbget-bin/www_bget?hsa:490+hsa:491+hsa:492+hsa:493">
        <graphics name="ATP2B1, MRD66, PMCA1, PMCA1kb..." fgcolor="#000000" bgcolor="#BFFFBF"
             type="rectangle" x="244" y="465" width="46" height="17"/>
    </entry>
    <entry id="151" name="hsa:5443" type="gene"
        link="https://www.kegg.jp/dbget-bin/www_bget?hsa:5443">
        <graphics name="POMC, ACTH, CLIP, LPH, MSH, NPP, OBAIRH, POC" fgcolor="#000000" bgcolor="#BFFFBF"
             type="rectangle" x="147" y="579" width="46" height="17"/>
    </entry>
    <entry id="152" name="cpd:C00238" type="compound"
        link="https://www.kegg.jp/dbget-bin/www_bget?C00238">
        <graphics name="C00238" fgcolor="#000000" bgcolor="#FFFFFF"
             type="circle" x="187" y="284" width="8" height="8"/>
    </entry>
    <entry id="153" name="cpd:C00238" type="compound"
        link="https://www.kegg.jp/dbget-bin/www_bget?C00238">
        <graphics name="C00238" fgcolor="#000000" bgcolor="#FFFFFF"
             type="circle" x="187" y="314" width="8" height="8"/>
    </entry>
    <entry id="154" name="cpd:C01330" type="compound"
        link="https://www.kegg.jp/dbget-bin/www_bget?C01330">
        <graphics name="C01330" fgcolor="#000000" bgcolor="#FFFFFF"
             type="circle" x="294" y="322" width="8" height="8"/>
    </entry>
    <entry id="155" name="cpd:C00076" type="compound"
        link="https://www.kegg.jp/dbget-bin/www_bget?C00076">
        <graphics name="C00076" fgcolor="#000000" bgcolor="#FFFFFF"
             type="circle" x="298" y="465" width="8" height="8"/>
    </entry>
    <entry id="156" name="hsa:183" type="gene"
        link="https://www.kegg.jp/dbget-bin/www_bget?hsa:183">
        <graphics name="AGT, ANHU, SERPINA8, hFLT1" fgcolor="#000000" bgcolor="#BFFFBF"
             type="rectangle" x="147" y="161" width="46" height="17"/>
    </entry>
    <entry id="157" name="hsa:4878" type="gene"
        link="https://www.kegg.jp/dbget-bin/www_bget?hsa:4878">
        <graphics name="NPPA, ANF, ANP, ATFB6, ATRST2, CDD, CDD-ANF, CDP, PND" fgcolor="#000000" bgcolor="#BFFFBF"
             type="rectangle" x="147" y="724" width="46" height="17"/>
    </entry>
    <entry id="158" name="undefined" type="group">
        <graphics fgcolor="#000000" bgcolor="#FFFFFF"
             type="rectangle" x="800" y="343" width="46" height="34"/>
        <component id="132"/>
        <component id="34"/>
    </entry>
    <relation entry1="44" entry2="28" type="PPrel">
        <subtype name="activation" value="--&gt;"/>
    </relation>
    <relation entry1="28" entry2="23" type="PPrel">
        <subtype name="activation" value="--&gt;"/>
    </relation>
    <relation entry1="23" entry2="26" type="PCrel">
        <subtype name="activation" value="--&gt;"/>
    </relation>
    <relation entry1="26" entry2="19" type="PCrel">
        <subtype name="activation" value="--&gt;"/>
    </relation>
    <relation entry1="23" entry2="55" type="PCrel">
        <subtype name="activation" value="--&gt;"/>
    </relation>
    <relation entry1="55" entry2="57" type="PCrel">
        <subtype name="activation" value="--&gt;"/>
    </relation>
    <relation entry1="57" entry2="58" type="PPrel">
        <subtype name="phosphorylation" value="+p"/>
        <subtype name="indirect effect" value="..&gt;"/>
    </relation>
    <relation entry1="58" entry2="158" type="PPrel">
        <subtype name="activation" value="--&gt;"/>
        <subtype name="phosphorylation" value="+p"/>
    </relation>
    <relation entry1="59" entry2="158" type="PPrel">
        <subtype name="activation" value="--&gt;"/>
        <subtype name="phosphorylation" value="+p"/>
    </relation>
    <relation entry1="88" entry2="158" type="PPrel">
        <subtype name="activation" value="--&gt;"/>
        <subtype name="phosphorylation" value="+p"/>
    </relation>
    <relation entry1="23" entry2="21" type="PPrel">
        <subtype name="inhibition" value="--|"/>
        <subtype name="indirect effect" value="..&gt;"/>
    </relation>
    <relation entry1="43" entry2="42" type="PCrel">
        <subtype name="activation" value="--&gt;"/>
    </relation>
    <relation entry1="42" entry2="59" type="PPrel">
        <subtype name="activation" value="--&gt;"/>
    </relation>
    <relation entry1="48" entry2="50" type="PPrel">
        <subtype name="activation" value="--&gt;"/>
    </relation>
    <relation entry1="50" entry2="35" type="PPrel">
        <subtype name="activation" value="--&gt;"/>
    </relation>
    <relation entry1="35" entry2="36" type="PCrel">
        <subtype name="activation" value="--&gt;"/>
    </relation>
    <relation entry1="36" entry2="88" type="PCrel">
        <subtype name="activation" value="--&gt;"/>
    </relation>
    <relation entry1="72" entry2="16" type="PCrel">
        <subtype name="activation" value="--&gt;"/>
    </relation>
    <relation entry1="16" entry2="40" type="PCrel">
        <subtype name="activation" value="--&gt;"/>
    </relation>
    <relation entry1="34" entry2="69" type="GErel">
        <subtype name="expression" value="--&gt;"/>
    </relation>
    <relation entry1="34" entry2="70" type="GErel">
        <subtype name="expression" value="--&gt;"/>
    </relation>
    <relation entry1="63" entry2="69" type="GErel">
        <subtype name="expression" value="--&gt;"/>
    </relation>
    <relation entry1="63" entry2="70" type="GErel">
        <subtype name="expression" value="--&gt;"/>
    </relation>
    <relation entry1="64" entry2="69" type="GErel">
        <subtype name="expression" value="--&gt;"/>
    </relation>
    <relation entry1="64" entry2="70" type="GErel">
        <subtype name="expression" value="--&gt;"/>
    </relation>
    <relation entry1="20" entry2="42" type="PCrel">
        <subtype name="activation" value="--&gt;"/>
    </relation>
    <relation entry1="151" entry2="48" type="PPrel">
    </relation>
    <relation entry1="156" entry2="44" type="PPrel">
        <subtype name="activation" value="--&gt;"/>
    </relation>
    <relation entry1="157" entry2="72" type="PPrel">
        <subtype name="activation" value="--&gt;"/>
    </relation>
</pathway>
