<?xml version="1.0"?>
<!DOCTYPE pathway SYSTEM "https://www.kegg.jp/kegg/xml/KGML_v0.7.2_.dtd">
<!-- Creation date: Mar 12, 2020 13:35:24 +0900 (GMT+9) -->
<pathway name="path:hsa04910" org="hsa" number="04910"
         title="Insulin signaling pathway"
         image="https://www.kegg.jp/kegg/pathway/hsa/hsa04910.png"
         link="https://www.kegg.jp/kegg-bin/show_pathway?hsa04910">
    <entry id="7" name="hsa:7248" type="gene"
        link="https://www.kegg.jp/dbget-bin/www_bget?hsa:7248">
        <graphics name="TSC1, LAM, TSC" fgcolor="#000000" bgcolor="#BFFFBF"
             type="rectangle" x="616" y="492" width="46" height="17"/>
    </entry>
    <entry id="8" name="hsa:3632" type="gene"
        link="https://www.kegg.jp/dbget-bin/www_bget?hsa:3632">
        <graphics name="INPP5A, 5PTASE" fgcolor="#000000" bgcolor="#BFFFBF"
             type="rectangle" x="334" y="241" width="46" height="17"/>
    </entry>
    <entry id="9" name="hsa:3636" type="gene"
        link="https://www.kegg.jp/dbget-bin/www_bget?hsa:3636">
        <graphics name="INPPL1, OPSMD, SHIP2" fgcolor="#000000" bgcolor="#BFFFBF"
             type="rectangle" x="334" y="220" width="46" height="17"/>
    </entry>
    <entry id="10" name="hsa:3551" type="gene"
        link="https://www.kegg.jp/dbget-bin/www_bget?hsa:3551">
        <graphics name="IKBKB, IKK-beta, IKK2, IKKB, IMD15, IMD15A, IMD15B, NFKBIKB" fgcolor="#000000" bgcolor="#BFFFBF"
             type="rectangle" x="334" y="343" width="46" height="17"/>
    </entry>
    <entry id="11" name="hsa:5599 hsa:5601 hsa:5602" type="gene"
        link="https://www.kegg.jp/dbget-bin/www_bget?hsa:5599+hsa:5601+hsa:5602">
        <graphics name="MAPK8, JNK, JNK-46, JNK1, JNK1A2, JNK21B1/2, PRKM8, SAPK1, SAPK1c..." fgcolor="#000000" bgcolor="#BFFFBF"
             type="rectangle" x="334" y="322" width="46" height="17"/>
    </entry>
    <entry id="12" name="hsa:5792" type="gene"
        link="https://www.kegg.jp/dbget-bin/www_bget?hsa:5792">
        <graphics name="PTPRF, BNAH2, LAR" fgcolor="#000000" bgcolor="#BFFFBF"
             type="rectangle" x="135" y="551" width="46" height="17"/>
    </entry>
    <entry id="13" name="hsa:5770" type="gene"
        link="https://www.kegg.jp/dbget-bin/www_bget?hsa:5770">
        <graphics name="PTPN1, PTP1B" fgcolor="#000000" bgcolor="#BFFFBF"
             type="rectangle" x="334" y="295" width="46" height="17"/>
    </entry>
    <entry id="14" name="hsa:122809 hsa:8651 hsa:8835 hsa:9021" type="gene"
        link="https://www.kegg.jp/dbget-bin/www_bget?hsa:122809+hsa:8651+hsa:8835+hsa:9021">
        <graphics name="SOCS4, SOCS7..." fgcolor="#000000" bgcolor="#BFFFBF"
             type="rectangle" x="334" y="268" width="46" height="17"/>
    </entry>
    <entry id="15" name="hsa:2002" type="gene"
        link="https://www.kegg.jp/dbget-bin/www_bget?hsa:2002">
        <graphics name="ELK1" fgcolor="#000000" bgcolor="#BFFFBF"
             type="rectangle" x="714" y="705" width="46" height="17"/>
    </entry>
    <entry id="16" name="hsa:2872 hsa:8569" type="gene"
        link="https://www.kegg.jp/dbget-bin/www_bget?hsa:2872+hsa:8569">
        <graphics name="MKNK2, GPRK7, MNK2..." fgcolor="#000000" bgcolor="#BFFFBF"
             type="rectangle" x="714" y="680" width="46" height="17"/>
    </entry>
    <entry id="17" name="hsa:5594 hsa:5595" type="gene"
        link="https://www.kegg.jp/dbget-bin/www_bget?hsa:5594+hsa:5595">
        <graphics name="MAPK1, ERK, ERK-2, ERK2, ERT1, MAPK2, NS13, P42MAPK, PRKM1, PRKM2, p38, p40, p41, p41mapk, p42-MAPK..." fgcolor="#000000" bgcolor="#BFFFBF"
             type="rectangle" x="642" y="693" width="46" height="17"/>
    </entry>
    <entry id="18" name="hsa:2194" type="gene"
        link="https://www.kegg.jp/dbget-bin/www_bget?hsa:2194">
        <graphics name="FASN, FAS, OA-519, SDR27X1" fgcolor="#000000" bgcolor="#BFFFBF"
             type="rectangle" x="956" y="230" width="46" height="17"/>
    </entry>
    <entry id="19" name="hsa:51422 hsa:53632 hsa:5562 hsa:5563 hsa:5564 hsa:5565 hsa:5571" type="gene"
        link="https://www.kegg.jp/dbget-bin/www_bget?hsa:51422+hsa:53632+hsa:5562+hsa:5563+hsa:5564+hsa:5565+hsa:5571">
        <graphics name="PRKAG2, AAKG, AAKG2, CMH6, H91620p, WPWS..." fgcolor="#000000" bgcolor="#BFFFBF"
             type="rectangle" x="875" y="222" width="46" height="17"/>
    </entry>
    <entry id="20" name="cpd:C00369" type="compound"
        link="https://www.kegg.jp/dbget-bin/www_bget?C00369">
        <graphics name="C00369" fgcolor="#000000" bgcolor="#FFFFFF"
             type="circle" x="981" y="408" width="8" height="8"/>
    </entry>
    <entry id="21" name="cpd:C00575" type="compound"
        link="https://www.kegg.jp/dbget-bin/www_bget?C00575">
        <graphics name="C00575" fgcolor="#000000" bgcolor="#FFFFFF"
             type="circle" x="824" y="510" width="8" height="8"/>
    </entry>
    <entry id="22" name="hsa:3630" type="gene"
        link="https://www.kegg.jp/dbget-bin/www_bget?hsa:3630">
        <graphics name="INS, IDDM, IDDM1, IDDM2, ILPR, IRDN, MODY10, PNDM4" fgcolor="#000000" bgcolor="#BFFFBF"
             type="rectangle" x="64" y="408" width="46" height="17"/>
    </entry>
    <entry id="23" name="cpd:C00031" type="compound"
        link="https://www.kegg.jp/dbget-bin/www_bget?C00031">
        <graphics name="C00031" fgcolor="#000000" bgcolor="#FFFFFF"
             type="circle" x="981" y="145" width="8" height="8"/>
    </entry>
    <entry id="24" name="hsa:3991" type="gene"
        link="https://www.kegg.jp/dbget-bin/www_bget?hsa:3991">
        <graphics name="LIPE, AOMS4, FPLD6, HSL, LHS, REH" fgcolor="#000000" bgcolor="#BFFFBF"
             type="rectangle" x="956" y="509" width="46" height="17"/>
    </entry>
    <entry id="25" name="hsa:5499 hsa:5500 hsa:5501 hsa:5506 hsa:5507 hsa:5509 hsa:79660 hsa:89801 hsa:90673" type="gene"
        link="https://www.kegg.jp/dbget-bin/www_bget?hsa:5499+hsa:5500+hsa:5501+hsa:5506+hsa:5507+hsa:5509+hsa:79660+hsa:89801+hsa:90673">
        <graphics name="PPP1CA, PP-1A, PP1A, PP1alpha, PPP1A..." fgcolor="#000000" bgcolor="#BFFFBF"
             type="rectangle" x="770" y="453" width="46" height="17"/>
    </entry>
    <entry id="26" name="hsa:5313" type="gene"
        link="https://www.kegg.jp/dbget-bin/www_bget?hsa:5313">
        <graphics name="PKLR, PK1, PKL, PKRL, RPK" fgcolor="#000000" bgcolor="#BFFFBF"
             type="rectangle" x="956" y="252" width="46" height="17"/>
    </entry>
    <entry id="27" name="hsa:2997 hsa:2998" type="gene"
        link="https://www.kegg.jp/dbget-bin/www_bget?hsa:2997+hsa:2998">
        <graphics name="GYS1, GSY, GYS..." fgcolor="#000000" bgcolor="#BFFFBF"
             type="rectangle" x="870" y="408" width="46" height="17"/>
    </entry>
    <entry id="28" name="hsa:163688 hsa:51806 hsa:5255 hsa:5256 hsa:5257 hsa:5260 hsa:5261 hsa:801 hsa:805 hsa:808 hsa:810 hsa:91860" type="gene"
        link="https://www.kegg.jp/dbget-bin/www_bget?hsa:163688+hsa:51806+hsa:5255+hsa:5256+hsa:5257+hsa:5260+hsa:5261+hsa:801+hsa:805+hsa:808+hsa:810+hsa:91860">
        <graphics name="CALML6, CAGLP..." fgcolor="#000000" bgcolor="#BFFFBF"
             type="rectangle" x="870" y="453" width="46" height="17"/>
    </entry>
    <entry id="29" name="hsa:5566 hsa:5567 hsa:5568 hsa:5573 hsa:5575 hsa:5576 hsa:5577" type="gene"
        link="https://www.kegg.jp/dbget-bin/www_bget?hsa:5566+hsa:5567+hsa:5568+hsa:5573+hsa:5575+hsa:5576+hsa:5577">
        <graphics name="PRKACA, CAFD1, PKACA, PPNAD4..." fgcolor="#000000" bgcolor="#BFFFBF"
             type="rectangle" x="884" y="509" width="46" height="17"/>
    </entry>
    <entry id="30" name="hsa:31 hsa:32" type="gene"
        link="https://www.kegg.jp/dbget-bin/www_bget?hsa:31+hsa:32">
        <graphics name="ACACA, ACAC, ACACAD, ACACalpha, ACC, ACC1, ACCA, ACCalpha, Acac1, hACC1..." fgcolor="#000000" bgcolor="#BFFFBF"
             type="rectangle" x="956" y="211" width="46" height="17"/>
    </entry>
    <entry id="31" name="hsa:1978" type="gene"
        link="https://www.kegg.jp/dbget-bin/www_bget?hsa:1978">
        <graphics name="EIF4EBP1, 4E-BP1, 4EBP1, BP-1, PHAS-I" fgcolor="#000000" bgcolor="#BFFFBF"
             type="rectangle" x="616" y="645" width="46" height="17"/>
    </entry>
    <entry id="32" name="hsa:6194" type="gene"
        link="https://www.kegg.jp/dbget-bin/www_bget?hsa:6194">
        <graphics name="RPS6, S6" fgcolor="#000000" bgcolor="#BFFFBF"
             type="rectangle" x="770" y="609" width="46" height="17"/>
    </entry>
    <entry id="33" name="hsa:5834 hsa:5836 hsa:5837" type="gene"
        link="https://www.kegg.jp/dbget-bin/www_bget?hsa:5834+hsa:5836+hsa:5837">
        <graphics name="PYGB, GPBB..." fgcolor="#000000" bgcolor="#BFFFBF"
             type="rectangle" x="956" y="453" width="46" height="17"/>
    </entry>
    <entry id="34" name="hsa:2308" type="gene"
        link="https://www.kegg.jp/dbget-bin/www_bget?hsa:2308">
        <graphics name="FOXO1, FKH1, FKHR, FOXO1A" fgcolor="#000000" bgcolor="#BFFFBF"
             type="rectangle" x="770" y="320" width="46" height="17"/>
    </entry>
    <entry id="35" name="hsa:57521" type="gene"
        link="https://www.kegg.jp/dbget-bin/www_bget?hsa:57521">
        <graphics name="RPTOR, KOG1, Mip1" fgcolor="#000000" bgcolor="#BFFFBF"
             type="rectangle" x="511" y="626" width="46" height="17"/>
    </entry>
    <entry id="36" name="hsa:6654 hsa:6655" type="gene"
        link="https://www.kegg.jp/dbget-bin/www_bget?hsa:6654+hsa:6655">
        <graphics name="SOS1, GF1, GGF1, GINGF, HGF, NS4, SOS-1..." fgcolor="#000000" bgcolor="#BFFFBF"
             type="rectangle" x="354" y="693" width="46" height="17"/>
    </entry>
    <entry id="37" name="hsa:3265 hsa:3845 hsa:4893" type="gene"
        link="https://www.kegg.jp/dbget-bin/www_bget?hsa:3265+hsa:3845+hsa:4893">
        <graphics name="HRAS, C-BAS/HAS, C-H-RAS, C-HA-RAS1, CTLO, H-RASIDX, HAMSV, HRAS1, RASH1, p21ras..." fgcolor="#000000" bgcolor="#BFFFBF"
             type="rectangle" x="426" y="693" width="46" height="17"/>
    </entry>
    <entry id="38" name="hsa:1977 hsa:253314 hsa:9470" type="gene"
        link="https://www.kegg.jp/dbget-bin/www_bget?hsa:1977+hsa:253314+hsa:9470">
        <graphics name="EIF4E, AUTS19, CBP, EIF4E1, EIF4EL1, EIF4F, eIF-4E..." fgcolor="#000000" bgcolor="#BFFFBF"
             type="rectangle" x="770" y="645" width="46" height="17"/>
    </entry>
    <entry id="39" name="hsa:5604 hsa:5605" type="gene"
        link="https://www.kegg.jp/dbget-bin/www_bget?hsa:5604+hsa:5605">
        <graphics name="MAP2K1, CFC3, MAPKK1, MEK1, MEL, MKK1, PRKMK1..." fgcolor="#000000" bgcolor="#BFFFBF"
             type="rectangle" x="570" y="693" width="46" height="17"/>
    </entry>
    <entry id="40" name="hsa:25759 hsa:399694 hsa:53358 hsa:6464" type="gene"
        link="https://www.kegg.jp/dbget-bin/www_bget?hsa:25759+hsa:399694+hsa:53358+hsa:6464">
        <graphics name="SHC2, SCK, SHCB, SLI..." fgcolor="#000000" bgcolor="#BFFFBF"
             type="rectangle" x="210" y="693" width="46" height="17"/>
    </entry>
    <entry id="41" name="hsa:9322" type="gene"
        link="https://www.kegg.jp/dbget-bin/www_bget?hsa:9322">
        <graphics name="TRIP10, CIP4, HSTP, STOT, STP, TRIP-10" fgcolor="#000000" bgcolor="#BFFFBF"
             type="rectangle" x="582" y="146" width="46" height="17"/>
    </entry>
    <entry id="42" name="hsa:3643" type="gene"
        link="https://www.kegg.jp/dbget-bin/www_bget?hsa:3643">
        <graphics name="INSR, CD220, HHF5" fgcolor="#000000" bgcolor="#BFFFBF"
             type="rectangle" x="135" y="408" width="46" height="17"/>
    </entry>
    <entry id="43" name="hsa:6198 hsa:6199" type="gene"
        link="https://www.kegg.jp/dbget-bin/www_bget?hsa:6198+hsa:6199">
        <graphics name="RPS6KB1, PS6K, S6K, S6K-beta-1, S6K1, STK14A, p70_S6KA, p70(S6K)-alpha, p70-S6K, p70-alpha..." fgcolor="#000000" bgcolor="#BFFFBF"
             type="rectangle" x="616" y="609" width="46" height="17"/>
    </entry>
    <entry id="44" name="hsa:2885" type="gene"
        link="https://www.kegg.jp/dbget-bin/www_bget?hsa:2885">
        <graphics name="GRB2, ASH, EGFRBP-GRB2, Grb3-3, MST084, MSTP084, NCKAP2" fgcolor="#000000" bgcolor="#BFFFBF"
             type="rectangle" x="282" y="693" width="46" height="17"/>
    </entry>
    <entry id="45" name="hsa:572" type="gene"
        link="https://www.kegg.jp/dbget-bin/www_bget?hsa:572">
        <graphics name="BAD, BBC2, BCL2L8" fgcolor="#000000" bgcolor="#BFFFBF"
             type="rectangle" x="770" y="562" width="46" height="17"/>
    </entry>
    <entry id="46" name="hsa:7249" type="gene"
        link="https://www.kegg.jp/dbget-bin/www_bget?hsa:7249">
        <graphics name="TSC2, LAM, PPP1R160, TSC4" fgcolor="#000000" bgcolor="#BFFFBF"
             type="rectangle" x="616" y="475" width="46" height="17"/>
    </entry>
    <entry id="47" name="hsa:369 hsa:5894 hsa:673" type="gene"
        link="https://www.kegg.jp/dbget-bin/www_bget?hsa:369+hsa:5894+hsa:673">
        <graphics name="ARAF, A-RAF, ARAF1, PKS2, RAFA1..." fgcolor="#000000" bgcolor="#BFFFBF"
             type="rectangle" x="498" y="693" width="46" height="17"/>
    </entry>
    <entry id="48" name="hsa:5105 hsa:5106" type="gene"
        link="https://www.kegg.jp/dbget-bin/www_bget?hsa:5105+hsa:5106">
        <graphics name="PCK1, PCKDC, PEPCK-C, PEPCK1, PEPCKC..." fgcolor="#000000" bgcolor="#BFFFBF"
             type="rectangle" x="956" y="339" width="46" height="17"/>
    </entry>
    <entry id="49" name="hsa:2538 hsa:57818 hsa:92579" type="gene"
        link="https://www.kegg.jp/dbget-bin/www_bget?hsa:2538+hsa:57818+hsa:92579">
        <graphics name="G6PC1, G6PC, G6PT, G6Pase, GSD1, GSD1a..." fgcolor="#000000" bgcolor="#BFFFBF"
             type="rectangle" x="956" y="301" width="46" height="17"/>
    </entry>
    <entry id="50" name="hsa:2475" type="gene"
        link="https://www.kegg.jp/dbget-bin/www_bget?hsa:2475">
        <graphics name="MTOR, FRAP, FRAP1, FRAP2, RAFT1, RAPT1, SKS" fgcolor="#000000" bgcolor="#BFFFBF"
             type="rectangle" x="511" y="609" width="46" height="17"/>
    </entry>
    <entry id="51" name="hsa:5140" type="gene"
        link="https://www.kegg.jp/dbget-bin/www_bget?hsa:5140">
        <graphics name="PDE3B, HcGIP1, cGIPDE1" fgcolor="#000000" bgcolor="#BFFFBF"
             type="rectangle" x="770" y="509" width="46" height="17"/>
    </entry>
    <entry id="52" name="hsa:2203 hsa:8789" type="gene"
        link="https://www.kegg.jp/dbget-bin/www_bget?hsa:2203+hsa:8789">
        <graphics name="FBP1, FBP..." fgcolor="#000000" bgcolor="#BFFFBF"
             type="rectangle" x="956" y="320" width="46" height="17"/>
    </entry>
    <entry id="53" name="hsa:23265" type="gene"
        link="https://www.kegg.jp/dbget-bin/www_bget?hsa:23265">
        <graphics name="EXOC7, 2-5-3p, BLOM4, EX070, EXO70, EXOC1, Exo70p, NEDSEBA, YJL085W" fgcolor="#000000" bgcolor="#BFFFBF"
             type="rectangle" x="582" y="125" width="46" height="17"/>
    </entry>
    <entry id="54" name="hsa:10891" type="gene"
        link="https://www.kegg.jp/dbget-bin/www_bget?hsa:10891">
        <graphics name="PPARGC1A, LEM6, PGC-1(alpha), PGC-1alpha, PGC-1v, PGC1, PGC1A, PPARGC1" fgcolor="#000000" bgcolor="#BFFFBF"
             type="rectangle" x="844" y="286" width="46" height="17"/>
    </entry>
    <entry id="55" name="hsa:10580" type="gene"
        link="https://www.kegg.jp/dbget-bin/www_bget?hsa:10580">
        <graphics name="SORBS1, CAP, FLAF2, R85FL, SH3D5, SH3P12, SORB1" fgcolor="#000000" bgcolor="#BFFFBF"
             type="rectangle" x="282" y="127" width="46" height="17"/>
    </entry>
    <entry id="56" name="hsa:6009" type="gene"
        link="https://www.kegg.jp/dbget-bin/www_bget?hsa:6009">
        <graphics name="RHEB, RHEB2" fgcolor="#000000" bgcolor="#BFFFBF"
             type="rectangle" x="616" y="542" width="46" height="17"/>
    </entry>
    <entry id="57" name="hsa:10000 hsa:207 hsa:208" type="gene"
        link="https://www.kegg.jp/dbget-bin/www_bget?hsa:10000+hsa:207+hsa:208">
        <graphics name="AKT3, MPPH, MPPH2, PKB-GAMMA, PKBG, PRKBG, RAC-PK-gamma, RAC-gamma, STK-2..." fgcolor="#000000" bgcolor="#BFFFBF"
             type="rectangle" x="616" y="408" width="46" height="17"/>
    </entry>
    <entry id="58" name="hsa:5290 hsa:5291 hsa:5293 hsa:5295 hsa:5296 hsa:8503" type="gene"
        link="https://www.kegg.jp/dbget-bin/www_bget?hsa:5290+hsa:5291+hsa:5293+hsa:5295+hsa:5296+hsa:8503">
        <graphics name="PIK3CA, CCM4, CLAPO, CLOVE, CWS5, MCAP, MCM, MCMTC, PI3K, PI3K-alpha, p110-alpha..." fgcolor="#000000" bgcolor="#BFFFBF"
             type="rectangle" x="334" y="408" width="46" height="17"/>
    </entry>
    <entry id="59" name="hsa:23433" type="gene"
        link="https://www.kegg.jp/dbget-bin/www_bget?hsa:23433">
        <graphics name="RHOQ, ARHQ, HEL-S-42, RASL7A, TC10, TC10A" fgcolor="#000000" bgcolor="#BFFFBF"
             type="rectangle" x="482" y="135" width="46" height="17"/>
    </entry>
    <entry id="60" name="hsa:2932" type="gene"
        link="https://www.kegg.jp/dbget-bin/www_bget?hsa:2932">
        <graphics name="GSK3B" fgcolor="#000000" bgcolor="#BFFFBF"
             type="rectangle" x="770" y="408" width="46" height="17"/>
    </entry>
    <entry id="61" name="hsa:6720" type="gene"
        link="https://www.kegg.jp/dbget-bin/www_bget?hsa:6720">
        <graphics name="SREBF1, HMD, IFAP2, SREBP1, bHLHd1" fgcolor="#000000" bgcolor="#BFFFBF"
             type="rectangle" x="770" y="241" width="46" height="17"/>
    </entry>
    <entry id="62" name="hsa:2889" type="gene"
        link="https://www.kegg.jp/dbget-bin/www_bget?hsa:2889">
        <graphics name="RAPGEF1, C3G, GRF2" fgcolor="#000000" bgcolor="#BFFFBF"
             type="rectangle" x="382" y="144" width="46" height="17"/>
    </entry>
    <entry id="63" name="hsa:2645 hsa:3098 hsa:3099 hsa:3101 hsa:80201" type="gene"
        link="https://www.kegg.jp/dbget-bin/www_bget?hsa:2645+hsa:3098+hsa:3099+hsa:3101+hsa:80201">
        <graphics name="GCK, FGQTL3, GK, GLK, HHF3, HK4, HKIV, HXKP, LGLK, MODY2, PNDM1..." fgcolor="#000000" bgcolor="#BFFFBF"
             type="rectangle" x="956" y="271" width="46" height="17"/>
    </entry>
    <entry id="64" name="hsa:1398 hsa:1399" type="gene"
        link="https://www.kegg.jp/dbget-bin/www_bget?hsa:1398+hsa:1399">
        <graphics name="CRK, CRKII, p38..." fgcolor="#000000" bgcolor="#BFFFBF"
             type="rectangle" x="382" y="127" width="46" height="17"/>
    </entry>
    <entry id="65" name="hsa:5584 hsa:5590" type="gene"
        link="https://www.kegg.jp/dbget-bin/www_bget?hsa:5584+hsa:5590">
        <graphics name="PRKCI, DXS1179E, PKCI, nPKC-iota..." fgcolor="#000000" bgcolor="#BFFFBF"
             type="rectangle" x="616" y="241" width="46" height="17"/>
    </entry>
    <entry id="66" name="hsa:10603" type="gene"
        link="https://www.kegg.jp/dbget-bin/www_bget?hsa:10603">
        <graphics name="SH2B2, APS" fgcolor="#000000" bgcolor="#BFFFBF"
             type="rectangle" x="210" y="144" width="46" height="17"/>
    </entry>
    <entry id="67" name="hsa:6517" type="gene"
        link="https://www.kegg.jp/dbget-bin/www_bget?hsa:6517">
        <graphics name="SLC2A4, GLUT4" fgcolor="#000000" bgcolor="#BFFFBF"
             type="rectangle" x="925" y="145" width="46" height="17"/>
    </entry>
    <entry id="68" name="hsa:5170" type="gene"
        link="https://www.kegg.jp/dbget-bin/www_bget?hsa:5170">
        <graphics name="PDPK1, PDK1, PDPK2, PDPK2P, PRO0461" fgcolor="#000000" bgcolor="#BFFFBF"
             type="rectangle" x="516" y="408" width="46" height="17"/>
    </entry>
    <entry id="69" name="hsa:867 hsa:868" type="gene"
        link="https://www.kegg.jp/dbget-bin/www_bget?hsa:867+hsa:868">
        <graphics name="CBL, C-CBL, CBL2, FRA11B, NSLL, RNF55..." fgcolor="#000000" bgcolor="#BFFFBF"
             type="rectangle" x="282" y="144" width="46" height="17"/>
    </entry>
    <entry id="70" name="hsa:3667 hsa:8471 hsa:8660" type="gene"
        link="https://www.kegg.jp/dbget-bin/www_bget?hsa:3667+hsa:8471+hsa:8660">
        <graphics name="IRS1, HIRS-1..." fgcolor="#000000" bgcolor="#BFFFBF"
             type="rectangle" x="234" y="408" width="46" height="17"/>
    </entry>
    <entry id="71" name="cpd:C05981" type="compound"
        link="https://www.kegg.jp/dbget-bin/www_bget?C05981">
        <graphics name="C05981" fgcolor="#000000" bgcolor="#FFFFFF"
             type="circle" x="421" y="408" width="8" height="8"/>
    </entry>
    <entry id="72" name="hsa:10211 hsa:2319" type="gene"
        link="https://www.kegg.jp/dbget-bin/www_bget?hsa:10211+hsa:2319">
        <graphics name="FLOT1..." fgcolor="#000000" bgcolor="#BFFFBF"
             type="rectangle" x="135" y="127" width="46" height="17"/>
    </entry>
    <entry id="73" name="path:hsa04910" type="map"
        link="https://www.kegg.jp/dbget-bin/www_bget?hsa04910">
        <graphics name="TITLE:Insulin signaling pathway" fgcolor="#000000" bgcolor="#FFFFFF"
             type="roundrectangle" x="160" y="58" width="239" height="25"/>
    </entry>
    <entry id="74" name="path:hsa00061" type="map"
        link="https://www.kegg.jp/dbget-bin/www_bget?hsa00061">
        <graphics name="Fatty acid biosynthesis" fgcolor="#000000" bgcolor="#FFFFFF"
             type="roundrectangle" x="1080" y="249" width="107" height="34"/>
    </entry>
    <entry id="75" name="path:hsa00010" type="map"
        link="https://www.kegg.jp/dbget-bin/www_bget?hsa00010">
        <graphics name="Glycolysis / Gluconeogenesis" fgcolor="#000000" bgcolor="#FFFFFF"
             type="roundrectangle" x="1082" y="317" width="95" height="34"/>
    </entry>
    <entry id="76" name="path:hsa00500" type="map"
        link="https://www.kegg.jp/dbget-bin/www_bget?hsa00500">
        <graphics name="Starch and sucrose metabolism" fgcolor="#000000" bgcolor="#FFFFFF"
             type="roundrectangle" x="1082" y="440" width="98" height="34"/>
    </entry>
    <entry id="77" name="path:hsa04210" type="map"
        link="https://www.kegg.jp/dbget-bin/www_bget?hsa04210">
        <graphics name="Apoptosis" fgcolor="#000000" bgcolor="#FFFFFF"
             type="roundrectangle" x="1005" y="590" width="92" height="25"/>
    </entry>
    <entry id="78" name="path:hsa04010" type="map"
        link="https://www.kegg.jp/dbget-bin/www_bget?hsa04010">
        <graphics name="MAPK signaling pathway" fgcolor="#000000" bgcolor="#FFFFFF"
             type="roundrectangle" x="365" y="625" width="112" height="34"/>
    </entry>
    <entry id="79" name="path:hsa04070" type="map"
        link="https://www.kegg.jp/dbget-bin/www_bget?hsa04070">
        <graphics name="Phosphatidylinositol signaling system" fgcolor="#000000" bgcolor="#FFFFFF"
             type="roundrectangle" x="349" y="476" width="112" height="34"/>
    </entry>
    <entry id="80" name="undefined" type="group">
        <graphics fgcolor="#000000" bgcolor="#FFFFFF"
             type="rectangle" x="616" y="483" width="46" height="34"/>
        <component id="46"/>
        <component id="7"/>
    </entry>
    <relation entry1="55" entry2="72" type="PPrel">
        <subtype name="binding/association" value="---"/>
    </relation>
    <relation entry1="66" entry2="69" type="PPrel">
        <subtype name="activation" value="--&gt;"/>
        <subtype name="inhibition" value="--|"/>
    </relation>
    <relation entry1="62" entry2="69" type="PPrel">
        <subtype name="binding/association" value="---"/>
    </relation>
    <relation entry1="53" entry2="59" type="PPrel">
        <subtype name="binding/association" value="---"/>
    </relation>
    <relation entry1="41" entry2="59" type="PPrel">
        <subtype name="binding/association" value="---"/>
    </relation>
    <relation entry1="42" entry2="66" type="PPrel">
        <subtype name="activation" value="--&gt;"/>
        <subtype name="phosphorylation" value="+p"/>
    </relation>
    <relation entry1="42" entry2="69" type="PPrel">
        <subtype name="activation" value="--&gt;"/>
        <subtype name="phosphorylation" value="+p"/>
    </relation>
    <relation entry1="42" entry2="40" type="PPrel">
        <subtype name="activation" value="--&gt;"/>
        <subtype name="phosphorylation" value="+p"/>
    </relation>
    <relation entry1="42" entry2="70" type="PPrel">
        <subtype name="activation" value="--&gt;"/>
        <subtype name="phosphorylation" value="+p"/>
    </relation>
    <relation entry1="22" entry2="42" type="PPrel">
        <subtype name="activation" value="--&gt;"/>
    </relation>
    <relation entry1="12" entry2="42" type="PPrel">
        <subtype name="inhibition" value="--|"/>
        <subtype name="dephosphorylation" value="-p"/>
    </relation>
    <relation entry1="12" entry2="70" type="PPrel">
        <subtype name="inhibition" value="--|"/>
        <subtype name="dephosphorylation" value="-p"/>
    </relation>
    <relation entry1="12" entry2="40" type="PPrel">
        <subtype name="indirect effect" value="..&gt;"/>
    </relation>
    <relation entry1="70" entry2="44" type="PPrel">
        <subtype name="activation" value="--&gt;"/>
    </relation>
    <relation entry1="70" entry2="58" type="PPrel">
        <subtype name="activation" value="--&gt;"/>
    </relation>
    <relation entry1="68" entry2="57" type="PPrel">
        <subtype name="activation" value="--&gt;"/>
        <subtype name="phosphorylation" value="+p"/>
    </relation>
    <relation entry1="68" entry2="43" type="PPrel">
        <subtype name="activation" value="--&gt;"/>
        <subtype name="phosphorylation" value="+p"/>
    </relation>
    <relation entry1="57" entry2="51" type="PPrel">
        <subtype name="activation" value="--&gt;"/>
        <subtype name="phosphorylation" value="+p"/>
    </relation>
    <relation entry1="57" entry2="50" type="PPrel">
        <subtype name="activation" value="--&gt;"/>
        <subtype name="phosphorylation" value="+p"/>
    </relation>
    <relation entry1="57" entry2="34" type="PPrel">
        <subtype name="inhibition" value="--|"/>
        <subtype name="phosphorylation" value="+p"/>
    </relation>
    <relation entry1="57" entry2="60" type="PPrel">
        <subtype name="inhibition" value="--|"/>
        <subtype name="phosphorylation" value="+p"/>
    </relation>
    <relation entry1="57" entry2="45" type="PPrel">
        <subtype name="inhibition" value="--|"/>
        <subtype name="phosphorylation" value="+p"/>
    </relation>
    <relation entry1="57" entry2="46" type="PPrel">
        <subtype name="inhibition" value="--|"/>
        <subtype name="phosphorylation" value="+p"/>
    </relation>
    <relation entry1="57" entry2="25" type="PPrel">
        <subtype name="indirect effect" value="..&gt;"/>
    </relation>
    <relation entry1="57" entry2="67" type="PPrel">
        <subtype name="indirect effect" value="..&gt;"/>
    </relation>
    <relation entry1="65" entry2="67" type="PPrel">
        <subtype name="activation" value="--&gt;"/>
        <subtype name="indirect effect" value="..&gt;"/>
    </relation>
    <relation entry1="65" entry2="61" type="PPrel">
        <subtype name="indirect effect" value="..&gt;"/>
    </relation>
    <relation entry1="53" entry2="67" type="PPrel">
        <subtype name="indirect effect" value="..&gt;"/>
    </relation>
    <relation entry1="41" entry2="67" type="PPrel">
        <subtype name="indirect effect" value="..&gt;"/>
    </relation>
    <relation entry1="60" entry2="27" type="PPrel">
        <subtype name="inhibition" value="--|"/>
        <subtype name="phosphorylation" value="+p"/>
    </relation>
    <relation entry1="25" entry2="28" type="PPrel">
        <subtype name="inhibition" value="--|"/>
        <subtype name="dephosphorylation" value="-p"/>
    </relation>
    <relation entry1="25" entry2="27" type="PPrel">
        <subtype name="activation" value="--&gt;"/>
        <subtype name="dephosphorylation" value="-p"/>
    </relation>
    <relation entry1="28" entry2="33" type="PPrel">
        <subtype name="activation" value="--&gt;"/>
        <subtype name="phosphorylation" value="+p"/>
    </relation>
    <relation entry1="27" entry2="20" type="PCrel">
        <subtype name="activation" value="--&gt;"/>
    </relation>
    <relation entry1="29" entry2="24" type="PPrel">
        <subtype name="activation" value="--&gt;"/>
        <subtype name="phosphorylation" value="+p"/>
    </relation>
    <relation entry1="56" entry2="50" type="PPrel">
        <subtype name="activation" value="--&gt;"/>
    </relation>
    <relation entry1="50" entry2="43" type="PPrel">
        <subtype name="activation" value="--&gt;"/>
        <subtype name="phosphorylation" value="+p"/>
    </relation>
    <relation entry1="50" entry2="31" type="PPrel">
        <subtype name="inhibition" value="--|"/>
        <subtype name="phosphorylation" value="+p"/>
    </relation>
    <relation entry1="31" entry2="38" type="PPrel">
        <subtype name="inhibition" value="--|"/>
    </relation>
    <relation entry1="43" entry2="32" type="PPrel">
        <subtype name="activation" value="--&gt;"/>
    </relation>
    <relation entry1="40" entry2="44" type="PPrel">
        <subtype name="activation" value="--&gt;"/>
    </relation>
    <relation entry1="44" entry2="36" type="PPrel">
        <subtype name="activation" value="--&gt;"/>
    </relation>
    <relation entry1="36" entry2="37" type="PPrel">
        <subtype name="activation" value="--&gt;"/>
    </relation>
    <relation entry1="37" entry2="47" type="PPrel">
        <subtype name="activation" value="--&gt;"/>
    </relation>
    <relation entry1="47" entry2="39" type="PPrel">
        <subtype name="activation" value="--&gt;"/>
        <subtype name="phosphorylation" value="+p"/>
    </relation>
    <relation entry1="39" entry2="17" type="PPrel">
        <subtype name="activation" value="--&gt;"/>
        <subtype name="phosphorylation" value="+p"/>
    </relation>
    <relation entry1="17" entry2="16" type="PPrel">
        <subtype name="activation" value="--&gt;"/>
        <subtype name="phosphorylation" value="+p"/>
    </relation>
    <relation entry1="17" entry2="15" type="PPrel">
        <subtype name="activation" value="--&gt;"/>
        <subtype name="phosphorylation" value="+p"/>
    </relation>
    <relation entry1="16" entry2="38" type="PPrel">
        <subtype name="activation" value="--&gt;"/>
        <subtype name="phosphorylation" value="+p"/>
    </relation>
    <relation entry1="34" entry2="54" type="PPrel">
        <subtype name="dissociation" value="-+-"/>
    </relation>
    <relation entry1="19" entry2="30" type="PPrel">
        <subtype name="inhibition" value="--|"/>
        <subtype name="phosphorylation" value="+p"/>
    </relation>
    <relation entry1="62" entry2="59" type="PPrel">
        <subtype name="activation" value="--&gt;"/>
    </relation>
    <relation entry1="64" entry2="59" type="PPrel">
        <subtype name="activation" value="--&gt;"/>
    </relation>
    <relation entry1="14" entry2="42" type="PPrel">
        <subtype name="inhibition" value="--|"/>
        <subtype name="dephosphorylation" value="-p"/>
    </relation>
    <relation entry1="13" entry2="42" type="PPrel">
        <subtype name="inhibition" value="--|"/>
        <subtype name="dephosphorylation" value="-p"/>
    </relation>
    <relation entry1="13" entry2="70" type="PPrel">
        <subtype name="inhibition" value="--|"/>
        <subtype name="dephosphorylation" value="-p"/>
    </relation>
    <relation entry1="11" entry2="70" type="PPrel">
        <subtype name="inhibition" value="--|"/>
        <subtype name="phosphorylation" value="+p"/>
    </relation>
    <relation entry1="10" entry2="70" type="PPrel">
        <subtype name="inhibition" value="--|"/>
        <subtype name="phosphorylation" value="+p"/>
    </relation>
    <relation entry1="33" entry2="20" type="PCrel">
        <subtype name="inhibition" value="--|"/>
    </relation>
    <relation entry1="67" entry2="23" type="PCrel">
    </relation>
    <relation entry1="58" entry2="65" type="PPrel">
        <subtype name="compound" value="71"/>
        <subtype name="activation" value="--&gt;"/>
    </relation>
    <relation entry1="58" entry2="68" type="PPrel">
        <subtype name="compound" value="71"/>
        <subtype name="activation" value="--&gt;"/>
    </relation>
    <relation entry1="58" entry2="50" type="PPrel">
        <subtype name="compound" value="71"/>
        <subtype name="activation" value="--&gt;"/>
    </relation>
    <relation entry1="61" entry2="30" type="PPrel">
        <subtype name="activation" value="--&gt;"/>
        <subtype name="indirect effect" value="..&gt;"/>
    </relation>
    <relation entry1="61" entry2="18" type="PPrel">
        <subtype name="activation" value="--&gt;"/>
        <subtype name="indirect effect" value="..&gt;"/>
    </relation>
    <relation entry1="61" entry2="26" type="PPrel">
        <subtype name="activation" value="--&gt;"/>
        <subtype name="indirect effect" value="..&gt;"/>
    </relation>
    <relation entry1="61" entry2="63" type="PPrel">
        <subtype name="activation" value="--&gt;"/>
        <subtype name="indirect effect" value="..&gt;"/>
    </relation>
    <relation entry1="34" entry2="49" type="GErel">
        <subtype name="expression" value="--&gt;"/>
    </relation>
    <relation entry1="34" entry2="52" type="GErel">
        <subtype name="expression" value="--&gt;"/>
    </relation>
    <relation entry1="34" entry2="48" type="GErel">
        <subtype name="expression" value="--&gt;"/>
    </relation>
    <relation entry1="80" entry2="56" type="PPrel">
        <subtype name="inhibition" value="--|"/>
    </relation>
    <relation entry1="51" entry2="21" type="PCrel">
        <subtype name="inhibition" value="--|"/>
    </relation>
    <relation entry1="21" entry2="29" type="PCrel">
        <subtype name="activation" value="--&gt;"/>
    </relation>
    <relation entry1="9" entry2="71" type="PCrel">
        <subtype name="inhibition" value="--|"/>
    </relation>
    <relation entry1="8" entry2="71" type="PCrel">
        <subtype name="inhibition" value="--|"/>
    </relation>
    <relation entry1="68" entry2="65" type="PCrel">
        <subtype name="activation" value="--&gt;"/>
        <subtype name="phosphorylation" value="+p"/>
    </relation>
</pathway>
