<?xml version="1.0"?>
<!DOCTYPE pathway SYSTEM "https://www.kegg.jp/kegg/xml/KGML_v0.7.2_.dtd">
<!-- Creation date: Nov 16, 2022 11:28:33 +0900 (GMT+9) -->
<pathway name="path:hsa04630" org="hsa" number="04630"
         title="JAK-STAT signaling pathway"
         image="https://www.kegg.jp/kegg/pathway/hsa/hsa04630.png"
         link="https://www.kegg.jp/kegg-bin/show_pathway?hsa04630">
    <entry id="48" name="path:hsa04630" type="map"
        link="https://www.kegg.jp/dbget-bin/www_bget?hsa04630">
        <graphics name="TITLE:JAK-STAT signaling pathway" fgcolor="#000000" bgcolor="#FFFFFF"
             type="roundrectangle" x="166" y="58" width="251" height="25"/>
    </entry>
    <entry id="97" name="hsa:6772 hsa:6774 hsa:6776 hsa:6777 hsa:6778" type="gene"
        link="https://www.kegg.jp/dbget-bin/www_bget?hsa:6772+hsa:6774+hsa:6776+hsa:6777+hsa:6778">
        <graphics name="STAT1, CANDF7, IMD31A, IMD31B, IMD31C, ISGF-3, STAT91..." fgcolor="#000000" bgcolor="#BFFFBF"
             type="rectangle" x="369" y="270" width="46" height="17"/>
    </entry>
    <entry id="98" name="hsa:3716 hsa:3718" type="gene"
        link="https://www.kegg.jp/dbget-bin/www_bget?hsa:3716+hsa:3718">
        <graphics name="JAK1, AIIDE, JAK1A, JAK1B, JTK3..." fgcolor="#000000" bgcolor="#BFFFBF"
             type="rectangle" x="245" y="270" width="46" height="17"/>
    </entry>
    <entry id="101" name="hsa:3559 hsa:3560 hsa:3561 hsa:3566 hsa:3575 hsa:3581 hsa:3601 hsa:50615 hsa:64109" type="gene"
        link="https://www.kegg.jp/dbget-bin/www_bget?hsa:3559+hsa:3560+hsa:3561+hsa:3566+hsa:3575+hsa:3581+hsa:3601+hsa:50615+hsa:64109">
        <graphics name="IL2RA, CD25, IDDM10, IL2R, IMD41, TCGFR, p55..." fgcolor="#000000" bgcolor="#BFFFBF"
             type="rectangle" x="199" y="270" width="46" height="17"/>
    </entry>
    <entry id="102" name="hsa:6772 hsa:6774 hsa:6776 hsa:6777 hsa:6778" type="gene"
        link="https://www.kegg.jp/dbget-bin/www_bget?hsa:6772+hsa:6774+hsa:6776+hsa:6777+hsa:6778">
        <graphics name="STAT1, CANDF7, IMD31A, IMD31B, IMD31C, ISGF-3, STAT91..." fgcolor="#000000" bgcolor="#BFFFBF"
             type="rectangle" x="492" y="261" width="46" height="17"/>
    </entry>
    <entry id="103" name="hsa:3558 hsa:3565 hsa:3574 hsa:3578 hsa:3600 hsa:59067 hsa:85480" type="gene"
        link="https://www.kegg.jp/dbget-bin/www_bget?hsa:3558+hsa:3565+hsa:3574+hsa:3578+hsa:3600+hsa:59067+hsa:85480">
        <graphics name="IL2, IL-2, TCGF, lymphokine..." fgcolor="#000000" bgcolor="#BFFFBF"
             type="rectangle" x="105" y="270" width="46" height="17"/>
    </entry>
    <entry id="105" name="hsa:6774 hsa:6776 hsa:6777" type="gene"
        link="https://www.kegg.jp/dbget-bin/www_bget?hsa:6774+hsa:6776+hsa:6777">
        <graphics name="STAT3, ADMIO, ADMIO1, APRF, HIES..." fgcolor="#000000" bgcolor="#BFFFBF"
             type="rectangle" x="369" y="524" width="46" height="17"/>
    </entry>
    <entry id="106" name="hsa:3717" type="gene"
        link="https://www.kegg.jp/dbget-bin/www_bget?hsa:3717">
        <graphics name="JAK2, JTK10" fgcolor="#000000" bgcolor="#BFFFBF"
             type="rectangle" x="245" y="524" width="46" height="17"/>
    </entry>
    <entry id="109" name="hsa:1441 hsa:2057 hsa:2690 hsa:3953 hsa:4352 hsa:5618" type="gene"
        link="https://www.kegg.jp/dbget-bin/www_bget?hsa:1441+hsa:2057+hsa:2690+hsa:3953+hsa:4352+hsa:5618">
        <graphics name="CSF3R, CD114, GCSFR, SCN7..." fgcolor="#000000" bgcolor="#BFFFBF"
             type="rectangle" x="199" y="524" width="46" height="17"/>
    </entry>
    <entry id="110" name="hsa:6774 hsa:6776 hsa:6777" type="gene"
        link="https://www.kegg.jp/dbget-bin/www_bget?hsa:6774+hsa:6776+hsa:6777">
        <graphics name="STAT3, ADMIO, ADMIO1, APRF, HIES..." fgcolor="#000000" bgcolor="#BFFFBF"
             type="rectangle" x="492" y="515" width="46" height="17"/>
    </entry>
    <entry id="111" name="hsa:1440 hsa:1442 hsa:1443 hsa:2056 hsa:2688 hsa:2689 hsa:3952 hsa:5617 hsa:7066" type="gene"
        link="https://www.kegg.jp/dbget-bin/www_bget?hsa:1440+hsa:1442+hsa:1443+hsa:2056+hsa:2688+hsa:2689+hsa:3952+hsa:5617+hsa:7066">
        <graphics name="CSF3, C17orf33, CSF3OS, GCSF, G-CSF..." fgcolor="#000000" bgcolor="#BFFFBF"
             type="rectangle" x="105" y="524" width="46" height="17"/>
    </entry>
    <entry id="113" name="hsa:6774 hsa:6775" type="gene"
        link="https://www.kegg.jp/dbget-bin/www_bget?hsa:6774+hsa:6775">
        <graphics name="STAT3, ADMIO, ADMIO1, APRF, HIES..." fgcolor="#000000" bgcolor="#BFFFBF"
             type="rectangle" x="369" y="474" width="46" height="17"/>
    </entry>
    <entry id="114" name="hsa:3717" type="gene"
        link="https://www.kegg.jp/dbget-bin/www_bget?hsa:3717">
        <graphics name="JAK2, JTK10" fgcolor="#000000" bgcolor="#BFFFBF"
             type="rectangle" x="245" y="465" width="46" height="17"/>
    </entry>
    <entry id="117" name="hsa:149233 hsa:3594 hsa:3595" type="gene"
        link="https://www.kegg.jp/dbget-bin/www_bget?hsa:149233+hsa:3594+hsa:3595">
        <graphics name="IL23R..." fgcolor="#000000" bgcolor="#BFFFBF"
             type="rectangle" x="199" y="474" width="46" height="17"/>
    </entry>
    <entry id="118" name="hsa:6774 hsa:6775" type="gene"
        link="https://www.kegg.jp/dbget-bin/www_bget?hsa:6774+hsa:6775">
        <graphics name="STAT3, ADMIO, ADMIO1, APRF, HIES..." fgcolor="#000000" bgcolor="#BFFFBF"
             type="rectangle" x="492" y="465" width="46" height="17"/>
    </entry>
    <entry id="119" name="hsa:3592 hsa:3593 hsa:51561" type="gene"
        link="https://www.kegg.jp/dbget-bin/www_bget?hsa:3592+hsa:3593+hsa:51561">
        <graphics name="IL12A, CLMF, IL-12A, NFSK, NKSF1, P35..." fgcolor="#000000" bgcolor="#BFFFBF"
             type="rectangle" x="105" y="474" width="46" height="17"/>
    </entry>
    <entry id="121" name="hsa:6772 hsa:6774 hsa:6778" type="gene"
        link="https://www.kegg.jp/dbget-bin/www_bget?hsa:6772+hsa:6774+hsa:6778">
        <graphics name="STAT1, CANDF7, IMD31A, IMD31B, IMD31C, ISGF-3, STAT91..." fgcolor="#000000" bgcolor="#BFFFBF"
             type="rectangle" x="369" y="359" width="46" height="17"/>
    </entry>
    <entry id="122" name="hsa:3716 hsa:3717" type="gene"
        link="https://www.kegg.jp/dbget-bin/www_bget?hsa:3716+hsa:3717">
        <graphics name="JAK1, AIIDE, JAK1A, JAK1B, JTK3..." fgcolor="#000000" bgcolor="#BFFFBF"
             type="rectangle" x="245" y="350" width="46" height="17"/>
    </entry>
    <entry id="125" name="hsa:1271 hsa:133396 hsa:3566 hsa:3570 hsa:3572 hsa:3590 hsa:3597 hsa:3598 hsa:3977 hsa:9180 hsa:9466" type="gene"
        link="https://www.kegg.jp/dbget-bin/www_bget?hsa:1271+hsa:133396+hsa:3566+hsa:3570+hsa:3572+hsa:3590+hsa:3597+hsa:3598+hsa:3977+hsa:9180+hsa:9466">
        <graphics name="CNTFR..." fgcolor="#000000" bgcolor="#BFFFBF"
             type="rectangle" x="199" y="359" width="46" height="17"/>
    </entry>
    <entry id="126" name="hsa:6772 hsa:6774 hsa:6778" type="gene"
        link="https://www.kegg.jp/dbget-bin/www_bget?hsa:6772+hsa:6774+hsa:6778">
        <graphics name="STAT1, CANDF7, IMD31A, IMD31B, IMD31C, ISGF-3, STAT91..." fgcolor="#000000" bgcolor="#BFFFBF"
             type="rectangle" x="492" y="350" width="46" height="17"/>
    </entry>
    <entry id="127" name="hsa:1270 hsa:1489 hsa:23529 hsa:246778 hsa:3569 hsa:3589 hsa:3596 hsa:386653 hsa:3976 hsa:5008" type="gene"
        link="https://www.kegg.jp/dbget-bin/www_bget?hsa:1270+hsa:1489+hsa:23529+hsa:246778+hsa:3569+hsa:3589+hsa:3596+hsa:386653+hsa:3976+hsa:5008">
        <graphics name="CNTF, HCNTF..." fgcolor="#000000" bgcolor="#BFFFBF"
             type="rectangle" x="105" y="359" width="46" height="17"/>
    </entry>
    <entry id="129" name="hsa:6772 hsa:6773" type="gene"
        link="https://www.kegg.jp/dbget-bin/www_bget?hsa:6772+hsa:6773">
        <graphics name="STAT1, CANDF7, IMD31A, IMD31B, IMD31C, ISGF-3, STAT91..." fgcolor="#000000" bgcolor="#BFFFBF"
             type="rectangle" x="369" y="572" width="46" height="17"/>
    </entry>
    <entry id="130" name="hsa:3716" type="gene"
        link="https://www.kegg.jp/dbget-bin/www_bget?hsa:3716">
        <graphics name="JAK1, AIIDE, JAK1A, JAK1B, JTK3" fgcolor="#000000" bgcolor="#BFFFBF"
             type="rectangle" x="245" y="563" width="46" height="17"/>
    </entry>
    <entry id="133" name="hsa:163702 hsa:3454 hsa:3455 hsa:3588" type="gene"
        link="https://www.kegg.jp/dbget-bin/www_bget?hsa:163702+hsa:3454+hsa:3455+hsa:3588">
        <graphics name="IFNLR1, CRF2/12, IFNLR, IL-28R1, IL28RA, LICR2..." fgcolor="#000000" bgcolor="#BFFFBF"
             type="rectangle" x="199" y="572" width="46" height="17"/>
    </entry>
    <entry id="134" name="hsa:6772 hsa:6773" type="gene"
        link="https://www.kegg.jp/dbget-bin/www_bget?hsa:6772+hsa:6773">
        <graphics name="STAT1, CANDF7, IMD31A, IMD31B, IMD31C, ISGF-3, STAT91..." fgcolor="#000000" bgcolor="#BFFFBF"
             type="rectangle" x="492" y="563" width="46" height="17"/>
    </entry>
    <entry id="135" name="hsa:282616 hsa:282617 hsa:282618 hsa:338376 hsa:3439 hsa:3440 hsa:3441 hsa:3442 hsa:3443 hsa:3444 hsa:3445 hsa:3446 hsa:3447 hsa:3448 hsa:3449 hsa:3451 hsa:3452 hsa:3456 hsa:3467 hsa:56832" type="gene"
        link="https://www.kegg.jp/dbget-bin/www_bget?hsa:282616+hsa:282617+hsa:282618+hsa:338376+hsa:3439+hsa:3440+hsa:3441+hsa:3442+hsa:3443+hsa:3444+hsa:3445+hsa:3446+hsa:3447+hsa:3448+hsa:3449+hsa:3451+hsa:3452+hsa:3456+hsa:3467+hsa:56832">
        <graphics name="IFNL2, IFNL2a, IFNL3a, IL-28A, IL28A..." fgcolor="#000000" bgcolor="#BFFFBF"
             type="rectangle" x="105" y="572" width="46" height="17"/>
    </entry>
    <entry id="137" name="hsa:6772 hsa:6774" type="gene"
        link="https://www.kegg.jp/dbget-bin/www_bget?hsa:6772+hsa:6774">
        <graphics name="STAT1, CANDF7, IMD31A, IMD31B, IMD31C, ISGF-3, STAT91..." fgcolor="#000000" bgcolor="#BFFFBF"
             type="rectangle" x="369" y="622" width="46" height="17"/>
    </entry>
    <entry id="138" name="hsa:3716 hsa:3717" type="gene"
        link="https://www.kegg.jp/dbget-bin/www_bget?hsa:3716+hsa:3717">
        <graphics name="JAK1, AIIDE, JAK1A, JAK1B, JTK3..." fgcolor="#000000" bgcolor="#BFFFBF"
             type="rectangle" x="245" y="622" width="46" height="17"/>
    </entry>
    <entry id="141" name="hsa:3459 hsa:3460" type="gene"
        link="https://www.kegg.jp/dbget-bin/www_bget?hsa:3459+hsa:3460">
        <graphics name="IFNGR1, CD119, IFNGR, IMD27A, IMD27B..." fgcolor="#000000" bgcolor="#BFFFBF"
             type="rectangle" x="199" y="622" width="46" height="17"/>
    </entry>
    <entry id="142" name="hsa:6772 hsa:6774" type="gene"
        link="https://www.kegg.jp/dbget-bin/www_bget?hsa:6772+hsa:6774">
        <graphics name="STAT1, CANDF7, IMD31A, IMD31B, IMD31C, ISGF-3, STAT91..." fgcolor="#000000" bgcolor="#BFFFBF"
             type="rectangle" x="492" y="613" width="46" height="17"/>
    </entry>
    <entry id="143" name="hsa:3458" type="gene"
        link="https://www.kegg.jp/dbget-bin/www_bget?hsa:3458">
        <graphics name="IFNG, IFG, IFI, IMD69" fgcolor="#000000" bgcolor="#BFFFBF"
             type="rectangle" x="105" y="622" width="46" height="17"/>
    </entry>
    <entry id="145" name="hsa:6774" type="gene"
        link="https://www.kegg.jp/dbget-bin/www_bget?hsa:6774">
        <graphics name="STAT3, ADMIO, ADMIO1, APRF, HIES" fgcolor="#000000" bgcolor="#BFFFBF"
             type="rectangle" x="369" y="417" width="46" height="17"/>
    </entry>
    <entry id="148" name="hsa:116379 hsa:3587 hsa:3588 hsa:53832 hsa:53833 hsa:58985" type="gene"
        link="https://www.kegg.jp/dbget-bin/www_bget?hsa:116379+hsa:3587+hsa:3588+hsa:53832+hsa:53833+hsa:58985">
        <graphics name="IL22RA2, CRF2-10, CRF2-S1, CRF2X, IL-22BP, IL-22R-alpha-2, IL-22RA2, ZCYTOR16..." fgcolor="#000000" bgcolor="#BFFFBF"
             type="rectangle" x="199" y="417" width="46" height="17"/>
    </entry>
    <entry id="149" name="hsa:6774" type="gene"
        link="https://www.kegg.jp/dbget-bin/www_bget?hsa:6774">
        <graphics name="STAT3, ADMIO, ADMIO1, APRF, HIES" fgcolor="#000000" bgcolor="#BFFFBF"
             type="rectangle" x="492" y="408" width="46" height="17"/>
    </entry>
    <entry id="150" name="hsa:11009 hsa:29949 hsa:3586 hsa:50604 hsa:50616 hsa:55801" type="gene"
        link="https://www.kegg.jp/dbget-bin/www_bget?hsa:11009+hsa:29949+hsa:3586+hsa:50604+hsa:50616+hsa:55801">
        <graphics name="IL24, C49A, FISP, IL10B, MDA7, MOB5, ST16..." fgcolor="#000000" bgcolor="#BFFFBF"
             type="rectangle" x="105" y="417" width="46" height="17"/>
    </entry>
    <entry id="152" name="hsa:7297" type="gene"
        link="https://www.kegg.jp/dbget-bin/www_bget?hsa:7297">
        <graphics name="TYK2, IMD35, JTK1" fgcolor="#000000" bgcolor="#BFFFBF"
             type="rectangle" x="245" y="482" width="46" height="17"/>
    </entry>
    <entry id="153" name="hsa:7297" type="gene"
        link="https://www.kegg.jp/dbget-bin/www_bget?hsa:7297">
        <graphics name="TYK2, IMD35, JTK1" fgcolor="#000000" bgcolor="#BFFFBF"
             type="rectangle" x="245" y="367" width="46" height="17"/>
    </entry>
    <entry id="154" name="hsa:7297" type="gene"
        link="https://www.kegg.jp/dbget-bin/www_bget?hsa:7297">
        <graphics name="TYK2, IMD35, JTK1" fgcolor="#000000" bgcolor="#BFFFBF"
             type="rectangle" x="245" y="580" width="46" height="17"/>
    </entry>
    <entry id="155" name="hsa:3716 hsa:3718" type="gene"
        link="https://www.kegg.jp/dbget-bin/www_bget?hsa:3716+hsa:3718">
        <graphics name="JAK1, AIIDE, JAK1A, JAK1B, JTK3..." fgcolor="#000000" bgcolor="#BFFFBF"
             type="rectangle" x="245" y="408" width="46" height="17"/>
    </entry>
    <entry id="156" name="hsa:7297" type="gene"
        link="https://www.kegg.jp/dbget-bin/www_bget?hsa:7297">
        <graphics name="TYK2, IMD35, JTK1" fgcolor="#000000" bgcolor="#BFFFBF"
             type="rectangle" x="245" y="425" width="46" height="17"/>
    </entry>
    <entry id="157" name="hsa:1950 hsa:5154 hsa:5155" type="gene"
        link="https://www.kegg.jp/dbget-bin/www_bget?hsa:1950+hsa:5154+hsa:5155">
        <graphics name="EGF, HOMG4, URG..." fgcolor="#000000" bgcolor="#BFFFBF"
             type="rectangle" x="105" y="672" width="46" height="17"/>
    </entry>
    <entry id="158" name="hsa:6772 hsa:6774" type="gene"
        link="https://www.kegg.jp/dbget-bin/www_bget?hsa:6772+hsa:6774">
        <graphics name="STAT1, CANDF7, IMD31A, IMD31B, IMD31C, ISGF-3, STAT91..." fgcolor="#000000" bgcolor="#BFFFBF"
             type="rectangle" x="369" y="672" width="46" height="17"/>
    </entry>
    <entry id="159" name="hsa:3716 hsa:3717" type="gene"
        link="https://www.kegg.jp/dbget-bin/www_bget?hsa:3716+hsa:3717">
        <graphics name="JAK1, AIIDE, JAK1A, JAK1B, JTK3..." fgcolor="#000000" bgcolor="#BFFFBF"
             type="rectangle" x="245" y="672" width="46" height="17"/>
    </entry>
    <entry id="162" name="hsa:1956 hsa:5156 hsa:5159" type="gene"
        link="https://www.kegg.jp/dbget-bin/www_bget?hsa:1956+hsa:5156+hsa:5159">
        <graphics name="EGFR, ERBB, ERBB1, ERRP, HER1, NISBD2, PIG61, mENA..." fgcolor="#000000" bgcolor="#BFFFBF"
             type="rectangle" x="199" y="672" width="46" height="17"/>
    </entry>
    <entry id="163" name="hsa:6772 hsa:6774" type="gene"
        link="https://www.kegg.jp/dbget-bin/www_bget?hsa:6772+hsa:6774">
        <graphics name="STAT1, CANDF7, IMD31A, IMD31B, IMD31C, ISGF-3, STAT91..." fgcolor="#000000" bgcolor="#BFFFBF"
             type="rectangle" x="492" y="663" width="46" height="17"/>
    </entry>
    <entry id="165" name="hsa:10379" type="gene"
        link="https://www.kegg.jp/dbget-bin/www_bget?hsa:10379">
        <graphics name="IRF9, IRF-9, ISGF3, ISGF3G, p48" fgcolor="#000000" bgcolor="#BFFFBF"
             type="rectangle" x="430" y="600" width="46" height="17"/>
    </entry>
    <entry id="168" name="hsa:4609" type="gene"
        link="https://www.kegg.jp/dbget-bin/www_bget?hsa:4609">
        <graphics name="MYC, MRTL, MYCC, bHLHe39, c-Myc" fgcolor="#000000" bgcolor="#BFFFBF"
             type="rectangle" x="831" y="472" width="46" height="17"/>
    </entry>
    <entry id="169" name="hsa:1154" type="gene"
        link="https://www.kegg.jp/dbget-bin/www_bget?hsa:1154">
        <graphics name="CISH, BACTS2, CIS, CIS-1, G18, SOCS" fgcolor="#000000" bgcolor="#BFFFBF"
             type="rectangle" x="831" y="369" width="46" height="17"/>
    </entry>
    <entry id="170" name="hsa:596" type="gene"
        link="https://www.kegg.jp/dbget-bin/www_bget?hsa:596">
        <graphics name="BCL2, Bcl-2, PPP1R50" fgcolor="#000000" bgcolor="#BFFFBF"
             type="rectangle" x="831" y="405" width="46" height="17"/>
    </entry>
    <entry id="171" name="hsa:122809 hsa:30837 hsa:8651 hsa:8835 hsa:9021 hsa:9306 hsa:9655" type="gene"
        link="https://www.kegg.jp/dbget-bin/www_bget?hsa:122809+hsa:30837+hsa:8651+hsa:8835+hsa:9021+hsa:9306+hsa:9655">
        <graphics name="SOCS4, SOCS7..." fgcolor="#000000" bgcolor="#BFFFBF"
             type="rectangle" x="880" y="369" width="46" height="17"/>
    </entry>
    <entry id="173" name="hsa:4170" type="gene"
        link="https://www.kegg.jp/dbget-bin/www_bget?hsa:4170">
        <graphics name="MCL1, BCL2L3, EAT, MCL1-ES, MCL1L, MCL1S, Mcl-1, TM, bcl2-L-3, mcl1/EAT" fgcolor="#000000" bgcolor="#BFFFBF"
             type="rectangle" x="880" y="405" width="46" height="17"/>
    </entry>
    <entry id="176" name="path:hsa04210" type="map"
        link="https://www.kegg.jp/dbget-bin/www_bget?hsa04210">
        <graphics name="Apoptosis" fgcolor="#000000" bgcolor="#FFFFFF"
             type="roundrectangle" x="988" y="389" width="87" height="25"/>
    </entry>
    <entry id="177" name="path:hsa04110" type="map"
        link="https://www.kegg.jp/dbget-bin/www_bget?hsa04110">
        <graphics name="Cell cycle" fgcolor="#000000" bgcolor="#FFFFFF"
             type="roundrectangle" x="988" y="448" width="87" height="25"/>
    </entry>
    <entry id="178" name="hsa:5292" type="gene"
        link="https://www.kegg.jp/dbget-bin/www_bget?hsa:5292">
        <graphics name="PIM1, PIM" fgcolor="#000000" bgcolor="#BFFFBF"
             type="rectangle" x="880" y="425" width="46" height="17"/>
    </entry>
    <entry id="183" name="hsa:595 hsa:894 hsa:896" type="gene"
        link="https://www.kegg.jp/dbget-bin/www_bget?hsa:595+hsa:894+hsa:896">
        <graphics name="CCND1, BCL1, D11S287E, PRAD1, U21B31..." fgcolor="#000000" bgcolor="#BFFFBF"
             type="rectangle" x="880" y="472" width="46" height="17"/>
    </entry>
    <entry id="184" name="hsa:1026" type="gene"
        link="https://www.kegg.jp/dbget-bin/www_bget?hsa:1026">
        <graphics name="CDKN1A, CAP20, CDKN1, CIP1, MDA-6, P21, SDI1, WAF1, p21CIP1" fgcolor="#000000" bgcolor="#BFFFBF"
             type="rectangle" x="831" y="505" width="46" height="17"/>
    </entry>
    <entry id="185" name="hsa:598" type="gene"
        link="https://www.kegg.jp/dbget-bin/www_bget?hsa:598">
        <graphics name="BCL2L1, BCL-XL/S, BCL2L, BCLX, Bcl-X, PPP1R52" fgcolor="#000000" bgcolor="#BFFFBF"
             type="rectangle" x="831" y="425" width="46" height="17"/>
    </entry>
    <entry id="186" name="hsa:316" type="gene"
        link="https://www.kegg.jp/dbget-bin/www_bget?hsa:316">
        <graphics name="AOX1, AO, AOH1" fgcolor="#000000" bgcolor="#BFFFBF"
             type="rectangle" x="831" y="538" width="46" height="17"/>
    </entry>
    <entry id="188" name="hsa:2670" type="gene"
        link="https://www.kegg.jp/dbget-bin/www_bget?hsa:2670">
        <graphics name="GFAP, ALXDRD" fgcolor="#000000" bgcolor="#BFFFBF"
             type="rectangle" x="831" y="571" width="46" height="17"/>
    </entry>
    <entry id="194" name="hsa:1387 hsa:2033" type="gene"
        link="https://www.kegg.jp/dbget-bin/www_bget?hsa:1387+hsa:2033">
        <graphics name="CREBBP, CBP, KAT3A, MKHK1, RSTS, RSTS1..." fgcolor="#000000" bgcolor="#BFFFBF"
             type="rectangle" x="612" y="530" width="46" height="17"/>
    </entry>
    <entry id="195" name="hsa:10401 hsa:51588 hsa:8554 hsa:9063" type="gene"
        link="https://www.kegg.jp/dbget-bin/www_bget?hsa:10401+hsa:51588+hsa:8554+hsa:9063">
        <graphics name="PIAS3, ZMIZ5..." fgcolor="#000000" bgcolor="#BFFFBF"
             type="rectangle" x="677" y="409" width="46" height="17"/>
    </entry>
    <entry id="198" name="hsa:2273" type="gene"
        link="https://www.kegg.jp/dbget-bin/www_bget?hsa:2273">
        <graphics name="FHL1, FCMSU, FHL-1, FHL1A, FHL1B, FLH1A, KYOT, RBMX1A, RBMX1B, SLIM, SLIM-1, SLIM1, SLIMMER, XMPMA" fgcolor="#000000" bgcolor="#BFFFBF"
             type="rectangle" x="666" y="530" width="46" height="17"/>
    </entry>
    <entry id="202" name="hsa:5771" type="gene"
        link="https://www.kegg.jp/dbget-bin/www_bget?hsa:5771">
        <graphics name="PTPN2, PTN2, PTPT, TC-PTP, TCELLPTP, TCPTP" fgcolor="#000000" bgcolor="#BFFFBF"
             type="rectangle" x="623" y="409" width="46" height="17"/>
    </entry>
    <entry id="205" name="path:hsa04060" type="map"
        link="https://www.kegg.jp/dbget-bin/www_bget?hsa04060">
        <graphics name="Cytokine-cytokine receptor interaction" fgcolor="#000000" bgcolor="#FFFFFF"
             type="roundrectangle" x="109" y="177" width="120" height="34"/>
    </entry>
    <entry id="209" name="hsa:10000 hsa:207 hsa:208" type="gene"
        link="https://www.kegg.jp/dbget-bin/www_bget?hsa:10000+hsa:207+hsa:208">
        <graphics name="AKT3, MPPH, MPPH2, PKB-GAMMA, PKBG, PRKBG, RAC-PK-gamma, RAC-gamma, STK-2..." fgcolor="#000000" bgcolor="#BFFFBF"
             type="rectangle" x="377" y="831" width="46" height="17"/>
    </entry>
    <entry id="210" name="hsa:5290 hsa:5291 hsa:5293 hsa:5295 hsa:5296 hsa:8503" type="gene"
        link="https://www.kegg.jp/dbget-bin/www_bget?hsa:5290+hsa:5291+hsa:5293+hsa:5295+hsa:5296+hsa:8503">
        <graphics name="PIK3CA, CCM4, CLAPO, CLOVE, CWS5, MCAP, MCM, MCMTC, PI3K, PI3K-alpha, p110-alpha..." fgcolor="#000000" bgcolor="#BFFFBF"
             type="rectangle" x="294" y="830" width="46" height="17"/>
    </entry>
    <entry id="211" name="hsa:6654 hsa:6655" type="gene"
        link="https://www.kegg.jp/dbget-bin/www_bget?hsa:6654+hsa:6655">
        <graphics name="SOS1, GF1, GGF1, GINGF, HGF, NS4, SOS-1..." fgcolor="#000000" bgcolor="#BFFFBF"
             type="rectangle" x="377" y="765" width="46" height="17"/>
    </entry>
    <entry id="212" name="hsa:2885" type="gene"
        link="https://www.kegg.jp/dbget-bin/www_bget?hsa:2885">
        <graphics name="GRB2, ASH, EGFRBP-GRB2, Grb3-3, MST084, MSTP084, NCKAP2" fgcolor="#000000" bgcolor="#BFFFBF"
             type="rectangle" x="294" y="773" width="46" height="17"/>
    </entry>
    <entry id="213" name="path:hsa04010" type="map"
        link="https://www.kegg.jp/dbget-bin/www_bget?hsa04010">
        <graphics name="MAPK signaling pathway" fgcolor="#000000" bgcolor="#FFFFFF"
             type="roundrectangle" x="503" y="727" width="113" height="34"/>
    </entry>
    <entry id="218" name="path:hsa04151" type="map"
        link="https://www.kegg.jp/dbget-bin/www_bget?hsa04151">
        <graphics name="PI3K-Akt signaling pathway" fgcolor="#000000" bgcolor="#FFFFFF"
             type="roundrectangle" x="503" y="865" width="113" height="34"/>
    </entry>
    <entry id="219" name="hsa:5781" type="gene"
        link="https://www.kegg.jp/dbget-bin/www_bget?hsa:5781">
        <graphics name="PTPN11, BPTP3, CFC, JMML, METCDS, NS1, PTP-1D, PTP2C, SH-PTP2, SH-PTP3, SHP2" fgcolor="#000000" bgcolor="#BFFFBF"
             type="rectangle" x="294" y="756" width="46" height="17"/>
    </entry>
    <entry id="222" name="hsa:3265" type="gene"
        link="https://www.kegg.jp/dbget-bin/www_bget?hsa:3265">
        <graphics name="HRAS, C-BAS/HAS, C-H-RAS, C-HA-RAS1, CTLO, H-RASIDX, HAMSV, HRAS1, RASH1, p21ras" fgcolor="#000000" bgcolor="#BFFFBF"
             type="rectangle" x="458" y="765" width="46" height="17"/>
    </entry>
    <entry id="224" name="hsa:5894" type="gene"
        link="https://www.kegg.jp/dbget-bin/www_bget?hsa:5894">
        <graphics name="RAF1, CMD1NN, CRAF, NS5, Raf-1, c-Raf" fgcolor="#000000" bgcolor="#BFFFBF"
             type="rectangle" x="540" y="765" width="46" height="17"/>
    </entry>
    <entry id="226" name="hsa:2475" type="gene"
        link="https://www.kegg.jp/dbget-bin/www_bget?hsa:2475">
        <graphics name="MTOR, FRAP, FRAP1, FRAP2, RAFT1, RAPT1, SKS" fgcolor="#000000" bgcolor="#BFFFBF"
             type="rectangle" x="458" y="831" width="46" height="17"/>
    </entry>
    <entry id="229" name="path:hsa04120" type="map"
        link="https://www.kegg.jp/dbget-bin/www_bget?hsa04120">
        <graphics name="Ubiquitin mediated proteolysis" fgcolor="#000000" bgcolor="#FFFFFF"
             type="roundrectangle" x="502" y="131" width="123" height="34"/>
    </entry>
    <entry id="231" name="hsa:5777" type="gene"
        link="https://www.kegg.jp/dbget-bin/www_bget?hsa:5777">
        <graphics name="PTPN6, HCP, HCPH, HPTP1C, PTP-1C, SH-PTP1, SHP-1, SHP-1L, SHP1" fgcolor="#000000" bgcolor="#BFFFBF"
             type="rectangle" x="290" y="178" width="46" height="17"/>
    </entry>
    <entry id="234" name="hsa:5771" type="gene"
        link="https://www.kegg.jp/dbget-bin/www_bget?hsa:5771">
        <graphics name="PTPN2, PTN2, PTPT, TC-PTP, TCELLPTP, TCPTP" fgcolor="#000000" bgcolor="#BFFFBF"
             type="rectangle" x="241" y="178" width="46" height="17"/>
    </entry>
    <entry id="239" name="hsa:6776 hsa:6777" type="gene"
        link="https://www.kegg.jp/dbget-bin/www_bget?hsa:6776+hsa:6777">
        <graphics name="STAT5A, MGF, STAT5..." fgcolor="#000000" bgcolor="#BFFFBF"
             type="rectangle" x="369" y="310" width="46" height="17"/>
    </entry>
    <entry id="240" name="hsa:3717" type="gene"
        link="https://www.kegg.jp/dbget-bin/www_bget?hsa:3717">
        <graphics name="JAK2, JTK10" fgcolor="#000000" bgcolor="#BFFFBF"
             type="rectangle" x="245" y="310" width="46" height="17"/>
    </entry>
    <entry id="243" name="hsa:1438 hsa:1439 hsa:3563 hsa:3568" type="gene"
        link="https://www.kegg.jp/dbget-bin/www_bget?hsa:1438+hsa:1439+hsa:3563+hsa:3568">
        <graphics name="CSF2RA, CD116, CDw116, CSF2R, CSF2RAX, CSF2RAY, CSF2RX, CSF2RY, GM-CSF-R-alpha, GMCSFR, GMCSFR-alpha, GMR, GMR-alpha, SMDP4, alphaGMR..." fgcolor="#000000" bgcolor="#BFFFBF"
             type="rectangle" x="199" y="310" width="46" height="17"/>
    </entry>
    <entry id="244" name="hsa:6776 hsa:6777" type="gene"
        link="https://www.kegg.jp/dbget-bin/www_bget?hsa:6776+hsa:6777">
        <graphics name="STAT5A, MGF, STAT5..." fgcolor="#000000" bgcolor="#BFFFBF"
             type="rectangle" x="492" y="301" width="46" height="17"/>
    </entry>
    <entry id="245" name="hsa:1437 hsa:3562 hsa:3567" type="gene"
        link="https://www.kegg.jp/dbget-bin/www_bget?hsa:1437+hsa:3562+hsa:3567">
        <graphics name="CSF2, CSF, GMCSF..." fgcolor="#000000" bgcolor="#BFFFBF"
             type="rectangle" x="105" y="310" width="46" height="17"/>
    </entry>
    <entry id="247" name="hsa:6772 hsa:6774 hsa:6776 hsa:6777 hsa:6778" type="gene"
        link="https://www.kegg.jp/dbget-bin/www_bget?hsa:6772+hsa:6774+hsa:6776+hsa:6777+hsa:6778">
        <graphics name="STAT1, CANDF7, IMD31A, IMD31B, IMD31C, ISGF-3, STAT91..." fgcolor="#000000" bgcolor="#BFFFBF"
             type="rectangle" x="492" y="278" width="46" height="17"/>
    </entry>
    <entry id="248" name="hsa:6774 hsa:6776 hsa:6777" type="gene"
        link="https://www.kegg.jp/dbget-bin/www_bget?hsa:6774+hsa:6776+hsa:6777">
        <graphics name="STAT3, ADMIO, ADMIO1, APRF, HIES..." fgcolor="#000000" bgcolor="#BFFFBF"
             type="rectangle" x="492" y="532" width="46" height="17"/>
    </entry>
    <entry id="249" name="hsa:6774 hsa:6775" type="gene"
        link="https://www.kegg.jp/dbget-bin/www_bget?hsa:6774+hsa:6775">
        <graphics name="STAT3, ADMIO, ADMIO1, APRF, HIES..." fgcolor="#000000" bgcolor="#BFFFBF"
             type="rectangle" x="492" y="482" width="46" height="17"/>
    </entry>
    <entry id="250" name="hsa:6772 hsa:6774 hsa:6778" type="gene"
        link="https://www.kegg.jp/dbget-bin/www_bget?hsa:6772+hsa:6774+hsa:6778">
        <graphics name="STAT1, CANDF7, IMD31A, IMD31B, IMD31C, ISGF-3, STAT91..." fgcolor="#000000" bgcolor="#BFFFBF"
             type="rectangle" x="492" y="367" width="46" height="17"/>
    </entry>
    <entry id="251" name="hsa:6772 hsa:6773" type="gene"
        link="https://www.kegg.jp/dbget-bin/www_bget?hsa:6772+hsa:6773">
        <graphics name="STAT1, CANDF7, IMD31A, IMD31B, IMD31C, ISGF-3, STAT91..." fgcolor="#000000" bgcolor="#BFFFBF"
             type="rectangle" x="492" y="580" width="46" height="17"/>
    </entry>
    <entry id="252" name="hsa:6772 hsa:6774" type="gene"
        link="https://www.kegg.jp/dbget-bin/www_bget?hsa:6772+hsa:6774">
        <graphics name="STAT1, CANDF7, IMD31A, IMD31B, IMD31C, ISGF-3, STAT91..." fgcolor="#000000" bgcolor="#BFFFBF"
             type="rectangle" x="492" y="630" width="46" height="17"/>
    </entry>
    <entry id="253" name="hsa:6774" type="gene"
        link="https://www.kegg.jp/dbget-bin/www_bget?hsa:6774">
        <graphics name="STAT3, ADMIO, ADMIO1, APRF, HIES" fgcolor="#000000" bgcolor="#BFFFBF"
             type="rectangle" x="492" y="425" width="46" height="17"/>
    </entry>
    <entry id="254" name="hsa:6772 hsa:6774" type="gene"
        link="https://www.kegg.jp/dbget-bin/www_bget?hsa:6772+hsa:6774">
        <graphics name="STAT1, CANDF7, IMD31A, IMD31B, IMD31C, ISGF-3, STAT91..." fgcolor="#000000" bgcolor="#BFFFBF"
             type="rectangle" x="492" y="680" width="46" height="17"/>
    </entry>
    <entry id="255" name="hsa:6776 hsa:6777" type="gene"
        link="https://www.kegg.jp/dbget-bin/www_bget?hsa:6776+hsa:6777">
        <graphics name="STAT5A, MGF, STAT5..." fgcolor="#000000" bgcolor="#BFFFBF"
             type="rectangle" x="492" y="318" width="46" height="17"/>
    </entry>
    <entry id="257" name="hsa:10254 hsa:8027" type="gene"
        link="https://www.kegg.jp/dbget-bin/www_bget?hsa:10254+hsa:8027">
        <graphics name="STAM2, Hbp, STAM2A, STAM2B..." fgcolor="#000000" bgcolor="#BFFFBF"
             type="rectangle" x="351" y="200" width="46" height="17"/>
    </entry>
    <entry id="258" name="undefined" type="group">
        <graphics fgcolor="#000000" bgcolor="#FFFFFF"
             type="rectangle" x="222" y="270" width="92" height="17"/>
        <component id="101"/>
        <component id="98"/>
    </entry>
    <entry id="259" name="undefined" type="group">
        <graphics fgcolor="#000000" bgcolor="#FFFFFF"
             type="rectangle" x="222" y="310" width="92" height="17"/>
        <component id="240"/>
        <component id="243"/>
    </entry>
    <entry id="260" name="undefined" type="group">
        <graphics fgcolor="#000000" bgcolor="#FFFFFF"
             type="rectangle" x="222" y="358" width="92" height="34"/>
        <component id="122"/>
        <component id="125"/>
        <component id="153"/>
    </entry>
    <entry id="261" name="undefined" type="group">
        <graphics fgcolor="#000000" bgcolor="#FFFFFF"
             type="rectangle" x="222" y="416" width="92" height="34"/>
        <component id="148"/>
        <component id="155"/>
        <component id="156"/>
    </entry>
    <entry id="262" name="undefined" type="group">
        <graphics fgcolor="#000000" bgcolor="#FFFFFF"
             type="rectangle" x="222" y="473" width="92" height="34"/>
        <component id="114"/>
        <component id="117"/>
        <component id="152"/>
    </entry>
    <entry id="263" name="undefined" type="group">
        <graphics fgcolor="#000000" bgcolor="#FFFFFF"
             type="rectangle" x="222" y="524" width="92" height="17"/>
        <component id="106"/>
        <component id="109"/>
    </entry>
    <entry id="264" name="undefined" type="group">
        <graphics fgcolor="#000000" bgcolor="#FFFFFF"
             type="rectangle" x="222" y="571" width="92" height="34"/>
        <component id="130"/>
        <component id="133"/>
        <component id="154"/>
    </entry>
    <entry id="265" name="undefined" type="group">
        <graphics fgcolor="#000000" bgcolor="#FFFFFF"
             type="rectangle" x="222" y="622" width="92" height="17"/>
        <component id="138"/>
        <component id="141"/>
    </entry>
    <entry id="266" name="undefined" type="group">
        <graphics fgcolor="#000000" bgcolor="#FFFFFF"
             type="rectangle" x="222" y="672" width="92" height="17"/>
        <component id="159"/>
        <component id="162"/>
    </entry>
    <entry id="267" name="undefined" type="group">
        <graphics fgcolor="#000000" bgcolor="#FFFFFF"
             type="rectangle" x="492" y="269" width="46" height="34"/>
        <component id="102"/>
        <component id="247"/>
    </entry>
    <entry id="268" name="undefined" type="group">
        <graphics fgcolor="#000000" bgcolor="#FFFFFF"
             type="rectangle" x="492" y="309" width="46" height="34"/>
        <component id="244"/>
        <component id="255"/>
    </entry>
    <entry id="269" name="undefined" type="group">
        <graphics fgcolor="#000000" bgcolor="#FFFFFF"
             type="rectangle" x="492" y="358" width="46" height="34"/>
        <component id="126"/>
        <component id="250"/>
    </entry>
    <entry id="270" name="undefined" type="group">
        <graphics fgcolor="#000000" bgcolor="#FFFFFF"
             type="rectangle" x="492" y="416" width="46" height="34"/>
        <component id="149"/>
        <component id="253"/>
    </entry>
    <entry id="271" name="undefined" type="group">
        <graphics fgcolor="#000000" bgcolor="#FFFFFF"
             type="rectangle" x="492" y="473" width="46" height="34"/>
        <component id="118"/>
        <component id="249"/>
    </entry>
    <entry id="272" name="undefined" type="group">
        <graphics fgcolor="#000000" bgcolor="#FFFFFF"
             type="rectangle" x="492" y="523" width="46" height="34"/>
        <component id="110"/>
        <component id="248"/>
    </entry>
    <entry id="273" name="undefined" type="group">
        <graphics fgcolor="#000000" bgcolor="#FFFFFF"
             type="rectangle" x="492" y="571" width="46" height="34"/>
        <component id="134"/>
        <component id="251"/>
    </entry>
    <entry id="274" name="undefined" type="group">
        <graphics fgcolor="#000000" bgcolor="#FFFFFF"
             type="rectangle" x="492" y="621" width="46" height="34"/>
        <component id="142"/>
        <component id="252"/>
    </entry>
    <entry id="275" name="undefined" type="group">
        <graphics fgcolor="#000000" bgcolor="#FFFFFF"
             type="rectangle" x="492" y="671" width="46" height="34"/>
        <component id="163"/>
        <component id="254"/>
    </entry>
    <entry id="276" name="undefined" type="group">
        <graphics fgcolor="#000000" bgcolor="#FFFFFF"
             type="rectangle" x="245" y="358" width="46" height="34"/>
        <component id="122"/>
        <component id="153"/>
    </entry>
    <entry id="277" name="undefined" type="group">
        <graphics fgcolor="#000000" bgcolor="#FFFFFF"
             type="rectangle" x="245" y="416" width="46" height="34"/>
        <component id="155"/>
        <component id="156"/>
    </entry>
    <entry id="278" name="undefined" type="group">
        <graphics fgcolor="#000000" bgcolor="#FFFFFF"
             type="rectangle" x="245" y="473" width="46" height="34"/>
        <component id="114"/>
        <component id="152"/>
    </entry>
    <entry id="279" name="undefined" type="group">
        <graphics fgcolor="#000000" bgcolor="#FFFFFF"
             type="rectangle" x="245" y="571" width="46" height="34"/>
        <component id="130"/>
        <component id="154"/>
    </entry>
    <entry id="280" name="undefined" type="group">
        <graphics fgcolor="#000000" bgcolor="#FFFFFF"
             type="rectangle" x="294" y="764" width="46" height="34"/>
        <component id="212"/>
        <component id="219"/>
    </entry>
    <relation entry1="103" entry2="258" type="PPrel">
        <subtype name="activation" value="--&gt;"/>
    </relation>
    <relation entry1="258" entry2="97" type="PPrel">
        <subtype name="activation" value="--&gt;"/>
        <subtype name="phosphorylation" value="+p"/>
    </relation>
    <relation entry1="245" entry2="259" type="PPrel">
        <subtype name="activation" value="--&gt;"/>
    </relation>
    <relation entry1="259" entry2="239" type="PPrel">
        <subtype name="activation" value="--&gt;"/>
        <subtype name="phosphorylation" value="+p"/>
    </relation>
    <relation entry1="127" entry2="260" type="PPrel">
        <subtype name="activation" value="--&gt;"/>
    </relation>
    <relation entry1="260" entry2="121" type="PPrel">
        <subtype name="activation" value="--&gt;"/>
        <subtype name="phosphorylation" value="+p"/>
    </relation>
    <relation entry1="150" entry2="261" type="PPrel">
        <subtype name="activation" value="--&gt;"/>
    </relation>
    <relation entry1="261" entry2="145" type="PPrel">
        <subtype name="activation" value="--&gt;"/>
        <subtype name="phosphorylation" value="+p"/>
    </relation>
    <relation entry1="119" entry2="262" type="PPrel">
        <subtype name="activation" value="--&gt;"/>
    </relation>
    <relation entry1="262" entry2="113" type="PPrel">
        <subtype name="activation" value="--&gt;"/>
        <subtype name="phosphorylation" value="+p"/>
    </relation>
    <relation entry1="111" entry2="263" type="PPrel">
        <subtype name="activation" value="--&gt;"/>
    </relation>
    <relation entry1="263" entry2="105" type="PPrel">
        <subtype name="activation" value="--&gt;"/>
        <subtype name="phosphorylation" value="+p"/>
    </relation>
    <relation entry1="135" entry2="264" type="PPrel">
        <subtype name="activation" value="--&gt;"/>
    </relation>
    <relation entry1="264" entry2="129" type="PPrel">
        <subtype name="activation" value="--&gt;"/>
        <subtype name="phosphorylation" value="+p"/>
    </relation>
    <relation entry1="143" entry2="265" type="PPrel">
        <subtype name="activation" value="--&gt;"/>
    </relation>
    <relation entry1="265" entry2="137" type="PPrel">
        <subtype name="activation" value="--&gt;"/>
        <subtype name="phosphorylation" value="+p"/>
    </relation>
    <relation entry1="157" entry2="266" type="PPrel">
        <subtype name="activation" value="--&gt;"/>
    </relation>
    <relation entry1="266" entry2="158" type="PPrel">
        <subtype name="activation" value="--&gt;"/>
        <subtype name="phosphorylation" value="+p"/>
    </relation>
    <relation entry1="97" entry2="267" type="PPrel">
        <subtype name="state change" value="..."/>
    </relation>
    <relation entry1="239" entry2="268" type="PPrel">
        <subtype name="state change" value="..."/>
    </relation>
    <relation entry1="121" entry2="269" type="PPrel">
        <subtype name="state change" value="..."/>
    </relation>
    <relation entry1="145" entry2="270" type="PPrel">
        <subtype name="state change" value="..."/>
    </relation>
    <relation entry1="113" entry2="271" type="PPrel">
        <subtype name="state change" value="..."/>
    </relation>
    <relation entry1="105" entry2="272" type="PPrel">
        <subtype name="state change" value="..."/>
    </relation>
    <relation entry1="129" entry2="273" type="PPrel">
        <subtype name="state change" value="..."/>
    </relation>
    <relation entry1="137" entry2="274" type="PPrel">
        <subtype name="state change" value="..."/>
    </relation>
    <relation entry1="158" entry2="275" type="PPrel">
        <subtype name="state change" value="..."/>
    </relation>
    <relation entry1="165" entry2="273" type="PPrel">
        <subtype name="binding/association" value="---"/>
    </relation>
    <relation entry1="267" entry2="169" type="GErel">
        <subtype name="expression" value="--&gt;"/>
    </relation>
    <relation entry1="268" entry2="169" type="GErel">
        <subtype name="expression" value="--&gt;"/>
    </relation>
    <relation entry1="269" entry2="169" type="GErel">
        <subtype name="expression" value="--&gt;"/>
    </relation>
    <relation entry1="270" entry2="169" type="GErel">
        <subtype name="expression" value="--&gt;"/>
    </relation>
    <relation entry1="271" entry2="169" type="GErel">
        <subtype name="expression" value="--&gt;"/>
    </relation>
    <relation entry1="272" entry2="169" type="GErel">
        <subtype name="expression" value="--&gt;"/>
    </relation>
    <relation entry1="273" entry2="169" type="GErel">
        <subtype name="expression" value="--&gt;"/>
    </relation>
    <relation entry1="274" entry2="169" type="GErel">
        <subtype name="expression" value="--&gt;"/>
    </relation>
    <relation entry1="275" entry2="169" type="GErel">
        <subtype name="expression" value="--&gt;"/>
    </relation>
    <relation entry1="267" entry2="171" type="GErel">
        <subtype name="expression" value="--&gt;"/>
    </relation>
    <relation entry1="268" entry2="171" type="GErel">
        <subtype name="expression" value="--&gt;"/>
    </relation>
    <relation entry1="269" entry2="171" type="GErel">
        <subtype name="expression" value="--&gt;"/>
    </relation>
    <relation entry1="270" entry2="171" type="GErel">
        <subtype name="expression" value="--&gt;"/>
    </relation>
    <relation entry1="271" entry2="171" type="GErel">
        <subtype name="expression" value="--&gt;"/>
    </relation>
    <relation entry1="272" entry2="171" type="GErel">
        <subtype name="expression" value="--&gt;"/>
    </relation>
    <relation entry1="273" entry2="171" type="GErel">
        <subtype name="expression" value="--&gt;"/>
    </relation>
    <relation entry1="274" entry2="171" type="GErel">
        <subtype name="expression" value="--&gt;"/>
    </relation>
    <relation entry1="275" entry2="171" type="GErel">
        <subtype name="expression" value="--&gt;"/>
    </relation>
    <relation entry1="267" entry2="170" type="GErel">
        <subtype name="expression" value="--&gt;"/>
    </relation>
    <relation entry1="268" entry2="170" type="GErel">
        <subtype name="expression" value="--&gt;"/>
    </relation>
    <relation entry1="269" entry2="170" type="GErel">
        <subtype name="expression" value="--&gt;"/>
    </relation>
    <relation entry1="270" entry2="170" type="GErel">
        <subtype name="expression" value="--&gt;"/>
    </relation>
    <relation entry1="271" entry2="170" type="GErel">
        <subtype name="expression" value="--&gt;"/>
    </relation>
    <relation entry1="272" entry2="170" type="GErel">
        <subtype name="expression" value="--&gt;"/>
    </relation>
    <relation entry1="273" entry2="170" type="GErel">
        <subtype name="expression" value="--&gt;"/>
    </relation>
    <relation entry1="274" entry2="170" type="GErel">
        <subtype name="expression" value="--&gt;"/>
    </relation>
    <relation entry1="275" entry2="170" type="GErel">
        <subtype name="expression" value="--&gt;"/>
    </relation>
    <relation entry1="267" entry2="185" type="GErel">
        <subtype name="expression" value="--&gt;"/>
    </relation>
    <relation entry1="268" entry2="185" type="GErel">
        <subtype name="expression" value="--&gt;"/>
    </relation>
    <relation entry1="269" entry2="185" type="GErel">
        <subtype name="expression" value="--&gt;"/>
    </relation>
    <relation entry1="270" entry2="185" type="GErel">
        <subtype name="expression" value="--&gt;"/>
    </relation>
    <relation entry1="271" entry2="185" type="GErel">
        <subtype name="expression" value="--&gt;"/>
    </relation>
    <relation entry1="272" entry2="185" type="GErel">
        <subtype name="expression" value="--&gt;"/>
    </relation>
    <relation entry1="273" entry2="185" type="GErel">
        <subtype name="expression" value="--&gt;"/>
    </relation>
    <relation entry1="274" entry2="185" type="GErel">
        <subtype name="expression" value="--&gt;"/>
    </relation>
    <relation entry1="275" entry2="185" type="GErel">
        <subtype name="expression" value="--&gt;"/>
    </relation>
    <relation entry1="267" entry2="173" type="GErel">
        <subtype name="expression" value="--&gt;"/>
    </relation>
    <relation entry1="268" entry2="173" type="GErel">
        <subtype name="expression" value="--&gt;"/>
    </relation>
    <relation entry1="269" entry2="173" type="GErel">
        <subtype name="expression" value="--&gt;"/>
    </relation>
    <relation entry1="270" entry2="173" type="GErel">
        <subtype name="expression" value="--&gt;"/>
    </relation>
    <relation entry1="271" entry2="173" type="GErel">
        <subtype name="expression" value="--&gt;"/>
    </relation>
    <relation entry1="272" entry2="173" type="GErel">
        <subtype name="expression" value="--&gt;"/>
    </relation>
    <relation entry1="273" entry2="173" type="GErel">
        <subtype name="expression" value="--&gt;"/>
    </relation>
    <relation entry1="274" entry2="173" type="GErel">
        <subtype name="expression" value="--&gt;"/>
    </relation>
    <relation entry1="275" entry2="173" type="GErel">
        <subtype name="expression" value="--&gt;"/>
    </relation>
    <relation entry1="267" entry2="178" type="GErel">
        <subtype name="expression" value="--&gt;"/>
    </relation>
    <relation entry1="268" entry2="178" type="GErel">
        <subtype name="expression" value="--&gt;"/>
    </relation>
    <relation entry1="269" entry2="178" type="GErel">
        <subtype name="expression" value="--&gt;"/>
    </relation>
    <relation entry1="270" entry2="178" type="GErel">
        <subtype name="expression" value="--&gt;"/>
    </relation>
    <relation entry1="271" entry2="178" type="GErel">
        <subtype name="expression" value="--&gt;"/>
    </relation>
    <relation entry1="272" entry2="178" type="GErel">
        <subtype name="expression" value="--&gt;"/>
    </relation>
    <relation entry1="273" entry2="178" type="GErel">
        <subtype name="expression" value="--&gt;"/>
    </relation>
    <relation entry1="274" entry2="178" type="GErel">
        <subtype name="expression" value="--&gt;"/>
    </relation>
    <relation entry1="275" entry2="178" type="GErel">
        <subtype name="expression" value="--&gt;"/>
    </relation>
    <relation entry1="267" entry2="168" type="GErel">
        <subtype name="expression" value="--&gt;"/>
    </relation>
    <relation entry1="268" entry2="168" type="GErel">
        <subtype name="expression" value="--&gt;"/>
    </relation>
    <relation entry1="269" entry2="168" type="GErel">
        <subtype name="expression" value="--&gt;"/>
    </relation>
    <relation entry1="270" entry2="168" type="GErel">
        <subtype name="expression" value="--&gt;"/>
    </relation>
    <relation entry1="271" entry2="168" type="GErel">
        <subtype name="expression" value="--&gt;"/>
    </relation>
    <relation entry1="272" entry2="168" type="GErel">
        <subtype name="expression" value="--&gt;"/>
    </relation>
    <relation entry1="273" entry2="168" type="GErel">
        <subtype name="expression" value="--&gt;"/>
    </relation>
    <relation entry1="274" entry2="168" type="GErel">
        <subtype name="expression" value="--&gt;"/>
    </relation>
    <relation entry1="275" entry2="168" type="GErel">
        <subtype name="expression" value="--&gt;"/>
    </relation>
    <relation entry1="267" entry2="183" type="GErel">
        <subtype name="expression" value="--&gt;"/>
    </relation>
    <relation entry1="268" entry2="183" type="GErel">
        <subtype name="expression" value="--&gt;"/>
    </relation>
    <relation entry1="269" entry2="183" type="GErel">
        <subtype name="expression" value="--&gt;"/>
    </relation>
    <relation entry1="270" entry2="183" type="GErel">
        <subtype name="expression" value="--&gt;"/>
    </relation>
    <relation entry1="271" entry2="183" type="GErel">
        <subtype name="expression" value="--&gt;"/>
    </relation>
    <relation entry1="272" entry2="183" type="GErel">
        <subtype name="expression" value="--&gt;"/>
    </relation>
    <relation entry1="273" entry2="183" type="GErel">
        <subtype name="expression" value="--&gt;"/>
    </relation>
    <relation entry1="274" entry2="183" type="GErel">
        <subtype name="expression" value="--&gt;"/>
    </relation>
    <relation entry1="275" entry2="183" type="GErel">
        <subtype name="expression" value="--&gt;"/>
    </relation>
    <relation entry1="267" entry2="184" type="GErel">
        <subtype name="expression" value="--&gt;"/>
    </relation>
    <relation entry1="268" entry2="184" type="GErel">
        <subtype name="expression" value="--&gt;"/>
    </relation>
    <relation entry1="269" entry2="184" type="GErel">
        <subtype name="expression" value="--&gt;"/>
    </relation>
    <relation entry1="270" entry2="184" type="GErel">
        <subtype name="expression" value="--&gt;"/>
    </relation>
    <relation entry1="271" entry2="184" type="GErel">
        <subtype name="expression" value="--&gt;"/>
    </relation>
    <relation entry1="272" entry2="184" type="GErel">
        <subtype name="expression" value="--&gt;"/>
    </relation>
    <relation entry1="273" entry2="184" type="GErel">
        <subtype name="expression" value="--&gt;"/>
    </relation>
    <relation entry1="274" entry2="184" type="GErel">
        <subtype name="expression" value="--&gt;"/>
    </relation>
    <relation entry1="275" entry2="184" type="GErel">
        <subtype name="expression" value="--&gt;"/>
    </relation>
    <relation entry1="267" entry2="186" type="GErel">
        <subtype name="expression" value="--&gt;"/>
    </relation>
    <relation entry1="268" entry2="186" type="GErel">
        <subtype name="expression" value="--&gt;"/>
    </relation>
    <relation entry1="269" entry2="186" type="GErel">
        <subtype name="expression" value="--&gt;"/>
    </relation>
    <relation entry1="270" entry2="186" type="GErel">
        <subtype name="expression" value="--&gt;"/>
    </relation>
    <relation entry1="271" entry2="186" type="GErel">
        <subtype name="expression" value="--&gt;"/>
    </relation>
    <relation entry1="272" entry2="186" type="GErel">
        <subtype name="expression" value="--&gt;"/>
    </relation>
    <relation entry1="273" entry2="186" type="GErel">
        <subtype name="expression" value="--&gt;"/>
    </relation>
    <relation entry1="274" entry2="186" type="GErel">
        <subtype name="expression" value="--&gt;"/>
    </relation>
    <relation entry1="275" entry2="186" type="GErel">
        <subtype name="expression" value="--&gt;"/>
    </relation>
    <relation entry1="267" entry2="188" type="GErel">
        <subtype name="expression" value="--&gt;"/>
    </relation>
    <relation entry1="268" entry2="188" type="GErel">
        <subtype name="expression" value="--&gt;"/>
    </relation>
    <relation entry1="269" entry2="188" type="GErel">
        <subtype name="expression" value="--&gt;"/>
    </relation>
    <relation entry1="270" entry2="188" type="GErel">
        <subtype name="expression" value="--&gt;"/>
    </relation>
    <relation entry1="271" entry2="188" type="GErel">
        <subtype name="expression" value="--&gt;"/>
    </relation>
    <relation entry1="272" entry2="188" type="GErel">
        <subtype name="expression" value="--&gt;"/>
    </relation>
    <relation entry1="273" entry2="188" type="GErel">
        <subtype name="expression" value="--&gt;"/>
    </relation>
    <relation entry1="274" entry2="188" type="GErel">
        <subtype name="expression" value="--&gt;"/>
    </relation>
    <relation entry1="275" entry2="188" type="GErel">
        <subtype name="expression" value="--&gt;"/>
    </relation>
    <relation entry1="169" entry2="97" type="PPrel">
        <subtype name="inhibition" value="--|"/>
    </relation>
    <relation entry1="169" entry2="239" type="PPrel">
        <subtype name="inhibition" value="--|"/>
    </relation>
    <relation entry1="169" entry2="121" type="PPrel">
        <subtype name="inhibition" value="--|"/>
    </relation>
    <relation entry1="169" entry2="145" type="PPrel">
        <subtype name="inhibition" value="--|"/>
    </relation>
    <relation entry1="169" entry2="113" type="PPrel">
        <subtype name="inhibition" value="--|"/>
    </relation>
    <relation entry1="169" entry2="105" type="PPrel">
        <subtype name="inhibition" value="--|"/>
    </relation>
    <relation entry1="169" entry2="129" type="PPrel">
        <subtype name="inhibition" value="--|"/>
    </relation>
    <relation entry1="169" entry2="137" type="PPrel">
        <subtype name="inhibition" value="--|"/>
    </relation>
    <relation entry1="169" entry2="158" type="PPrel">
        <subtype name="inhibition" value="--|"/>
    </relation>
    <relation entry1="171" entry2="98" type="PPrel">
        <subtype name="inhibition" value="--|"/>
    </relation>
    <relation entry1="171" entry2="240" type="PPrel">
        <subtype name="inhibition" value="--|"/>
    </relation>
    <relation entry1="171" entry2="276" type="PPrel">
        <subtype name="inhibition" value="--|"/>
    </relation>
    <relation entry1="171" entry2="277" type="PPrel">
        <subtype name="inhibition" value="--|"/>
    </relation>
    <relation entry1="171" entry2="278" type="PPrel">
        <subtype name="inhibition" value="--|"/>
    </relation>
    <relation entry1="171" entry2="106" type="PPrel">
        <subtype name="inhibition" value="--|"/>
    </relation>
    <relation entry1="171" entry2="279" type="PPrel">
        <subtype name="inhibition" value="--|"/>
    </relation>
    <relation entry1="171" entry2="138" type="PPrel">
        <subtype name="inhibition" value="--|"/>
    </relation>
    <relation entry1="171" entry2="159" type="PPrel">
        <subtype name="inhibition" value="--|"/>
    </relation>
    <relation entry1="98" entry2="219" type="PPrel">
        <subtype name="activation" value="--&gt;"/>
        <subtype name="phosphorylation" value="+p"/>
    </relation>
    <relation entry1="240" entry2="219" type="PPrel">
        <subtype name="activation" value="--&gt;"/>
        <subtype name="phosphorylation" value="+p"/>
    </relation>
    <relation entry1="276" entry2="219" type="PPrel">
        <subtype name="activation" value="--&gt;"/>
        <subtype name="phosphorylation" value="+p"/>
    </relation>
    <relation entry1="277" entry2="219" type="PPrel">
        <subtype name="activation" value="--&gt;"/>
        <subtype name="phosphorylation" value="+p"/>
    </relation>
    <relation entry1="278" entry2="219" type="PPrel">
        <subtype name="activation" value="--&gt;"/>
        <subtype name="phosphorylation" value="+p"/>
    </relation>
    <relation entry1="106" entry2="219" type="PPrel">
        <subtype name="activation" value="--&gt;"/>
        <subtype name="phosphorylation" value="+p"/>
    </relation>
    <relation entry1="279" entry2="219" type="PPrel">
        <subtype name="activation" value="--&gt;"/>
        <subtype name="phosphorylation" value="+p"/>
    </relation>
    <relation entry1="138" entry2="219" type="PPrel">
        <subtype name="activation" value="--&gt;"/>
        <subtype name="phosphorylation" value="+p"/>
    </relation>
    <relation entry1="159" entry2="219" type="PPrel">
        <subtype name="activation" value="--&gt;"/>
        <subtype name="phosphorylation" value="+p"/>
    </relation>
    <relation entry1="280" entry2="211" type="PPrel">
        <subtype name="activation" value="--&gt;"/>
    </relation>
    <relation entry1="211" entry2="222" type="PPrel">
        <subtype name="activation" value="--&gt;"/>
    </relation>
    <relation entry1="222" entry2="224" type="PPrel">
        <subtype name="activation" value="--&gt;"/>
    </relation>
    <relation entry1="98" entry2="210" type="PPrel">
        <subtype name="activation" value="--&gt;"/>
        <subtype name="phosphorylation" value="+p"/>
    </relation>
    <relation entry1="240" entry2="210" type="PPrel">
        <subtype name="activation" value="--&gt;"/>
        <subtype name="phosphorylation" value="+p"/>
    </relation>
    <relation entry1="276" entry2="210" type="PPrel">
        <subtype name="activation" value="--&gt;"/>
        <subtype name="phosphorylation" value="+p"/>
    </relation>
    <relation entry1="277" entry2="210" type="PPrel">
        <subtype name="activation" value="--&gt;"/>
        <subtype name="phosphorylation" value="+p"/>
    </relation>
    <relation entry1="278" entry2="210" type="PPrel">
        <subtype name="activation" value="--&gt;"/>
        <subtype name="phosphorylation" value="+p"/>
    </relation>
    <relation entry1="106" entry2="210" type="PPrel">
        <subtype name="activation" value="--&gt;"/>
        <subtype name="phosphorylation" value="+p"/>
    </relation>
    <relation entry1="279" entry2="210" type="PPrel">
        <subtype name="activation" value="--&gt;"/>
        <subtype name="phosphorylation" value="+p"/>
    </relation>
    <relation entry1="138" entry2="210" type="PPrel">
        <subtype name="activation" value="--&gt;"/>
        <subtype name="phosphorylation" value="+p"/>
    </relation>
    <relation entry1="159" entry2="210" type="PPrel">
        <subtype name="activation" value="--&gt;"/>
        <subtype name="phosphorylation" value="+p"/>
    </relation>
    <relation entry1="210" entry2="209" type="PPrel">
        <subtype name="activation" value="--&gt;"/>
        <subtype name="indirect effect" value="..&gt;"/>
    </relation>
    <relation entry1="209" entry2="226" type="PPrel">
        <subtype name="activation" value="--&gt;"/>
        <subtype name="indirect effect" value="..&gt;"/>
    </relation>
    <relation entry1="234" entry2="98" type="PPrel">
        <subtype name="inhibition" value="--|"/>
        <subtype name="dephosphorylation" value="-p"/>
    </relation>
    <relation entry1="234" entry2="240" type="PPrel">
        <subtype name="inhibition" value="--|"/>
        <subtype name="dephosphorylation" value="-p"/>
    </relation>
    <relation entry1="234" entry2="276" type="PPrel">
        <subtype name="inhibition" value="--|"/>
        <subtype name="dephosphorylation" value="-p"/>
    </relation>
    <relation entry1="234" entry2="277" type="PPrel">
        <subtype name="inhibition" value="--|"/>
        <subtype name="dephosphorylation" value="-p"/>
    </relation>
    <relation entry1="234" entry2="278" type="PPrel">
        <subtype name="inhibition" value="--|"/>
        <subtype name="dephosphorylation" value="-p"/>
    </relation>
    <relation entry1="234" entry2="106" type="PPrel">
        <subtype name="inhibition" value="--|"/>
        <subtype name="dephosphorylation" value="-p"/>
    </relation>
    <relation entry1="234" entry2="279" type="PPrel">
        <subtype name="inhibition" value="--|"/>
        <subtype name="dephosphorylation" value="-p"/>
    </relation>
    <relation entry1="234" entry2="138" type="PPrel">
        <subtype name="inhibition" value="--|"/>
        <subtype name="dephosphorylation" value="-p"/>
    </relation>
    <relation entry1="234" entry2="159" type="PPrel">
        <subtype name="inhibition" value="--|"/>
        <subtype name="dephosphorylation" value="-p"/>
    </relation>
    <relation entry1="231" entry2="98" type="PPrel">
        <subtype name="inhibition" value="--|"/>
        <subtype name="dephosphorylation" value="-p"/>
    </relation>
    <relation entry1="231" entry2="240" type="PPrel">
        <subtype name="inhibition" value="--|"/>
        <subtype name="dephosphorylation" value="-p"/>
    </relation>
    <relation entry1="231" entry2="276" type="PPrel">
        <subtype name="inhibition" value="--|"/>
        <subtype name="dephosphorylation" value="-p"/>
    </relation>
    <relation entry1="231" entry2="277" type="PPrel">
        <subtype name="inhibition" value="--|"/>
        <subtype name="dephosphorylation" value="-p"/>
    </relation>
    <relation entry1="231" entry2="278" type="PPrel">
        <subtype name="inhibition" value="--|"/>
        <subtype name="dephosphorylation" value="-p"/>
    </relation>
    <relation entry1="231" entry2="106" type="PPrel">
        <subtype name="inhibition" value="--|"/>
        <subtype name="dephosphorylation" value="-p"/>
    </relation>
    <relation entry1="231" entry2="279" type="PPrel">
        <subtype name="inhibition" value="--|"/>
        <subtype name="dephosphorylation" value="-p"/>
    </relation>
    <relation entry1="231" entry2="138" type="PPrel">
        <subtype name="inhibition" value="--|"/>
        <subtype name="dephosphorylation" value="-p"/>
    </relation>
    <relation entry1="231" entry2="159" type="PPrel">
        <subtype name="inhibition" value="--|"/>
        <subtype name="dephosphorylation" value="-p"/>
    </relation>
    <relation entry1="202" entry2="267" type="PPrel">
        <subtype name="inhibition" value="--|"/>
        <subtype name="dephosphorylation" value="-p"/>
    </relation>
    <relation entry1="202" entry2="268" type="PPrel">
        <subtype name="inhibition" value="--|"/>
        <subtype name="dephosphorylation" value="-p"/>
    </relation>
    <relation entry1="202" entry2="269" type="PPrel">
        <subtype name="inhibition" value="--|"/>
        <subtype name="dephosphorylation" value="-p"/>
    </relation>
    <relation entry1="202" entry2="270" type="PPrel">
        <subtype name="inhibition" value="--|"/>
        <subtype name="dephosphorylation" value="-p"/>
    </relation>
    <relation entry1="202" entry2="271" type="PPrel">
        <subtype name="inhibition" value="--|"/>
        <subtype name="dephosphorylation" value="-p"/>
    </relation>
    <relation entry1="202" entry2="272" type="PPrel">
        <subtype name="inhibition" value="--|"/>
        <subtype name="dephosphorylation" value="-p"/>
    </relation>
    <relation entry1="202" entry2="273" type="PPrel">
        <subtype name="inhibition" value="--|"/>
        <subtype name="dephosphorylation" value="-p"/>
    </relation>
    <relation entry1="202" entry2="274" type="PPrel">
        <subtype name="inhibition" value="--|"/>
        <subtype name="dephosphorylation" value="-p"/>
    </relation>
    <relation entry1="202" entry2="275" type="PPrel">
        <subtype name="inhibition" value="--|"/>
        <subtype name="dephosphorylation" value="-p"/>
    </relation>
    <relation entry1="195" entry2="267" type="PPrel">
        <subtype name="inhibition" value="--|"/>
    </relation>
    <relation entry1="195" entry2="268" type="PPrel">
        <subtype name="inhibition" value="--|"/>
    </relation>
    <relation entry1="195" entry2="269" type="PPrel">
        <subtype name="inhibition" value="--|"/>
    </relation>
    <relation entry1="195" entry2="270" type="PPrel">
        <subtype name="inhibition" value="--|"/>
    </relation>
    <relation entry1="195" entry2="271" type="PPrel">
        <subtype name="inhibition" value="--|"/>
    </relation>
    <relation entry1="195" entry2="272" type="PPrel">
        <subtype name="inhibition" value="--|"/>
    </relation>
    <relation entry1="195" entry2="273" type="PPrel">
        <subtype name="inhibition" value="--|"/>
    </relation>
    <relation entry1="195" entry2="274" type="PPrel">
        <subtype name="inhibition" value="--|"/>
    </relation>
    <relation entry1="195" entry2="275" type="PPrel">
        <subtype name="inhibition" value="--|"/>
    </relation>
    <relation entry1="194" entry2="267" type="PPrel">
        <subtype name="activation" value="--&gt;"/>
    </relation>
    <relation entry1="194" entry2="268" type="PPrel">
        <subtype name="activation" value="--&gt;"/>
    </relation>
    <relation entry1="194" entry2="269" type="PPrel">
        <subtype name="activation" value="--&gt;"/>
    </relation>
    <relation entry1="194" entry2="270" type="PPrel">
        <subtype name="activation" value="--&gt;"/>
    </relation>
    <relation entry1="194" entry2="271" type="PPrel">
        <subtype name="activation" value="--&gt;"/>
    </relation>
    <relation entry1="194" entry2="272" type="PPrel">
        <subtype name="activation" value="--&gt;"/>
    </relation>
    <relation entry1="194" entry2="273" type="PPrel">
        <subtype name="activation" value="--&gt;"/>
    </relation>
    <relation entry1="194" entry2="274" type="PPrel">
        <subtype name="activation" value="--&gt;"/>
    </relation>
    <relation entry1="194" entry2="275" type="PPrel">
        <subtype name="activation" value="--&gt;"/>
    </relation>
    <relation entry1="198" entry2="267" type="PPrel">
        <subtype name="ubiquitination" value="+u"/>
    </relation>
    <relation entry1="198" entry2="268" type="PPrel">
        <subtype name="ubiquitination" value="+u"/>
    </relation>
    <relation entry1="198" entry2="269" type="PPrel">
        <subtype name="ubiquitination" value="+u"/>
    </relation>
    <relation entry1="198" entry2="270" type="PPrel">
        <subtype name="ubiquitination" value="+u"/>
    </relation>
    <relation entry1="198" entry2="271" type="PPrel">
        <subtype name="ubiquitination" value="+u"/>
    </relation>
    <relation entry1="198" entry2="272" type="PPrel">
        <subtype name="ubiquitination" value="+u"/>
    </relation>
    <relation entry1="198" entry2="273" type="PPrel">
        <subtype name="ubiquitination" value="+u"/>
    </relation>
    <relation entry1="198" entry2="274" type="PPrel">
        <subtype name="ubiquitination" value="+u"/>
    </relation>
    <relation entry1="198" entry2="275" type="PPrel">
        <subtype name="ubiquitination" value="+u"/>
    </relation>
    <relation entry1="257" entry2="98" type="PPrel">
        <subtype name="activation" value="--&gt;"/>
    </relation>
    <relation entry1="257" entry2="240" type="PPrel">
        <subtype name="activation" value="--&gt;"/>
    </relation>
    <relation entry1="257" entry2="276" type="PPrel">
        <subtype name="activation" value="--&gt;"/>
    </relation>
    <relation entry1="257" entry2="277" type="PPrel">
        <subtype name="activation" value="--&gt;"/>
    </relation>
    <relation entry1="257" entry2="278" type="PPrel">
        <subtype name="activation" value="--&gt;"/>
    </relation>
    <relation entry1="257" entry2="106" type="PPrel">
        <subtype name="activation" value="--&gt;"/>
    </relation>
    <relation entry1="257" entry2="279" type="PPrel">
        <subtype name="activation" value="--&gt;"/>
    </relation>
    <relation entry1="257" entry2="138" type="PPrel">
        <subtype name="activation" value="--&gt;"/>
    </relation>
    <relation entry1="257" entry2="159" type="PPrel">
        <subtype name="activation" value="--&gt;"/>
    </relation>
</pathway>
