<?xml version="1.0"?>
<!DOCTYPE pathway SYSTEM "https://www.kegg.jp/kegg/xml/KGML_v0.7.2_.dtd">
<!-- Creation date: Apr 21, 2020 14:15:56 +0900 (GMT+9) -->
<pathway name="path:hsa04975" org="hsa" number="04975"
         title="Fat digestion and absorption"
         image="https://www.kegg.jp/kegg/pathway/hsa/hsa04975.png"
         link="https://www.kegg.jp/kegg-bin/show_pathway?hsa04975">
    <entry id="19" name="path:hsa04975" type="map"
        link="https://www.kegg.jp/dbget-bin/www_bget?hsa04975">
        <graphics name="TITLE:Fat digestion and absorption" fgcolor="#000000" bgcolor="#FFFFFF"
             type="roundrectangle" x="183" y="58" width="285" height="25"/>
    </entry>
    <entry id="22" name="path:hsa04530" type="map"
        link="https://www.kegg.jp/dbget-bin/www_bget?hsa04530">
        <graphics name="Tight junction" fgcolor="#000000" bgcolor="#FFFFFF"
             type="roundrectangle" x="600" y="117" width="115" height="25"/>
    </entry>
    <entry id="43" name="path:hsa04972" type="map"
        link="https://www.kegg.jp/dbget-bin/www_bget?hsa04972">
        <graphics name="Pancreatic secretion" fgcolor="#000000" bgcolor="#FFFFFF"
             type="roundrectangle" x="131" y="422" width="115" height="25"/>
    </entry>
    <entry id="46" name="hsa:64240" type="gene"
        link="https://www.kegg.jp/dbget-bin/www_bget?hsa:64240">
        <graphics name="ABCG5, STSL, STSL2" fgcolor="#000000" bgcolor="#BFFFBF"
             type="rectangle" x="449" y="757" width="46" height="17"/>
    </entry>
    <entry id="47" name="hsa:64241" type="gene"
        link="https://www.kegg.jp/dbget-bin/www_bget?hsa:64241">
        <graphics name="ABCG8, GBD4, STSL, STSL1" fgcolor="#000000" bgcolor="#BFFFBF"
             type="rectangle" x="449" y="774" width="46" height="17"/>
    </entry>
    <entry id="48" name="hsa:29881" type="gene"
        link="https://www.kegg.jp/dbget-bin/www_bget?hsa:29881">
        <graphics name="NPC1L1, LDLCQ7, NPC11L1, SLC65A2" fgcolor="#000000" bgcolor="#BFFFBF"
             type="rectangle" x="533" y="698" width="46" height="17"/>
    </entry>
    <entry id="49" name="hsa:948" type="gene"
        link="https://www.kegg.jp/dbget-bin/www_bget?hsa:948">
        <graphics name="CD36, BDPLT10, CHDS7, FAT, GP3B, GP4, GPIV, PASIV, SCARB3" fgcolor="#000000" bgcolor="#BFFFBF"
             type="rectangle" x="449" y="510" width="46" height="17"/>
    </entry>
    <entry id="50" name="cpd:C00187" type="compound"
        link="https://www.kegg.jp/dbget-bin/www_bget?C00187">
        <graphics name="C00187" fgcolor="#000000" bgcolor="#FFFFFF"
             type="circle" x="512" y="765" width="8" height="8"/>
    </entry>
    <entry id="51" name="cpd:C00187" type="compound"
        link="https://www.kegg.jp/dbget-bin/www_bget?C00187">
        <graphics name="C00187" fgcolor="#000000" bgcolor="#FFFFFF"
             type="circle" x="484" y="699" width="8" height="8"/>
    </entry>
    <entry id="52" name="cpd:C00162" type="compound"
        link="https://www.kegg.jp/dbget-bin/www_bget?C00162">
        <graphics name="C00162" fgcolor="#000000" bgcolor="#FFFFFF"
             type="circle" x="393" y="510" width="8" height="8"/>
    </entry>
    <entry id="53" name="hsa:338" type="gene"
        link="https://www.kegg.jp/dbget-bin/www_bget?hsa:338">
        <graphics name="APOB, FCHL2, FLDB, LDLCQ4, apoB-100, apoB-48" fgcolor="#000000" bgcolor="#BFFFBF"
             type="rectangle" x="858" y="651" width="46" height="17"/>
    </entry>
    <entry id="54" name="hsa:1056 hsa:26279 hsa:30814 hsa:391013 hsa:50487 hsa:5319 hsa:5320 hsa:5322 hsa:5406 hsa:5407 hsa:5408 hsa:64600 hsa:81579 hsa:8399 hsa:84647 hsa:8513" type="gene"
        link="https://www.kegg.jp/dbget-bin/www_bget?hsa:1056+hsa:26279+hsa:30814+hsa:391013+hsa:50487+hsa:5319+hsa:5320+hsa:5322+hsa:5406+hsa:5407+hsa:5408+hsa:64600+hsa:81579+hsa:8399+hsa:84647+hsa:8513">
        <graphics name="CEL, BAL, BSDL, BSSL, CELL, CEase, FAP, FAPP, LIPA, MODY8..." fgcolor="#000000" bgcolor="#BFFFBF"
             type="rectangle" x="195" y="455" width="46" height="17"/>
    </entry>
    <entry id="55" name="cpd:C01558" type="compound"
        link="https://www.kegg.jp/dbget-bin/www_bget?C01558">
        <graphics name="C01558" fgcolor="#000000" bgcolor="#FFFFFF"
             type="circle" x="264" y="228" width="8" height="8"/>
    </entry>
    <entry id="56" name="cpd:C00162" type="compound"
        link="https://www.kegg.jp/dbget-bin/www_bget?C00162">
        <graphics name="C00162" fgcolor="#000000" bgcolor="#FFFFFF"
             type="circle" x="316" y="350" width="8" height="8"/>
    </entry>
    <entry id="57" name="path:hsa04976" type="map"
        link="https://www.kegg.jp/dbget-bin/www_bget?hsa04976">
        <graphics name="Bile secretion" fgcolor="#000000" bgcolor="#FFFFFF"
             type="roundrectangle" x="129" y="167" width="115" height="25"/>
    </entry>
    <entry id="58" name="cpd:C00187" type="compound"
        link="https://www.kegg.jp/dbget-bin/www_bget?C00187">
        <graphics name="C00187" fgcolor="#000000" bgcolor="#FFFFFF"
             type="circle" x="172" y="396" width="8" height="8"/>
    </entry>
    <entry id="59" name="cpd:C02112 cpd:C01885" type="compound"
        link="https://www.kegg.jp/dbget-bin/www_bget?C02112+C01885">
        <graphics name="C02112..." fgcolor="#000000" bgcolor="#FFFFFF"
             type="circle" x="407" y="382" width="8" height="8"/>
    </entry>
    <entry id="60" name="cpd:C00681" type="compound"
        link="https://www.kegg.jp/dbget-bin/www_bget?C00681">
        <graphics name="C00681" fgcolor="#000000" bgcolor="#FFFFFF"
             type="circle" x="166" y="621" width="8" height="8"/>
    </entry>
    <entry id="61" name="hsa:10554 hsa:10555" type="gene"
        link="https://www.kegg.jp/dbget-bin/www_bget?hsa:10554+hsa:10555">
        <graphics name="AGPAT1, 1-AGPAT1, G15, LPAAT-alpha, LPAATA, LPLAT1..." fgcolor="#000000" bgcolor="#BFFFBF"
             type="rectangle" x="727" y="302" width="46" height="17"/>
    </entry>
    <entry id="62" name="hsa:346606 hsa:80168" type="gene"
        link="https://www.kegg.jp/dbget-bin/www_bget?hsa:346606+hsa:80168">
        <graphics name="MOGAT3, DC7, DGAT2L2, MGAT3..." fgcolor="#000000" bgcolor="#BFFFBF"
             type="rectangle" x="743" y="418" width="46" height="17"/>
    </entry>
    <entry id="63" name="hsa:84649 hsa:8694" type="gene"
        link="https://www.kegg.jp/dbget-bin/www_bget?hsa:84649+hsa:8694">
        <graphics name="DGAT2, ARAT, GS1999FULL, HMFN1045..." fgcolor="#000000" bgcolor="#BFFFBF"
             type="rectangle" x="749" y="570" width="46" height="17"/>
    </entry>
    <entry id="64" name="hsa:38 hsa:39" type="gene"
        link="https://www.kegg.jp/dbget-bin/www_bget?hsa:38+hsa:39">
        <graphics name="ACAT1, ACAT, MAT, T2, THIL..." fgcolor="#000000" bgcolor="#BFFFBF"
             type="rectangle" x="730" y="714" width="46" height="17"/>
    </entry>
    <entry id="65" name="cpd:C02530" type="compound"
        link="https://www.kegg.jp/dbget-bin/www_bget?C02530">
        <graphics name="C02530" fgcolor="#000000" bgcolor="#FFFFFF"
             type="circle" x="782" y="701" width="8" height="8"/>
    </entry>
    <entry id="66" name="cpd:C00422" type="compound"
        link="https://www.kegg.jp/dbget-bin/www_bget?C00422">
        <graphics name="C00422" fgcolor="#000000" bgcolor="#FFFFFF"
             type="circle" x="780" y="603" width="8" height="8"/>
    </entry>
    <entry id="80" name="hsa:4547" type="gene"
        link="https://www.kegg.jp/dbget-bin/www_bget?hsa:4547">
        <graphics name="MTTP, ABL, MTP" fgcolor="#000000" bgcolor="#BFFFBF"
             type="rectangle" x="833" y="625" width="46" height="17"/>
    </entry>
    <entry id="81" name="hsa:338" type="gene"
        link="https://www.kegg.jp/dbget-bin/www_bget?hsa:338">
        <graphics name="APOB, FCHL2, FLDB, LDLCQ4, apoB-100, apoB-48" fgcolor="#000000" bgcolor="#BFFFBF"
             type="rectangle" x="1064" y="310" width="46" height="17"/>
    </entry>
    <entry id="82" name="hsa:338" type="gene"
        link="https://www.kegg.jp/dbget-bin/www_bget?hsa:338">
        <graphics name="APOB, FCHL2, FLDB, LDLCQ4, apoB-100, apoB-48" fgcolor="#000000" bgcolor="#BFFFBF"
             type="rectangle" x="1201" y="308" width="46" height="17"/>
    </entry>
    <entry id="83" name="cpd:C00422" type="compound"
        link="https://www.kegg.jp/dbget-bin/www_bget?C00422">
        <graphics name="C00422" fgcolor="#000000" bgcolor="#FFFFFF"
             type="circle" x="842" y="676" width="8" height="8"/>
    </entry>
    <entry id="84" name="cpd:C02530" type="compound"
        link="https://www.kegg.jp/dbget-bin/www_bget?C02530">
        <graphics name="C02530" fgcolor="#000000" bgcolor="#FFFFFF"
             type="circle" x="842" y="697" width="8" height="8"/>
    </entry>
    <entry id="85" name="cpd:C00422" type="compound"
        link="https://www.kegg.jp/dbget-bin/www_bget?C00422">
        <graphics name="C00422" fgcolor="#000000" bgcolor="#FFFFFF"
             type="circle" x="1052" y="328" width="8" height="8"/>
    </entry>
    <entry id="86" name="cpd:C02530" type="compound"
        link="https://www.kegg.jp/dbget-bin/www_bget?C02530">
        <graphics name="C02530" fgcolor="#000000" bgcolor="#FFFFFF"
             type="circle" x="1052" y="352" width="8" height="8"/>
    </entry>
    <entry id="87" name="cpd:C00422" type="compound"
        link="https://www.kegg.jp/dbget-bin/www_bget?C00422">
        <graphics name="C00422" fgcolor="#000000" bgcolor="#FFFFFF"
             type="circle" x="1186" y="328" width="8" height="8"/>
    </entry>
    <entry id="88" name="cpd:C02530" type="compound"
        link="https://www.kegg.jp/dbget-bin/www_bget?C02530">
        <graphics name="C02530" fgcolor="#000000" bgcolor="#FFFFFF"
             type="circle" x="1187" y="351" width="8" height="8"/>
    </entry>
    <entry id="89" name="hsa:337" type="gene"
        link="https://www.kegg.jp/dbget-bin/www_bget?hsa:337">
        <graphics name="APOA4" fgcolor="#000000" bgcolor="#BFFFBF"
             type="rectangle" x="1241" y="342" width="46" height="17"/>
    </entry>
    <entry id="90" name="hsa:335" type="gene"
        link="https://www.kegg.jp/dbget-bin/www_bget?hsa:335">
        <graphics name="APOA1, HPALP2, apo(a)" fgcolor="#000000" bgcolor="#BFFFBF"
             type="rectangle" x="1201" y="377" width="46" height="17"/>
    </entry>
    <entry id="91" name="hsa:337" type="gene"
        link="https://www.kegg.jp/dbget-bin/www_bget?hsa:337">
        <graphics name="APOA4" fgcolor="#000000" bgcolor="#BFFFBF"
             type="rectangle" x="1103" y="342" width="46" height="17"/>
    </entry>
    <entry id="92" name="hsa:335" type="gene"
        link="https://www.kegg.jp/dbget-bin/www_bget?hsa:335">
        <graphics name="APOA1, HPALP2, apo(a)" fgcolor="#000000" bgcolor="#BFFFBF"
             type="rectangle" x="1065" y="374" width="46" height="17"/>
    </entry>
    <entry id="93" name="hsa:337" type="gene"
        link="https://www.kegg.jp/dbget-bin/www_bget?hsa:337">
        <graphics name="APOA4" fgcolor="#000000" bgcolor="#BFFFBF"
             type="rectangle" x="894" y="687" width="46" height="17"/>
    </entry>
    <entry id="94" name="hsa:335" type="gene"
        link="https://www.kegg.jp/dbget-bin/www_bget?hsa:335">
        <graphics name="APOA1, HPALP2, apo(a)" fgcolor="#000000" bgcolor="#BFFFBF"
             type="rectangle" x="922" y="497" width="46" height="17"/>
    </entry>
    <entry id="96" name="hsa:338" type="gene"
        link="https://www.kegg.jp/dbget-bin/www_bget?hsa:338">
        <graphics name="APOB, FCHL2, FLDB, LDLCQ4, apoB-100, apoB-48" fgcolor="#000000" bgcolor="#BFFFBF"
             type="rectangle" x="948" y="630" width="46" height="17"/>
    </entry>
    <entry id="100" name="hsa:19" type="gene"
        link="https://www.kegg.jp/dbget-bin/www_bget?hsa:19">
        <graphics name="ABCA1, ABC-1, ABC1, CERP, HDLCQTL13, HDLDT1, HPALP1, TGD" fgcolor="#000000" bgcolor="#BFFFBF"
             type="rectangle" x="1063" y="573" width="46" height="17"/>
    </entry>
    <entry id="135" name="cpd:C00422" type="compound"
        link="https://www.kegg.jp/dbget-bin/www_bget?C00422">
        <graphics name="C00422" fgcolor="#000000" bgcolor="#FFFFFF"
             type="circle" x="114" y="323" width="8" height="8"/>
    </entry>
    <entry id="136" name="cpd:C00865" type="compound"
        link="https://www.kegg.jp/dbget-bin/www_bget?C00865">
        <graphics name="C00865" fgcolor="#000000" bgcolor="#FFFFFF"
             type="circle" x="345" y="317" width="8" height="8"/>
    </entry>
    <entry id="169" name="hsa:1208" type="gene"
        link="https://www.kegg.jp/dbget-bin/www_bget?hsa:1208">
        <graphics name="CLPS" fgcolor="#000000" bgcolor="#BFFFBF"
             type="rectangle" x="254" y="455" width="46" height="17"/>
    </entry>
    <entry id="171" name="cpd:C00010" type="compound"
        link="https://www.kegg.jp/dbget-bin/www_bget?C00010">
        <graphics name="C00010" fgcolor="#000000" bgcolor="#FFFFFF"
             type="circle" x="649" y="487" width="8" height="8"/>
    </entry>
    <entry id="173" name="cpd:C00040" type="compound"
        link="https://www.kegg.jp/dbget-bin/www_bget?C00040">
        <graphics name="C00040" fgcolor="#000000" bgcolor="#FFFFFF"
             type="circle" x="693" y="509" width="8" height="8"/>
    </entry>
    <entry id="174" name="cpd:C00165" type="compound"
        link="https://www.kegg.jp/dbget-bin/www_bget?C00165">
        <graphics name="C00165" fgcolor="#000000" bgcolor="#FFFFFF"
             type="circle" x="779" y="509" width="8" height="8"/>
    </entry>
    <entry id="177" name="cpd:C00681" type="compound"
        link="https://www.kegg.jp/dbget-bin/www_bget?C00681">
        <graphics name="C00681" fgcolor="#000000" bgcolor="#FFFFFF"
             type="circle" x="428" y="314" width="8" height="8"/>
    </entry>
    <entry id="178" name="cpd:C00416" type="compound"
        link="https://www.kegg.jp/dbget-bin/www_bget?C00416">
        <graphics name="C00416" fgcolor="#000000" bgcolor="#FFFFFF"
             type="circle" x="779" y="319" width="8" height="8"/>
    </entry>
    <entry id="181" name="hsa:8611 hsa:8612 hsa:8613" type="gene"
        link="https://www.kegg.jp/dbget-bin/www_bget?hsa:8611+hsa:8612+hsa:8613">
        <graphics name="PLPP1, LLP1a, LPP1, PAP-2a, PAP2, PPAP2A..." fgcolor="#000000" bgcolor="#BFFFBF"
             type="rectangle" x="808" y="355" width="46" height="17"/>
    </entry>
    <entry id="185" name="path:hsa00561" type="map"
        link="https://www.kegg.jp/dbget-bin/www_bget?hsa00561">
        <graphics name="Glycerolipid metabolism" fgcolor="#000000" bgcolor="#FFFFFF"
             type="roundrectangle" x="837" y="571" width="98" height="34"/>
    </entry>
    <entry id="187" name="cpd:C00865 cpd:C00187" type="compound"
        link="https://www.kegg.jp/dbget-bin/www_bget?C00865+C00187">
        <graphics name="C00865..." fgcolor="#000000" bgcolor="#FFFFFF"
             type="circle" x="1015" y="571" width="8" height="8"/>
    </entry>
    <entry id="199" name="cpd:C02112 cpd:C01885" type="compound"
        link="https://www.kegg.jp/dbget-bin/www_bget?C02112+C01885">
        <graphics name="C02112..." fgcolor="#000000" bgcolor="#FFFFFF"
             type="circle" x="132" y="567" width="8" height="8"/>
    </entry>
    <entry id="201" name="cpd:C01558" type="compound"
        link="https://www.kegg.jp/dbget-bin/www_bget?C01558">
        <graphics name="C01558" fgcolor="#000000" bgcolor="#FFFFFF"
             type="circle" x="184" y="209" width="8" height="8"/>
    </entry>
    <entry id="204" name="cpd:C01558" type="compound"
        link="https://www.kegg.jp/dbget-bin/www_bget?C01558">
        <graphics name="C01558" fgcolor="#000000" bgcolor="#FFFFFF"
             type="circle" x="182" y="477" width="8" height="8"/>
    </entry>
    <entry id="208" name="hsa:337" type="gene"
        link="https://www.kegg.jp/dbget-bin/www_bget?hsa:337">
        <graphics name="APOA4" fgcolor="#000000" bgcolor="#BFFFBF"
             type="rectangle" x="960" y="461" width="46" height="17"/>
    </entry>
    <entry id="209" name="hsa:338" type="gene"
        link="https://www.kegg.jp/dbget-bin/www_bget?hsa:338">
        <graphics name="APOB, FCHL2, FLDB, LDLCQ4, apoB-100, apoB-48" fgcolor="#000000" bgcolor="#BFFFBF"
             type="rectangle" x="922" y="431" width="46" height="17"/>
    </entry>
    <entry id="210" name="cpd:C00422" type="compound"
        link="https://www.kegg.jp/dbget-bin/www_bget?C00422">
        <graphics name="C00422" fgcolor="#000000" bgcolor="#FFFFFF"
             type="circle" x="907" y="449" width="8" height="8"/>
    </entry>
    <entry id="211" name="cpd:C02530" type="compound"
        link="https://www.kegg.jp/dbget-bin/www_bget?C02530">
        <graphics name="C02530" fgcolor="#000000" bgcolor="#FFFFFF"
             type="circle" x="907" y="472" width="8" height="8"/>
    </entry>
    <entry id="214" name="hsa:10999 hsa:376497" type="gene"
        link="https://www.kegg.jp/dbget-bin/www_bget?hsa:10999+hsa:376497">
        <graphics name="SLC27A4, ACSVL4, FATP4, IPS..." fgcolor="#000000" bgcolor="#BFFFBF"
             type="rectangle" x="666" y="540" width="46" height="17"/>
    </entry>
    <entry id="215" name="hsa:335" type="gene"
        link="https://www.kegg.jp/dbget-bin/www_bget?hsa:335">
        <graphics name="APOA1, HPALP2, apo(a)" fgcolor="#000000" bgcolor="#BFFFBF"
             type="rectangle" x="1126" y="550" width="46" height="17"/>
    </entry>
    <entry id="219" name="hsa:335" type="gene"
        link="https://www.kegg.jp/dbget-bin/www_bget?hsa:335">
        <graphics name="APOA1, HPALP2, apo(a)" fgcolor="#000000" bgcolor="#BFFFBF"
             type="rectangle" x="1126" y="637" width="46" height="17"/>
    </entry>
    <entry id="221" name="hsa:949" type="gene"
        link="https://www.kegg.jp/dbget-bin/www_bget?hsa:949">
        <graphics name="SCARB1, CD36L1, CLA-1, CLA1, HDLQTL6, SR-BI, SRB1" fgcolor="#000000" bgcolor="#BFFFBF"
             type="rectangle" x="446" y="637" width="46" height="17"/>
    </entry>
    <entry id="222" name="cpd:C00162 cpd:C00187" type="compound"
        link="https://www.kegg.jp/dbget-bin/www_bget?C00162+C00187">
        <graphics name="C00162..." fgcolor="#000000" bgcolor="#FFFFFF"
             type="circle" x="395" y="637" width="8" height="8"/>
    </entry>
    <entry id="227" name="cpd:C00187" type="compound"
        link="https://www.kegg.jp/dbget-bin/www_bget?C00187">
        <graphics name="C00187" fgcolor="#000000" bgcolor="#FFFFFF"
             type="circle" x="525" y="640" width="8" height="8"/>
    </entry>
    <entry id="228" name="hsa:2169" type="gene"
        link="https://www.kegg.jp/dbget-bin/www_bget?hsa:2169">
        <graphics name="FABP2, FABPI, I-FABP" fgcolor="#000000" bgcolor="#BFFFBF"
             type="rectangle" x="603" y="418" width="46" height="17"/>
    </entry>
    <entry id="229" name="cpd:C00162" type="compound"
        link="https://www.kegg.jp/dbget-bin/www_bget?C00162">
        <graphics name="C00162" fgcolor="#000000" bgcolor="#FFFFFF"
             type="circle" x="602" y="443" width="8" height="8"/>
    </entry>
    <entry id="231" name="cpd:C00162" type="compound"
        link="https://www.kegg.jp/dbget-bin/www_bget?C00162">
        <graphics name="C00162" fgcolor="#000000" bgcolor="#FFFFFF"
             type="circle" x="580" y="490" width="8" height="8"/>
    </entry>
    <entry id="233" name="hsa:2168" type="gene"
        link="https://www.kegg.jp/dbget-bin/www_bget?hsa:2168">
        <graphics name="FABP1, FABPL, L-FABP" fgcolor="#000000" bgcolor="#BFFFBF"
             type="rectangle" x="581" y="465" width="46" height="17"/>
    </entry>
    <entry id="234" name="hsa:2806" type="gene"
        link="https://www.kegg.jp/dbget-bin/www_bget?hsa:2806">
        <graphics name="GOT2, DEE82, KAT4, KATIV, KYAT4, mitAAT" fgcolor="#000000" bgcolor="#BFFFBF"
             type="rectangle" x="535" y="573" width="46" height="17"/>
    </entry>
    <entry id="236" name="cpd:C00162" type="compound"
        link="https://www.kegg.jp/dbget-bin/www_bget?C00162">
        <graphics name="C00162" fgcolor="#000000" bgcolor="#FFFFFF"
             type="circle" x="471" y="571" width="8" height="8"/>
    </entry>
    <entry id="238" name="cpd:C00162" type="compound"
        link="https://www.kegg.jp/dbget-bin/www_bget?C00162">
        <graphics name="C00162" fgcolor="#000000" bgcolor="#FFFFFF"
             type="circle" x="516" y="631" width="8" height="8"/>
    </entry>
    <relation entry1="61" entry2="181" type="ECrel">
        <subtype name="compound" value="178"/>
    </relation>
    <relation entry1="181" entry2="63" type="ECrel">
        <subtype name="compound" value="174"/>
    </relation>
    <relation entry1="62" entry2="63" type="ECrel">
        <subtype name="compound" value="174"/>
    </relation>
    <relation entry1="228" entry2="229" type="PCrel">
        <subtype name="binding/association" value="---"/>
    </relation>
    <relation entry1="233" entry2="231" type="PCrel">
        <subtype name="binding/association" value="---"/>
    </relation>
</pathway>
