<?xml version="1.0"?>
<!DOCTYPE pathway SYSTEM "https://www.kegg.jp/kegg/xml/KGML_v0.7.2_.dtd">
<!-- Creation date: Aug 28, 2017 09:36:18 +0900 (GMT+9) -->
<pathway name="path:hsa04370" org="hsa" number="04370"
         title="VEGF signaling pathway"
         image="https://www.kegg.jp/kegg/pathway/hsa/hsa04370.png"
         link="https://www.kegg.jp/kegg-bin/show_pathway?hsa04370">
    <entry id="4" name="hsa:998" type="gene"
        link="https://www.kegg.jp/dbget-bin/www_bget?hsa:998">
        <graphics name="CDC42, CDC42Hs, G25K, TKS" fgcolor="#000000" bgcolor="#BFFFBF"
             type="rectangle" x="301" y="349" width="46" height="17"/>
    </entry>
    <entry id="5" name="cpd:C00533" type="compound"
        link="https://www.kegg.jp/dbget-bin/www_bget?C00533">
        <graphics name="C00533" fgcolor="#000000" bgcolor="#FFFFFF"
             type="circle" x="583" y="473" width="8" height="8"/>
    </entry>
    <entry id="6" name="cpd:C00076" type="compound"
        link="https://www.kegg.jp/dbget-bin/www_bget?C00076">
        <graphics name="C00076" fgcolor="#000000" bgcolor="#FFFFFF"
             type="circle" x="398" y="230" width="8" height="8"/>
    </entry>
    <entry id="7" name="cpd:C01245" type="compound"
        link="https://www.kegg.jp/dbget-bin/www_bget?C01245">
        <graphics name="C01245" fgcolor="#000000" bgcolor="#FFFFFF"
             type="circle" x="343" y="230" width="8" height="8"/>
    </entry>
    <entry id="8" name="cpd:C00165" type="compound"
        link="https://www.kegg.jp/dbget-bin/www_bget?C00165">
        <graphics name="C00165" fgcolor="#000000" bgcolor="#FFFFFF"
             type="circle" x="342" y="178" width="8" height="8"/>
    </entry>
    <entry id="9" name="path:hsa04020" type="map"
        link="https://www.kegg.jp/dbget-bin/www_bget?hsa04020">
        <graphics name="Calcium signaling pathway" fgcolor="#000000" bgcolor="#FFFFFF"
             type="roundrectangle" x="349" y="128" width="110" height="34"/>
    </entry>
    <entry id="10" name="path:hsa04510" type="map"
        link="https://www.kegg.jp/dbget-bin/www_bget?hsa04510">
        <graphics name="Focal adhesion" fgcolor="#000000" bgcolor="#FFFFFF"
             type="roundrectangle" x="613" y="279" width="110" height="25"/>
    </entry>
    <entry id="11" name="path:hsa04010" type="map"
        link="https://www.kegg.jp/dbget-bin/www_bget?hsa04010">
        <graphics name="MAPK signaling pathway" fgcolor="#000000" bgcolor="#FFFFFF"
             type="roundrectangle" x="613" y="156" width="110" height="34"/>
    </entry>
    <entry id="12" name="hsa:3791" type="gene"
        link="https://www.kegg.jp/dbget-bin/www_bget?hsa:3791">
        <graphics name="KDR, CD309, FLK1, VEGFR, VEGFR2" fgcolor="#000000" bgcolor="#BFFFBF"
             type="rectangle" x="143" y="310" width="46" height="17"/>
    </entry>
    <entry id="13" name="hsa:5335 hsa:5336" type="gene"
        link="https://www.kegg.jp/dbget-bin/www_bget?hsa:5335+hsa:5336">
        <graphics name="PLCG1, NCKAP3, PLC-II, PLC1, PLC148, PLCgamma1..." fgcolor="#000000" bgcolor="#BFFFBF"
             type="rectangle" x="270" y="230" width="46" height="17"/>
    </entry>
    <entry id="14" name="hsa:56848 hsa:8877" type="gene"
        link="https://www.kegg.jp/dbget-bin/www_bget?hsa:56848+hsa:8877">
        <graphics name="SPHK2, SK_2, SK-2, SPK_2, SPK-2..." fgcolor="#000000" bgcolor="#BFFFBF"
             type="rectangle" x="506" y="117" width="46" height="17"/>
    </entry>
    <entry id="15" name="cpd:C05981" type="compound"
        link="https://www.kegg.jp/dbget-bin/www_bget?C05981">
        <graphics name="C05981" fgcolor="#000000" bgcolor="#FFFFFF"
             type="circle" x="341" y="439" width="8" height="8"/>
    </entry>
    <entry id="16" name="cpd:C01312" type="compound"
        link="https://www.kegg.jp/dbget-bin/www_bget?C01312">
        <graphics name="C01312" fgcolor="#000000" bgcolor="#FFFFFF"
             type="circle" x="905" y="251" width="8" height="8"/>
    </entry>
    <entry id="17" name="hsa:5743" type="gene"
        link="https://www.kegg.jp/dbget-bin/www_bget?hsa:5743">
        <graphics name="PTGS2, COX-2, COX2, GRIPGHS, PGG/HS, PGHS-2, PHS-2, hCox-2" fgcolor="#000000" bgcolor="#BFFFBF"
             type="rectangle" x="749" y="231" width="46" height="17"/>
    </entry>
    <entry id="18" name="hsa:100137049 hsa:123745 hsa:255189 hsa:283748 hsa:5321 hsa:8605 hsa:8681" type="gene"
        link="https://www.kegg.jp/dbget-bin/www_bget?hsa:100137049+hsa:123745+hsa:255189+hsa:283748+hsa:5321+hsa:8605+hsa:8681">
        <graphics name="PLA2G4B, HsT16992, cPLA2-beta..." fgcolor="#000000" bgcolor="#BFFFBF"
             type="rectangle" x="817" y="177" width="46" height="17"/>
    </entry>
    <entry id="19" name="hsa:3315" type="gene"
        link="https://www.kegg.jp/dbget-bin/www_bget?hsa:3315">
        <graphics name="HSPB1, CMT2F, HEL-S-102, HMN2B, HS.76067, HSP27, HSP28, Hsp25, SRP27" fgcolor="#000000" bgcolor="#BFFFBF"
             type="rectangle" x="628" y="366" width="46" height="17"/>
    </entry>
    <entry id="20" name="hsa:7867 hsa:9261" type="gene"
        link="https://www.kegg.jp/dbget-bin/www_bget?hsa:7867+hsa:9261">
        <graphics name="MAPKAPK3, 3PK, MAPKAP-K3, MAPKAP3, MAPKAPK-3, MDPT3, MK-3, MK3..." fgcolor="#000000" bgcolor="#BFFFBF"
             type="rectangle" x="519" y="366" width="46" height="17"/>
    </entry>
    <entry id="21" name="hsa:5530 hsa:5532 hsa:5533 hsa:5534 hsa:5535" type="gene"
        link="https://www.kegg.jp/dbget-bin/www_bget?hsa:5530+hsa:5532+hsa:5533+hsa:5534+hsa:5535">
        <graphics name="PPP3CA, ACCIID, CALN, CALNA, CALNA1, CCN1, CNA1, DEE91, IECEE, IECEE1, PPP2B..." fgcolor="#000000" bgcolor="#BFFFBF"
             type="rectangle" x="520" y="231" width="46" height="17"/>
    </entry>
    <entry id="22" name="hsa:10000 hsa:207 hsa:208" type="gene"
        link="https://www.kegg.jp/dbget-bin/www_bget?hsa:10000+hsa:207+hsa:208">
        <graphics name="AKT3, MPPH, MPPH2, PKB-GAMMA, PKBG, PRKBG, RAC-PK-gamma, RAC-gamma, STK-2..." fgcolor="#000000" bgcolor="#BFFFBF"
             type="rectangle" x="373" y="498" width="46" height="17"/>
    </entry>
    <entry id="23" name="hsa:5290 hsa:5291 hsa:5293 hsa:5295 hsa:5296 hsa:8503" type="gene"
        link="https://www.kegg.jp/dbget-bin/www_bget?hsa:5290+hsa:5291+hsa:5293+hsa:5295+hsa:5296+hsa:8503">
        <graphics name="PIK3CA, CCM4, CLAPO, CLOVE, CWS5, MCAP, MCM, MCMTC, PI3K, PI3K-alpha, p110-alpha..." fgcolor="#000000" bgcolor="#BFFFBF"
             type="rectangle" x="270" y="419" width="46" height="17"/>
    </entry>
    <entry id="24" name="hsa:4773" type="gene"
        link="https://www.kegg.jp/dbget-bin/www_bget?hsa:4773">
        <graphics name="NFATC2, NFAT1, NFATP" fgcolor="#000000" bgcolor="#BFFFBF"
             type="rectangle" x="603" y="231" width="46" height="17"/>
    </entry>
    <entry id="25" name="hsa:5578 hsa:5579 hsa:5582" type="gene"
        link="https://www.kegg.jp/dbget-bin/www_bget?hsa:5578+hsa:5579+hsa:5582">
        <graphics name="PRKCA, AAG6, PKC-alpha, PKCA, PKCI+/-, PKCalpha, PRKACA..." fgcolor="#000000" bgcolor="#BFFFBF"
             type="rectangle" x="456" y="156" width="46" height="17"/>
    </entry>
    <entry id="26" name="hsa:5747" type="gene"
        link="https://www.kegg.jp/dbget-bin/www_bget?hsa:5747">
        <graphics name="PTK2, FADK, FADK_1, FAK, FAK1, FRNK, PPP1R71, p125FAK, pp125FAK" fgcolor="#000000" bgcolor="#BFFFBF"
             type="rectangle" x="518" y="299" width="46" height="17"/>
    </entry>
    <entry id="27" name="hsa:1432 hsa:5600 hsa:5603 hsa:6300" type="gene"
        link="https://www.kegg.jp/dbget-bin/www_bget?hsa:1432+hsa:5600+hsa:5603+hsa:6300">
        <graphics name="MAPK14, CSBP, CSBP1, CSBP2, CSPB1, EXIP, Mxi2, PRKM14, PRKM15, RK, SAPK2A, p38, p38ALPHA..." fgcolor="#000000" bgcolor="#BFFFBF"
             type="rectangle" x="398" y="366" width="46" height="17"/>
    </entry>
    <entry id="28" name="hsa:5829" type="gene"
        link="https://www.kegg.jp/dbget-bin/www_bget?hsa:5829">
        <graphics name="PXN" fgcolor="#000000" bgcolor="#BFFFBF"
             type="rectangle" x="518" y="321" width="46" height="17"/>
    </entry>
    <entry id="29" name="hsa:9047" type="gene"
        link="https://www.kegg.jp/dbget-bin/www_bget?hsa:9047">
        <graphics name="SH2D2A, F2771, SCAP, TSAD, VRAP" fgcolor="#000000" bgcolor="#BFFFBF"
             type="rectangle" x="270" y="183" width="46" height="17"/>
    </entry>
    <entry id="30" name="hsa:6714" type="gene"
        link="https://www.kegg.jp/dbget-bin/www_bget?hsa:6714">
        <graphics name="SRC, ASV, SRC1, THC6, c-SRC, p60-Src" fgcolor="#000000" bgcolor="#BFFFBF"
             type="rectangle" x="199" y="386" width="46" height="17"/>
    </entry>
    <entry id="31" name="hsa:25759" type="gene"
        link="https://www.kegg.jp/dbget-bin/www_bget?hsa:25759">
        <graphics name="SHC2, SCK, SHCB, SLI" fgcolor="#000000" bgcolor="#BFFFBF"
             type="rectangle" x="270" y="264" width="46" height="17"/>
    </entry>
    <entry id="32" name="hsa:7422" type="gene"
        link="https://www.kegg.jp/dbget-bin/www_bget?hsa:7422">
        <graphics name="VEGFA, MVCD1, VEGF, VPF" fgcolor="#000000" bgcolor="#BFFFBF"
             type="rectangle" x="72" y="310" width="46" height="17"/>
    </entry>
    <entry id="33" name="path:hsa04370" type="map"
        link="https://www.kegg.jp/dbget-bin/www_bget?hsa04370">
        <graphics name="TITLE:VEGF signaling pathway" fgcolor="#000000" bgcolor="#FFFFFF"
             type="roundrectangle" x="151" y="58" width="222" height="25"/>
    </entry>
    <entry id="34" name="path:hsa00590" type="map"
        link="https://www.kegg.jp/dbget-bin/www_bget?hsa00590">
        <graphics name="Arachidonic acid metabolism" fgcolor="#000000" bgcolor="#FFFFFF"
             type="roundrectangle" x="908" y="187" width="110" height="34"/>
    </entry>
    <entry id="35" name="hsa:5594 hsa:5595" type="gene"
        link="https://www.kegg.jp/dbget-bin/www_bget?hsa:5594+hsa:5595">
        <graphics name="MAPK1, ERK, ERK-2, ERK2, ERT1, MAPK2, NS13, P42MAPK, PRKM1, PRKM2, p38, p40, p41, p41mapk, p42-MAPK..." fgcolor="#000000" bgcolor="#BFFFBF"
             type="rectangle" x="779" y="135" width="46" height="17"/>
    </entry>
    <entry id="36" name="hsa:5604 hsa:5605" type="gene"
        link="https://www.kegg.jp/dbget-bin/www_bget?hsa:5604+hsa:5605">
        <graphics name="MAP2K1, CFC3, MAPKK1, MEK1, MEL, MKK1, PRKMK1..." fgcolor="#000000" bgcolor="#BFFFBF"
             type="rectangle" x="703" y="135" width="46" height="17"/>
    </entry>
    <entry id="37" name="hsa:5894" type="gene"
        link="https://www.kegg.jp/dbget-bin/www_bget?hsa:5894">
        <graphics name="RAF1, CMD1NN, CRAF, NS5, Raf-1, c-Raf" fgcolor="#000000" bgcolor="#BFFFBF"
             type="rectangle" x="653" y="109" width="46" height="17"/>
    </entry>
    <entry id="38" name="hsa:3265 hsa:3845 hsa:4893" type="gene"
        link="https://www.kegg.jp/dbget-bin/www_bget?hsa:3265+hsa:3845+hsa:4893">
        <graphics name="HRAS, C-BAS/HAS, C-H-RAS, C-HA-RAS1, CTLO, H-RASIDX, HAMSV, HRAS1, RASH1, p21ras..." fgcolor="#000000" bgcolor="#BFFFBF"
             type="rectangle" x="576" y="98" width="46" height="17"/>
    </entry>
    <entry id="39" name="hsa:4846" type="gene"
        link="https://www.kegg.jp/dbget-bin/www_bget?hsa:4846">
        <graphics name="NOS3, ECNOS, eNOS" fgcolor="#000000" bgcolor="#BFFFBF"
             type="rectangle" x="491" y="472" width="46" height="17"/>
    </entry>
    <entry id="40" name="hsa:842" type="gene"
        link="https://www.kegg.jp/dbget-bin/www_bget?hsa:842">
        <graphics name="CASP9, APAF-3, APAF3, ICE-LAP6, MCH6, PPP1R56" fgcolor="#000000" bgcolor="#BFFFBF"
             type="rectangle" x="491" y="511" width="46" height="17"/>
    </entry>
    <entry id="41" name="hsa:572" type="gene"
        link="https://www.kegg.jp/dbget-bin/www_bget?hsa:572">
        <graphics name="BAD, BBC2, BCL2L8" fgcolor="#000000" bgcolor="#BFFFBF"
             type="rectangle" x="491" y="550" width="46" height="17"/>
    </entry>
    <entry id="42" name="hsa:5879 hsa:5880 hsa:5881" type="gene"
        link="https://www.kegg.jp/dbget-bin/www_bget?hsa:5879+hsa:5880+hsa:5881">
        <graphics name="RAC1, MIG5, MRD48, Rac-1, TC-25, p21-Rac1..." fgcolor="#000000" bgcolor="#BFFFBF"
             type="rectangle" x="554" y="420" width="46" height="17"/>
    </entry>
    <entry id="97" name="path:hsa04151" type="map"
        link="https://www.kegg.jp/dbget-bin/www_bget?hsa04151">
        <graphics name="PI3K-Akt signaling pathway" fgcolor="#000000" bgcolor="#FFFFFF"
             type="roundrectangle" x="323" y="543" width="110" height="34"/>
    </entry>
    <relation entry1="13" entry2="21" type="PPrel">
        <subtype name="compound" value="6"/>
        <subtype name="activation" value="--&gt;"/>
    </relation>
    <relation entry1="13" entry2="21" type="PPrel">
        <subtype name="compound" value="7"/>
        <subtype name="activation" value="--&gt;"/>
    </relation>
    <relation entry1="13" entry2="25" type="PPrel">
        <subtype name="compound" value="8"/>
        <subtype name="activation" value="--&gt;"/>
    </relation>
    <relation entry1="13" entry2="25" type="PPrel">
        <subtype name="compound" value="6"/>
        <subtype name="activation" value="--&gt;"/>
    </relation>
    <relation entry1="13" entry2="18" type="PPrel">
        <subtype name="compound" value="6"/>
        <subtype name="activation" value="--&gt;"/>
    </relation>
    <relation entry1="13" entry2="39" type="PPrel">
        <subtype name="compound" value="6"/>
        <subtype name="activation" value="--&gt;"/>
    </relation>
    <relation entry1="23" entry2="42" type="PPrel">
        <subtype name="compound" value="15"/>
        <subtype name="activation" value="--&gt;"/>
    </relation>
    <relation entry1="23" entry2="22" type="PPrel">
        <subtype name="compound" value="15"/>
        <subtype name="activation" value="--&gt;"/>
    </relation>
    <relation entry1="32" entry2="12" type="PPrel">
        <subtype name="activation" value="--&gt;"/>
    </relation>
    <relation entry1="12" entry2="29" type="PPrel">
        <subtype name="activation" value="--&gt;"/>
    </relation>
    <relation entry1="12" entry2="13" type="PPrel">
        <subtype name="activation" value="--&gt;"/>
    </relation>
    <relation entry1="12" entry2="31" type="PPrel">
        <subtype name="activation" value="--&gt;"/>
    </relation>
    <relation entry1="12" entry2="26" type="PPrel">
        <subtype name="activation" value="--&gt;"/>
    </relation>
    <relation entry1="12" entry2="28" type="PPrel">
        <subtype name="activation" value="--&gt;"/>
    </relation>
    <relation entry1="12" entry2="4" type="PPrel">
        <subtype name="activation" value="--&gt;"/>
    </relation>
    <relation entry1="12" entry2="23" type="PPrel">
        <subtype name="activation" value="--&gt;"/>
    </relation>
    <relation entry1="12" entry2="30" type="PPrel">
        <subtype name="activation" value="--&gt;"/>
    </relation>
    <relation entry1="30" entry2="23" type="PPrel">
        <subtype name="activation" value="--&gt;"/>
    </relation>
    <relation entry1="25" entry2="37" type="PPrel">
        <subtype name="activation" value="--&gt;"/>
    </relation>
    <relation entry1="38" entry2="37" type="PPrel">
        <subtype name="activation" value="--&gt;"/>
    </relation>
    <relation entry1="35" entry2="18" type="PPrel">
        <subtype name="activation" value="--&gt;"/>
    </relation>
    <relation entry1="4" entry2="27" type="PPrel">
        <subtype name="activation" value="--&gt;"/>
    </relation>
    <relation entry1="14" entry2="38" type="PPrel">
        <subtype name="indirect effect" value="..&gt;"/>
    </relation>
    <relation entry1="25" entry2="14" type="PPrel">
        <subtype name="activation" value="--&gt;"/>
        <subtype name="phosphorylation" value="+p"/>
    </relation>
    <relation entry1="37" entry2="36" type="PPrel">
        <subtype name="activation" value="--&gt;"/>
        <subtype name="phosphorylation" value="+p"/>
    </relation>
    <relation entry1="36" entry2="35" type="PPrel">
        <subtype name="activation" value="--&gt;"/>
        <subtype name="phosphorylation" value="+p"/>
    </relation>
    <relation entry1="27" entry2="20" type="PPrel">
        <subtype name="activation" value="--&gt;"/>
        <subtype name="phosphorylation" value="+p"/>
    </relation>
    <relation entry1="20" entry2="19" type="PPrel">
        <subtype name="activation" value="--&gt;"/>
        <subtype name="phosphorylation" value="+p"/>
    </relation>
    <relation entry1="22" entry2="39" type="PPrel">
        <subtype name="activation" value="--&gt;"/>
        <subtype name="phosphorylation" value="+p"/>
    </relation>
    <relation entry1="22" entry2="40" type="PPrel">
        <subtype name="inhibition" value="--|"/>
        <subtype name="phosphorylation" value="+p"/>
    </relation>
    <relation entry1="22" entry2="41" type="PPrel">
        <subtype name="inhibition" value="--|"/>
        <subtype name="phosphorylation" value="+p"/>
    </relation>
    <relation entry1="21" entry2="24" type="PPrel">
        <subtype name="activation" value="--&gt;"/>
        <subtype name="dephosphorylation" value="-p"/>
    </relation>
    <relation entry1="24" entry2="17" type="GErel">
        <subtype name="expression" value="--&gt;"/>
    </relation>
    <relation entry1="13" entry2="29" type="PPrel">
        <subtype name="binding/association" value="---"/>
    </relation>
</pathway>
