<?xml version="1.0"?>
<!DOCTYPE pathway SYSTEM "https://www.kegg.jp/kegg/xml/KGML_v0.7.2_.dtd">
<!-- Creation date: Apr 13, 2022 10:02:23 +0900 (GMT+9) -->
<pathway name="path:hsa00604" org="hsa" number="00604"
         title="Glycosphingolipid biosynthesis - ganglio series"
         image="https://www.kegg.jp/kegg/pathway/hsa/hsa00604.png"
         link="https://www.kegg.jp/kegg-bin/show_pathway?hsa00604">
    <entry id="17" name="hsa:6482 hsa:6483" type="gene" reaction="rn:R05949"
        link="https://www.kegg.jp/dbget-bin/www_bget?hsa:6482+hsa:6483">
        <graphics name="ST3GAL1, Gal-NAc6S, SIAT4A, SIATFL, ST3GalA, ST3GalA.1, ST3GalIA, ST3GalIA,1, ST3O..." fgcolor="#000000" bgcolor="#BFFFBF"
             type="rectangle" x="536" y="447" width="46" height="17"/>
    </entry>
    <entry id="35" name="hsa:2720" type="gene" reaction="rn:R06010"
        link="https://www.kegg.jp/dbget-bin/www_bget?hsa:2720">
        <graphics name="GLB1, EBP, ELNR1, MPS4B" fgcolor="#000000" bgcolor="#BFFFBF"
             type="rectangle" x="398" y="351" width="46" height="17"/>
    </entry>
    <entry id="36" name="hsa:3073 hsa:3074" type="gene" reaction="rn:R06004"
        link="https://www.kegg.jp/dbget-bin/www_bget?hsa:3073+hsa:3074">
        <graphics name="HEXA, TSD..." fgcolor="#000000" bgcolor="#BFFFBF"
             type="rectangle" x="398" y="245" width="46" height="17"/>
    </entry>
    <entry id="37" name="hsa:6489" type="gene" reaction="rn:R05947"
        link="https://www.kegg.jp/dbget-bin/www_bget?hsa:6489">
        <graphics name="ST8SIA1, GD3S, SIAT8, SIAT8-A, SIAT8A, ST8SiaI" fgcolor="#000000" bgcolor="#BFFFBF"
             type="rectangle" x="618" y="162" width="46" height="17"/>
    </entry>
    <entry id="38" name="gl:G00129" type="compound"
        link="https://www.kegg.jp/dbget-bin/www_bget?G00129">
        <graphics name="G00129" fgcolor="#000000" bgcolor="#FFFFFF"
             type="circle" x="83" y="703" width="8" height="8"/>
    </entry>
    <entry id="39" name="gl:G00128" type="compound"
        link="https://www.kegg.jp/dbget-bin/www_bget?G00128">
        <graphics name="G00128" fgcolor="#000000" bgcolor="#FFFFFF"
             type="circle" x="83" y="646" width="8" height="8"/>
    </entry>
    <entry id="40" name="gl:G00127" type="compound"
        link="https://www.kegg.jp/dbget-bin/www_bget?G00127">
        <graphics name="G00127" fgcolor="#000000" bgcolor="#FFFFFF"
             type="circle" x="83" y="504" width="8" height="8"/>
    </entry>
    <entry id="41" name="gl:G00132" type="compound"
        link="https://www.kegg.jp/dbget-bin/www_bget?G00132">
        <graphics name="G00132" fgcolor="#000000" bgcolor="#FFFFFF"
             type="circle" x="83" y="394" width="8" height="8"/>
    </entry>
    <entry id="42" name="gl:G00131" type="compound"
        link="https://www.kegg.jp/dbget-bin/www_bget?G00131">
        <graphics name="G00131" fgcolor="#000000" bgcolor="#FFFFFF"
             type="circle" x="83" y="338" width="8" height="8"/>
    </entry>
    <entry id="43" name="gl:G00130" type="compound"
        link="https://www.kegg.jp/dbget-bin/www_bget?G00130">
        <graphics name="G00130" fgcolor="#000000" bgcolor="#FFFFFF"
             type="circle" x="83" y="283" width="8" height="8"/>
    </entry>
    <entry id="44" name="gl:G00170" type="compound"
        link="https://www.kegg.jp/dbget-bin/www_bget?G00170">
        <graphics name="G00170" fgcolor="#000000" bgcolor="#FFFFFF"
             type="circle" x="698" y="116" width="8" height="8"/>
    </entry>
    <entry id="45" name="gl:G00122" type="compound"
        link="https://www.kegg.jp/dbget-bin/www_bget?G00122">
        <graphics name="G00122" fgcolor="#000000" bgcolor="#FFFFFF"
             type="circle" x="698" y="616" width="8" height="8"/>
    </entry>
    <entry id="46" name="gl:G00121" type="compound"
        link="https://www.kegg.jp/dbget-bin/www_bget?G00121">
        <graphics name="G00121" fgcolor="#000000" bgcolor="#FFFFFF"
             type="circle" x="698" y="504" width="8" height="8"/>
    </entry>
    <entry id="47" name="gl:G00120" type="compound"
        link="https://www.kegg.jp/dbget-bin/www_bget?G00120">
        <graphics name="G00120" fgcolor="#000000" bgcolor="#FFFFFF"
             type="circle" x="698" y="394" width="8" height="8"/>
    </entry>
    <entry id="48" name="gl:G00119" type="compound"
        link="https://www.kegg.jp/dbget-bin/www_bget?G00119">
        <graphics name="G00119" fgcolor="#000000" bgcolor="#FFFFFF"
             type="circle" x="698" y="283" width="8" height="8"/>
    </entry>
    <entry id="49" name="gl:G00118" type="compound"
        link="https://www.kegg.jp/dbget-bin/www_bget?G00118">
        <graphics name="G00118" fgcolor="#000000" bgcolor="#FFFFFF"
             type="circle" x="698" y="172" width="8" height="8"/>
    </entry>
    <entry id="50" name="gl:G00169" type="compound"
        link="https://www.kegg.jp/dbget-bin/www_bget?G00169">
        <graphics name="G00169" fgcolor="#000000" bgcolor="#FFFFFF"
             type="circle" x="537" y="116" width="8" height="8"/>
    </entry>
    <entry id="51" name="gl:G00168" type="compound"
        link="https://www.kegg.jp/dbget-bin/www_bget?G00168">
        <graphics name="G00168" fgcolor="#000000" bgcolor="#FFFFFF"
             type="circle" x="461" y="504" width="8" height="8"/>
    </entry>
    <entry id="52" name="gl:G00166" type="compound"
        link="https://www.kegg.jp/dbget-bin/www_bget?G00166">
        <graphics name="G00166" fgcolor="#000000" bgcolor="#FFFFFF"
             type="circle" x="461" y="394" width="8" height="8"/>
    </entry>
    <entry id="53" name="gl:G00126" type="compound"
        link="https://www.kegg.jp/dbget-bin/www_bget?G00126">
        <graphics name="G00126" fgcolor="#000000" bgcolor="#FFFFFF"
             type="circle" x="214" y="616" width="8" height="8"/>
    </entry>
    <entry id="54" name="gl:G00167" type="compound"
        link="https://www.kegg.jp/dbget-bin/www_bget?G00167">
        <graphics name="G00167" fgcolor="#000000" bgcolor="#FFFFFF"
             type="circle" x="301" y="504" width="8" height="8"/>
    </entry>
    <entry id="55" name="gl:G00125" type="compound"
        link="https://www.kegg.jp/dbget-bin/www_bget?G00125">
        <graphics name="G00125" fgcolor="#000000" bgcolor="#FFFFFF"
             type="circle" x="214" y="504" width="8" height="8"/>
    </entry>
    <entry id="56" name="hsa:29906" type="gene" reaction="rn:R05947"
        link="https://www.kegg.jp/dbget-bin/www_bget?hsa:29906">
        <graphics name="ST8SIA5, SIAT8-E, SIAT8E, ST8SiaV" fgcolor="#000000" bgcolor="#BFFFBF"
             type="rectangle" x="618" y="183" width="46" height="17"/>
    </entry>
    <entry id="57" name="hsa:9197" type="gene"
        link="https://www.kegg.jp/dbget-bin/www_bget?hsa:9197">
        <graphics name="SLC33A1, ACATN, AT-1, AT1, CCHLND, SPG42" fgcolor="#000000" bgcolor="#BFFFBF"
             type="rectangle" x="698" y="148" width="46" height="17"/>
    </entry>
    <entry id="58" name="hsa:8705" type="gene" reaction="rn:R05953"
        link="https://www.kegg.jp/dbget-bin/www_bget?hsa:8705">
        <graphics name="B3GALT4, BETA3GALT4, GALT2, GALT4" fgcolor="#000000" bgcolor="#BFFFBF"
             type="rectangle" x="698" y="331" width="46" height="17"/>
    </entry>
    <entry id="59" name="hsa:2583" type="gene" reaction="rn:R05952"
        link="https://www.kegg.jp/dbget-bin/www_bget?hsa:2583">
        <graphics name="B4GALNT1, GALGT, GALNACT, GalNAc-T, SPG26" fgcolor="#000000" bgcolor="#BFFFBF"
             type="rectangle" x="698" y="224" width="46" height="17"/>
    </entry>
    <entry id="60" name="hsa:29906" type="gene" reaction="rn:R05950"
        link="https://www.kegg.jp/dbget-bin/www_bget?hsa:29906">
        <graphics name="ST8SIA5, SIAT8-E, SIAT8E, ST8SiaV" fgcolor="#000000" bgcolor="#BFFFBF"
             type="rectangle" x="536" y="560" width="46" height="17"/>
    </entry>
    <entry id="61" name="hsa:30815" type="gene" reaction="rn:R05951"
        link="https://www.kegg.jp/dbget-bin/www_bget?hsa:30815">
        <graphics name="ST6GALNAC6, SIAT7-F, SIAT7F, ST6GALNACVI" fgcolor="#000000" bgcolor="#BFFFBF"
             type="rectangle" x="485" y="560" width="46" height="17"/>
    </entry>
    <entry id="62" name="hsa:30815" type="gene" reaction="rn:R05945"
        link="https://www.kegg.jp/dbget-bin/www_bget?hsa:30815">
        <graphics name="ST6GALNAC6, SIAT7-F, SIAT7F, ST6GALNACVI" fgcolor="#000000" bgcolor="#BFFFBF"
             type="rectangle" x="325" y="560" width="46" height="17"/>
    </entry>
    <entry id="63" name="path:hsa00600" type="map"
        link="https://www.kegg.jp/dbget-bin/www_bget?hsa00600">
        <graphics name="Sphingolipid metabolism" fgcolor="#000000" bgcolor="#FFFFFF"
             type="roundrectangle" x="96" y="172" width="76" height="34"/>
    </entry>
    <entry id="64" name="gl:G00115" type="compound"
        link="https://www.kegg.jp/dbget-bin/www_bget?G00115">
        <graphics name="G00115" fgcolor="#000000" bgcolor="#FFFFFF"
             type="circle" x="537" y="394" width="8" height="8"/>
    </entry>
    <entry id="65" name="hsa:29906" type="gene" reaction="rn:R05958"
        link="https://www.kegg.jp/dbget-bin/www_bget?hsa:29906">
        <graphics name="ST8SIA5, SIAT8-E, SIAT8E, ST8SiaV" fgcolor="#000000" bgcolor="#BFFFBF"
             type="rectangle" x="214" y="560" width="46" height="17"/>
    </entry>
    <entry id="66" name="hsa:256435" type="gene" reaction="rn:R05959"
        link="https://www.kegg.jp/dbget-bin/www_bget?hsa:256435">
        <graphics name="ST6GALNAC3, PRO7177, SIAT7C, ST6GALNACIII, STY" fgcolor="#000000" bgcolor="#BFFFBF"
             type="rectangle" x="129" y="494" width="46" height="17"/>
    </entry>
    <entry id="67" name="hsa:6489" type="gene" reaction="rn:R05940"
        link="https://www.kegg.jp/dbget-bin/www_bget?hsa:6489">
        <graphics name="ST8SIA1, GD3S, SIAT8, SIAT8-A, SIAT8A, ST8SiaI" fgcolor="#000000" bgcolor="#BFFFBF"
             type="rectangle" x="448" y="171" width="46" height="17"/>
    </entry>
    <entry id="68" name="hsa:27090" type="gene" reaction="rn:R05959"
        link="https://www.kegg.jp/dbget-bin/www_bget?hsa:27090">
        <graphics name="ST6GALNAC4, IV, SIAT3-C, SIAT3C, SIAT7-D, SIAT7D, ST6GALNACIV, ST6GalNAc" fgcolor="#000000" bgcolor="#BFFFBF"
             type="rectangle" x="177" y="494" width="46" height="17"/>
    </entry>
    <entry id="69" name="hsa:29906" type="gene" reaction="rn:R05943"
        link="https://www.kegg.jp/dbget-bin/www_bget?hsa:29906">
        <graphics name="ST8SIA5, SIAT8-E, SIAT8E, ST8SiaV" fgcolor="#000000" bgcolor="#BFFFBF"
             type="rectangle" x="376" y="560" width="46" height="17"/>
    </entry>
    <entry id="70" name="hsa:8705" type="gene" reaction="rn:R05948"
        link="https://www.kegg.jp/dbget-bin/www_bget?hsa:8705">
        <graphics name="B3GALT4, BETA3GALT4, GALT2, GALT4" fgcolor="#000000" bgcolor="#BFFFBF"
             type="rectangle" x="536" y="331" width="46" height="17"/>
    </entry>
    <entry id="71" name="hsa:9197" type="gene"
        link="https://www.kegg.jp/dbget-bin/www_bget?hsa:9197">
        <graphics name="SLC33A1, ACATN, AT-1, AT1, CCHLND, SPG42" fgcolor="#000000" bgcolor="#BFFFBF"
             type="rectangle" x="536" y="148" width="46" height="17"/>
    </entry>
    <entry id="72" name="hsa:6482 hsa:6483" type="gene" reaction="rn:R05942"
        link="https://www.kegg.jp/dbget-bin/www_bget?hsa:6482+hsa:6483">
        <graphics name="ST3GAL1, Gal-NAc6S, SIAT4A, SIATFL, ST3GalA, ST3GalA.1, ST3GalIA, ST3GalIA,1, ST3O..." fgcolor="#000000" bgcolor="#BFFFBF"
             type="rectangle" x="376" y="447" width="46" height="17"/>
    </entry>
    <entry id="73" name="hsa:8869" type="gene" reaction="rn:R05937"
        link="https://www.kegg.jp/dbget-bin/www_bget?hsa:8869">
        <graphics name="ST3GAL5, SATI, SIAT9, SIATGM3S, SPDRS, ST3Gal_V, ST3GalV" fgcolor="#000000" bgcolor="#BFFFBF"
             type="rectangle" x="287" y="171" width="46" height="17"/>
    </entry>
    <entry id="74" name="hsa:2583" type="gene" reaction="rn:R05938"
        link="https://www.kegg.jp/dbget-bin/www_bget?hsa:2583">
        <graphics name="B4GALNT1, GALGT, GALNACT, GalNAc-T, SPG26" fgcolor="#000000" bgcolor="#BFFFBF"
             type="rectangle" x="214" y="224" width="46" height="17"/>
    </entry>
    <entry id="76" name="hsa:8705" type="gene" reaction="rn:R05956"
        link="https://www.kegg.jp/dbget-bin/www_bget?hsa:8705">
        <graphics name="B3GALT4, BETA3GALT4, GALT2, GALT4" fgcolor="#000000" bgcolor="#BFFFBF"
             type="rectangle" x="214" y="331" width="46" height="17"/>
    </entry>
    <entry id="77" name="hsa:8705" type="gene" reaction="rn:R05941"
        link="https://www.kegg.jp/dbget-bin/www_bget?hsa:8705">
        <graphics name="B3GALT4, BETA3GALT4, GALT2, GALT4" fgcolor="#000000" bgcolor="#BFFFBF"
             type="rectangle" x="353" y="331" width="46" height="17"/>
    </entry>
    <entry id="79" name="hsa:2583" type="gene" reaction="rn:R05939"
        link="https://www.kegg.jp/dbget-bin/www_bget?hsa:2583">
        <graphics name="B4GALNT1, GALGT, GALNACT, GalNAc-T, SPG26" fgcolor="#000000" bgcolor="#BFFFBF"
             type="rectangle" x="353" y="224" width="46" height="17"/>
    </entry>
    <entry id="80" name="hsa:6482 hsa:6483" type="gene" reaction="rn:R05957"
        link="https://www.kegg.jp/dbget-bin/www_bget?hsa:6482+hsa:6483">
        <graphics name="ST3GAL1, Gal-NAc6S, SIAT4A, SIATFL, ST3GalA, ST3GalA.1, ST3GalIA, ST3GalIA,1, ST3O..." fgcolor="#000000" bgcolor="#BFFFBF"
             type="rectangle" x="214" y="447" width="46" height="17"/>
    </entry>
    <entry id="81" name="hsa:2583" type="gene" reaction="rn:R05946"
        link="https://www.kegg.jp/dbget-bin/www_bget?hsa:2583">
        <graphics name="B4GALNT1, GALGT, GALNACT, GalNAc-T, SPG26" fgcolor="#000000" bgcolor="#BFFFBF"
             type="rectangle" x="536" y="224" width="46" height="17"/>
    </entry>
    <entry id="82" name="path:hsa00604" type="map"
        link="https://www.kegg.jp/dbget-bin/www_bget?hsa00604">
        <graphics name="TITLE:Glycosphingolipid biosynthesis - ganglio series" fgcolor="#000000" bgcolor="#FFFFFF"
             type="roundrectangle" x="242" y="58" width="403" height="25"/>
    </entry>
    <entry id="83" name="hsa:30815" type="gene" reaction="rn:R05959"
        link="https://www.kegg.jp/dbget-bin/www_bget?hsa:30815">
        <graphics name="ST6GALNAC6, SIAT7-F, SIAT7F, ST6GALNACVI" fgcolor="#000000" bgcolor="#BFFFBF"
             type="rectangle" x="177" y="515" width="46" height="17"/>
    </entry>
    <entry id="84" name="hsa:81849" type="gene" reaction="rn:R05959"
        link="https://www.kegg.jp/dbget-bin/www_bget?hsa:81849">
        <graphics name="ST6GALNAC5, SIAT7-E, SIAT7E, ST6GalNAcV" fgcolor="#000000" bgcolor="#BFFFBF"
             type="rectangle" x="129" y="515" width="46" height="17"/>
    </entry>
    <entry id="86" name="gl:G00092" type="compound"
        link="https://www.kegg.jp/dbget-bin/www_bget?G00092">
        <graphics name="G00092" fgcolor="#000000" bgcolor="#FFFFFF"
             type="circle" x="214" y="172" width="8" height="8"/>
    </entry>
    <entry id="87" name="gl:G00123" type="compound"
        link="https://www.kegg.jp/dbget-bin/www_bget?G00123">
        <graphics name="G00123" fgcolor="#000000" bgcolor="#FFFFFF"
             type="circle" x="214" y="283" width="8" height="8"/>
    </entry>
    <entry id="88" name="gl:G00124" type="compound"
        link="https://www.kegg.jp/dbget-bin/www_bget?G00124">
        <graphics name="G00124" fgcolor="#000000" bgcolor="#FFFFFF"
             type="circle" x="214" y="394" width="8" height="8"/>
    </entry>
    <entry id="89" name="gl:G00112" type="compound"
        link="https://www.kegg.jp/dbget-bin/www_bget?G00112">
        <graphics name="G00112" fgcolor="#000000" bgcolor="#FFFFFF"
             type="circle" x="375" y="616" width="8" height="8"/>
    </entry>
    <entry id="90" name="gl:G00111" type="compound"
        link="https://www.kegg.jp/dbget-bin/www_bget?G00111">
        <graphics name="G00111" fgcolor="#000000" bgcolor="#FFFFFF"
             type="circle" x="375" y="504" width="8" height="8"/>
    </entry>
    <entry id="91" name="gl:G00110" type="compound"
        link="https://www.kegg.jp/dbget-bin/www_bget?G00110">
        <graphics name="G00110" fgcolor="#000000" bgcolor="#FFFFFF"
             type="circle" x="375" y="394" width="8" height="8"/>
    </entry>
    <entry id="92" name="gl:G00109" type="compound"
        link="https://www.kegg.jp/dbget-bin/www_bget?G00109">
        <graphics name="G00109" fgcolor="#000000" bgcolor="#FFFFFF"
             type="circle" x="375" y="283" width="8" height="8"/>
    </entry>
    <entry id="93" name="gl:G00108" type="compound"
        link="https://www.kegg.jp/dbget-bin/www_bget?G00108">
        <graphics name="G00108" fgcolor="#000000" bgcolor="#FFFFFF"
             type="circle" x="375" y="172" width="8" height="8"/>
    </entry>
    <entry id="94" name="gl:G00113" type="compound"
        link="https://www.kegg.jp/dbget-bin/www_bget?G00113">
        <graphics name="G00113" fgcolor="#000000" bgcolor="#FFFFFF"
             type="circle" x="537" y="172" width="8" height="8"/>
    </entry>
    <entry id="95" name="gl:G00114" type="compound"
        link="https://www.kegg.jp/dbget-bin/www_bget?G00114">
        <graphics name="G00114" fgcolor="#000000" bgcolor="#FFFFFF"
             type="circle" x="537" y="283" width="8" height="8"/>
    </entry>
    <entry id="96" name="gl:G00116" type="compound"
        link="https://www.kegg.jp/dbget-bin/www_bget?G00116">
        <graphics name="G00116" fgcolor="#000000" bgcolor="#FFFFFF"
             type="circle" x="537" y="504" width="8" height="8"/>
    </entry>
    <entry id="97" name="gl:G00117" type="compound"
        link="https://www.kegg.jp/dbget-bin/www_bget?G00117">
        <graphics name="G00117" fgcolor="#000000" bgcolor="#FFFFFF"
             type="circle" x="537" y="616" width="8" height="8"/>
    </entry>
    <entry id="101" name="hsa:8705" type="gene" reaction="rn:R05956 rn:R05941 rn:R05948 rn:R05953"
        link="https://www.kegg.jp/dbget-bin/www_bget?hsa:8705">
        <graphics name="B3GALT4, BETA3GALT4, GALT2, GALT4" fgcolor="#66CC66" bgcolor="#FFFFFF"
             type="line" coords="349,805,364,790"/>
    </entry>
    <entry id="102" name="hsa:29906" type="gene" reaction="rn:R05958 rn:R05943 rn:R05950 rn:R05955"
        link="https://www.kegg.jp/dbget-bin/www_bget?hsa:29906">
        <graphics name="ST8SIA5, SIAT8-E, SIAT8E, ST8SiaV" fgcolor="#66CC66" bgcolor="#FFFFFF"
             type="line" coords="205,787,235,787"/>
    </entry>
    <entry id="103" name="hsa:6482 hsa:6483" type="gene" reaction="rn:R05957 rn:R05942 rn:R05949 rn:R05954"
        link="https://www.kegg.jp/dbget-bin/www_bget?hsa:6482+hsa:6483">
        <graphics name="ST3GAL1, Gal-NAc6S, SIAT4A, SIATFL, ST3GalA, ST3GalA.1, ST3GalIA, ST3GalIA,1, ST3O..." fgcolor="#66CC66" bgcolor="#FFFFFF"
             type="line" coords="298,787,313,802"/>
    </entry>
    <entry id="105" name="hsa:256435 hsa:27090 hsa:30815 hsa:81849" type="gene" reaction="rn:R05959 rn:R05945 rn:R05951"
        link="https://www.kegg.jp/dbget-bin/www_bget?hsa:256435+hsa:27090+hsa:30815+hsa:81849">
        <graphics name="ST6GALNAC3, PRO7177, SIAT7C, ST6GALNACIII, STY..." fgcolor="#66CC66" bgcolor="#FFFFFF"
             type="line" coords="350,760,365,775"/>
    </entry>
    <entry id="106" name="hsa:29906 hsa:6489" type="gene" reaction="rn:R05947"
        link="https://www.kegg.jp/dbget-bin/www_bget?hsa:29906+hsa:6489">
        <graphics name="ST8SIA5, SIAT8-E, SIAT8E, ST8SiaV..." fgcolor="#66CC66" bgcolor="#FFFFFF"
             type="line" coords="241,858,271,858"/>
    </entry>
    <entry id="107" name="hsa:6489" type="gene" reaction="rn:R05940"
        link="https://www.kegg.jp/dbget-bin/www_bget?hsa:6489">
        <graphics name="ST8SIA1, GD3S, SIAT8, SIAT8-A, SIAT8A, ST8SiaI" fgcolor="#66CC66" bgcolor="#FFFFFF"
             type="line" coords="332,858,362,858"/>
    </entry>
    <entry id="108" name="hsa:2583" type="gene" reaction="rn:R05938 rn:R05939 rn:R05946 rn:R05952"
        link="https://www.kegg.jp/dbget-bin/www_bget?hsa:2583">
        <graphics name="B4GALNT1, GALGT, GALNACT, GalNAc-T, SPG26" fgcolor="#66CC66" bgcolor="#FFFFFF"
             type="line" coords="420,791,440,811"/>
    </entry>
    <entry id="109" name="hsa:8869" type="gene" reaction="rn:R05937"
        link="https://www.kegg.jp/dbget-bin/www_bget?hsa:8869">
        <graphics name="ST3GAL5, SATI, SIAT9, SIATGM3S, SPDRS, ST3Gal_V, ST3GalV" fgcolor="#66CC66" bgcolor="#FFFFFF"
             type="line" coords="419,850,439,830"/>
    </entry>
    <relation entry1="73" entry2="74" type="ECrel">
        <subtype name="compound" value="86"/>
    </relation>
    <relation entry1="67" entry2="73" type="ECrel">
        <subtype name="compound" value="93"/>
    </relation>
    <relation entry1="73" entry2="79" type="ECrel">
        <subtype name="compound" value="93"/>
    </relation>
    <relation entry1="36" entry2="73" type="ECrel">
        <subtype name="compound" value="93"/>
    </relation>
    <relation entry1="67" entry2="79" type="ECrel">
        <subtype name="compound" value="93"/>
    </relation>
    <relation entry1="36" entry2="67" type="ECrel">
        <subtype name="compound" value="93"/>
    </relation>
    <relation entry1="67" entry2="71" type="ECrel">
        <subtype name="compound" value="94"/>
    </relation>
    <relation entry1="37" entry2="67" type="ECrel">
        <subtype name="compound" value="94"/>
    </relation>
    <relation entry1="56" entry2="67" type="ECrel">
        <subtype name="compound" value="94"/>
    </relation>
    <relation entry1="67" entry2="81" type="ECrel">
        <subtype name="compound" value="94"/>
    </relation>
    <relation entry1="37" entry2="71" type="ECrel">
        <subtype name="compound" value="94"/>
    </relation>
    <relation entry1="56" entry2="71" type="ECrel">
        <subtype name="compound" value="94"/>
    </relation>
    <relation entry1="71" entry2="81" type="ECrel">
        <subtype name="compound" value="94"/>
    </relation>
    <relation entry1="37" entry2="81" type="ECrel">
        <subtype name="compound" value="94"/>
    </relation>
    <relation entry1="56" entry2="81" type="ECrel">
        <subtype name="compound" value="94"/>
    </relation>
    <relation entry1="74" entry2="76" type="ECrel">
        <subtype name="compound" value="87"/>
    </relation>
    <relation entry1="76" entry2="80" type="ECrel">
        <subtype name="compound" value="88"/>
    </relation>
    <relation entry1="65" entry2="80" type="ECrel">
        <subtype name="compound" value="55"/>
    </relation>
    <relation entry1="66" entry2="80" type="ECrel">
        <subtype name="compound" value="55"/>
    </relation>
    <relation entry1="68" entry2="80" type="ECrel">
        <subtype name="compound" value="55"/>
    </relation>
    <relation entry1="80" entry2="84" type="ECrel">
        <subtype name="compound" value="55"/>
    </relation>
    <relation entry1="80" entry2="83" type="ECrel">
        <subtype name="compound" value="55"/>
    </relation>
    <relation entry1="65" entry2="66" type="ECrel">
        <subtype name="compound" value="55"/>
    </relation>
    <relation entry1="65" entry2="68" type="ECrel">
        <subtype name="compound" value="55"/>
    </relation>
    <relation entry1="65" entry2="84" type="ECrel">
        <subtype name="compound" value="55"/>
    </relation>
    <relation entry1="65" entry2="83" type="ECrel">
        <subtype name="compound" value="55"/>
    </relation>
    <relation entry1="77" entry2="79" type="ECrel">
        <subtype name="compound" value="92"/>
    </relation>
    <relation entry1="35" entry2="79" type="ECrel">
        <subtype name="compound" value="92"/>
    </relation>
    <relation entry1="35" entry2="36" type="ECrel">
        <subtype name="compound" value="92"/>
    </relation>
    <relation entry1="36" entry2="77" type="ECrel">
        <subtype name="compound" value="92"/>
    </relation>
    <relation entry1="72" entry2="77" type="ECrel">
        <subtype name="compound" value="91"/>
    </relation>
    <relation entry1="35" entry2="72" type="ECrel">
        <subtype name="compound" value="91"/>
    </relation>
    <relation entry1="69" entry2="72" type="ECrel">
        <subtype name="compound" value="90"/>
    </relation>
    <relation entry1="62" entry2="72" type="ECrel">
        <subtype name="compound" value="90"/>
    </relation>
    <relation entry1="62" entry2="69" type="ECrel">
        <subtype name="compound" value="90"/>
    </relation>
    <relation entry1="70" entry2="81" type="ECrel">
        <subtype name="compound" value="95"/>
    </relation>
    <relation entry1="17" entry2="70" type="ECrel">
        <subtype name="compound" value="64"/>
    </relation>
    <relation entry1="17" entry2="60" type="ECrel">
        <subtype name="compound" value="96"/>
    </relation>
    <relation entry1="17" entry2="61" type="ECrel">
        <subtype name="compound" value="96"/>
    </relation>
    <relation entry1="60" entry2="61" type="ECrel">
        <subtype name="compound" value="96"/>
    </relation>
    <relation entry1="37" entry2="57" type="ECrel">
        <subtype name="compound" value="49"/>
    </relation>
    <relation entry1="37" entry2="59" type="ECrel">
        <subtype name="compound" value="49"/>
    </relation>
    <relation entry1="56" entry2="57" type="ECrel">
        <subtype name="compound" value="49"/>
    </relation>
    <relation entry1="56" entry2="59" type="ECrel">
        <subtype name="compound" value="49"/>
    </relation>
    <relation entry1="57" entry2="59" type="ECrel">
        <subtype name="compound" value="49"/>
    </relation>
    <relation entry1="58" entry2="59" type="ECrel">
        <subtype name="compound" value="48"/>
    </relation>
    <relation entry1="74" entry2="63" type="maplink">
        <subtype name="compound" value="86"/>
    </relation>
    <relation entry1="73" entry2="63" type="maplink">
        <subtype name="compound" value="86"/>
    </relation>
    <reaction id="35" name="rn:R06010" type="irreversible">
        <substrate id="91" name="gl:G00110"/>
        <product id="92" name="gl:G00109"/>
    </reaction>
    <reaction id="36" name="rn:R06004" type="irreversible">
        <substrate id="92" name="gl:G00109"/>
        <product id="93" name="gl:G00108"/>
    </reaction>
    <reaction id="37" name="rn:R05947" type="irreversible">
        <substrate id="94" name="gl:G00113"/>
        <product id="49" name="gl:G00118"/>
    </reaction>
    <reaction id="56" name="rn:R05947" type="irreversible">
        <substrate id="94" name="gl:G00113"/>
        <product id="49" name="gl:G00118"/>
    </reaction>
    <reaction id="58" name="rn:R05953" type="irreversible">
        <substrate id="48" name="gl:G00119"/>
        <product id="47" name="gl:G00120"/>
    </reaction>
    <reaction id="59" name="rn:R05952" type="irreversible">
        <substrate id="49" name="gl:G00118"/>
        <product id="48" name="gl:G00119"/>
    </reaction>
    <reaction id="17" name="rn:R05949" type="irreversible">
        <substrate id="64" name="gl:G00115"/>
        <product id="96" name="gl:G00116"/>
    </reaction>
    <reaction id="60" name="rn:R05950" type="irreversible">
        <substrate id="96" name="gl:G00116"/>
        <product id="97" name="gl:G00117"/>
    </reaction>
    <reaction id="61" name="rn:R05951" type="irreversible">
        <substrate id="96" name="gl:G00116"/>
        <product id="38" name="gl:G00129"/>
    </reaction>
    <reaction id="62" name="rn:R05945" type="irreversible">
        <substrate id="90" name="gl:G00111"/>
        <product id="39" name="gl:G00128"/>
    </reaction>
    <reaction id="65" name="rn:R05958" type="irreversible">
        <substrate id="55" name="gl:G00125"/>
        <product id="53" name="gl:G00126"/>
    </reaction>
    <reaction id="66" name="rn:R05959" type="irreversible">
        <substrate id="55" name="gl:G00125"/>
        <product id="40" name="gl:G00127"/>
    </reaction>
    <reaction id="67" name="rn:R05940" type="irreversible">
        <substrate id="93" name="gl:G00108"/>
        <product id="94" name="gl:G00113"/>
    </reaction>
    <reaction id="68" name="rn:R05959" type="irreversible">
        <substrate id="55" name="gl:G00125"/>
        <product id="40" name="gl:G00127"/>
    </reaction>
    <reaction id="69" name="rn:R05943" type="irreversible">
        <substrate id="90" name="gl:G00111"/>
        <product id="89" name="gl:G00112"/>
    </reaction>
    <reaction id="70" name="rn:R05948" type="irreversible">
        <substrate id="95" name="gl:G00114"/>
        <product id="64" name="gl:G00115"/>
    </reaction>
    <reaction id="72" name="rn:R05942" type="irreversible">
        <substrate id="91" name="gl:G00110"/>
        <product id="90" name="gl:G00111"/>
    </reaction>
    <reaction id="73" name="rn:R05937" type="irreversible">
        <substrate id="86" name="gl:G00092"/>
        <product id="93" name="gl:G00108"/>
    </reaction>
    <reaction id="74" name="rn:R05938" type="irreversible">
        <substrate id="86" name="gl:G00092"/>
        <product id="87" name="gl:G00123"/>
    </reaction>
    <reaction id="76" name="rn:R05956" type="irreversible">
        <substrate id="87" name="gl:G00123"/>
        <product id="88" name="gl:G00124"/>
    </reaction>
    <reaction id="77" name="rn:R05941" type="irreversible">
        <substrate id="92" name="gl:G00109"/>
        <product id="91" name="gl:G00110"/>
    </reaction>
    <reaction id="79" name="rn:R05939" type="irreversible">
        <substrate id="93" name="gl:G00108"/>
        <product id="92" name="gl:G00109"/>
    </reaction>
    <reaction id="80" name="rn:R05957" type="irreversible">
        <substrate id="88" name="gl:G00124"/>
        <product id="55" name="gl:G00125"/>
    </reaction>
    <reaction id="81" name="rn:R05946" type="irreversible">
        <substrate id="94" name="gl:G00113"/>
        <product id="95" name="gl:G00114"/>
    </reaction>
    <reaction id="83" name="rn:R05959" type="irreversible">
        <substrate id="55" name="gl:G00125"/>
        <product id="40" name="gl:G00127"/>
    </reaction>
    <reaction id="84" name="rn:R05959" type="irreversible">
        <substrate id="55" name="gl:G00125"/>
        <product id="40" name="gl:G00127"/>
    </reaction>
</pathway>
