<?xml version="1.0"?>
<!DOCTYPE pathway SYSTEM "https://www.kegg.jp/kegg/xml/KGML_v0.7.2_.dtd">
<!-- Creation date: Aug 29, 2019 14:07:50 +0900 (GMT+9) -->
<pathway name="path:hsa05030" org="hsa" number="05030"
         title="Cocaine addiction"
         image="https://www.kegg.jp/kegg/pathway/hsa/hsa05030.png"
         link="https://www.kegg.jp/kegg-bin/show_pathway?hsa05030">
    <entry id="15" name="path:hsa05030" type="map"
        link="https://www.kegg.jp/dbget-bin/www_bget?hsa05030">
        <graphics name="TITLE:Cocaine addiction" fgcolor="#000000" bgcolor="#FFFFFF"
             type="roundrectangle" x="131" y="58" width="182" height="25"/>
    </entry>
    <entry id="19" name="hsa:6570 hsa:6571" type="gene"
        link="https://www.kegg.jp/dbget-bin/www_bget?hsa:6570+hsa:6571">
        <graphics name="SLC18A1, CGAT, VAT1, VMAT1..." fgcolor="#000000" bgcolor="#BFFFBF"
             type="rectangle" x="343" y="311" width="46" height="17"/>
    </entry>
    <entry id="30" name="path:hsa04728" type="map"
        link="https://www.kegg.jp/dbget-bin/www_bget?hsa04728">
        <graphics name="Dopaminergic synapse" fgcolor="#000000" bgcolor="#FFFFFF"
             type="roundrectangle" x="581" y="77" width="106" height="34"/>
    </entry>
    <entry id="34" name="hsa:6570 hsa:6571" type="gene"
        link="https://www.kegg.jp/dbget-bin/www_bget?hsa:6570+hsa:6571">
        <graphics name="SLC18A1, CGAT, VAT1, VMAT1..." fgcolor="#000000" bgcolor="#BFFFBF"
             type="rectangle" x="336" y="675" width="46" height="17"/>
    </entry>
    <entry id="43" name="hsa:2912 hsa:2913" type="gene"
        link="https://www.kegg.jp/dbget-bin/www_bget?hsa:2912+hsa:2913">
        <graphics name="GRM2, GLUR2, GPRC1B, MGLUR2, mGlu2..." fgcolor="#000000" bgcolor="#BFFFBF"
             type="rectangle" x="642" y="288" width="46" height="17"/>
    </entry>
    <entry id="44" name="hsa:1813" type="gene"
        link="https://www.kegg.jp/dbget-bin/www_bget?hsa:1813">
        <graphics name="DRD2, D2DR, D2R" fgcolor="#000000" bgcolor="#BFFFBF"
             type="rectangle" x="642" y="371" width="46" height="17"/>
    </entry>
    <entry id="45" name="hsa:1812" type="gene"
        link="https://www.kegg.jp/dbget-bin/www_bget?hsa:1812">
        <graphics name="DRD1, DADR, DRD1A" fgcolor="#000000" bgcolor="#BFFFBF"
             type="rectangle" x="642" y="330" width="46" height="17"/>
    </entry>
    <entry id="46" name="hsa:6531" type="gene"
        link="https://www.kegg.jp/dbget-bin/www_bget?hsa:6531">
        <graphics name="SLC6A3, DAT, DAT1, PKDYS, PKDYS1" fgcolor="#000000" bgcolor="#BFFFBF"
             type="rectangle" x="527" y="260" width="46" height="17"/>
    </entry>
    <entry id="47" name="hsa:2912 hsa:2913" type="gene"
        link="https://www.kegg.jp/dbget-bin/www_bget?hsa:2912+hsa:2913">
        <graphics name="GRM2, GLUR2, GPRC1B, MGLUR2, mGlu2..." fgcolor="#000000" bgcolor="#BFFFBF"
             type="rectangle" x="642" y="582" width="46" height="17"/>
    </entry>
    <entry id="48" name="hsa:1813" type="gene"
        link="https://www.kegg.jp/dbget-bin/www_bget?hsa:1813">
        <graphics name="DRD2, D2DR, D2R" fgcolor="#000000" bgcolor="#BFFFBF"
             type="rectangle" x="642" y="754" width="46" height="17"/>
    </entry>
    <entry id="49" name="hsa:1812" type="gene"
        link="https://www.kegg.jp/dbget-bin/www_bget?hsa:1812">
        <graphics name="DRD1, DADR, DRD1A" fgcolor="#000000" bgcolor="#BFFFBF"
             type="rectangle" x="642" y="697" width="46" height="17"/>
    </entry>
    <entry id="56" name="hsa:4128 hsa:4129" type="gene"
        link="https://www.kegg.jp/dbget-bin/www_bget?hsa:4128+hsa:4129">
        <graphics name="MAOA, BRNRS, MAO-A..." fgcolor="#000000" bgcolor="#BFFFBF"
             type="rectangle" x="434" y="565" width="46" height="17"/>
    </entry>
    <entry id="58" name="hsa:6531" type="gene"
        link="https://www.kegg.jp/dbget-bin/www_bget?hsa:6531">
        <graphics name="SLC6A3, DAT, DAT1, PKDYS, PKDYS1" fgcolor="#000000" bgcolor="#BFFFBF"
             type="rectangle" x="529" y="626" width="46" height="17"/>
    </entry>
    <entry id="59" name="cpd:C00082" type="compound"
        link="https://www.kegg.jp/dbget-bin/www_bget?C00082">
        <graphics name="C00082" fgcolor="#000000" bgcolor="#FFFFFF"
             type="circle" x="126" y="637" width="8" height="8"/>
    </entry>
    <entry id="60" name="cpd:C00355" type="compound"
        link="https://www.kegg.jp/dbget-bin/www_bget?C00355">
        <graphics name="C00355" fgcolor="#000000" bgcolor="#FFFFFF"
             type="circle" x="195" y="638" width="8" height="8"/>
    </entry>
    <entry id="61" name="cpd:C03758" type="compound"
        link="https://www.kegg.jp/dbget-bin/www_bget?C03758">
        <graphics name="C03758" fgcolor="#000000" bgcolor="#FFFFFF"
             type="circle" x="265" y="638" width="8" height="8"/>
    </entry>
    <entry id="62" name="cpd:C03758" type="compound"
        link="https://www.kegg.jp/dbget-bin/www_bget?C03758">
        <graphics name="C03758" fgcolor="#000000" bgcolor="#FFFFFF"
             type="circle" x="405" y="593" width="8" height="8"/>
    </entry>
    <entry id="63" name="cpd:C01161" type="compound"
        link="https://www.kegg.jp/dbget-bin/www_bget?C01161">
        <graphics name="C01161" fgcolor="#000000" bgcolor="#FFFFFF"
             type="circle" x="384" y="531" width="8" height="8"/>
    </entry>
    <entry id="64" name="cpd:C00027" type="compound"
        link="https://www.kegg.jp/dbget-bin/www_bget?C00027">
        <graphics name="C00027" fgcolor="#000000" bgcolor="#FFFFFF"
             type="circle" x="428" y="530" width="8" height="8"/>
    </entry>
    <entry id="65" name="cpd:C00082" type="compound"
        link="https://www.kegg.jp/dbget-bin/www_bget?C00082">
        <graphics name="C00082" fgcolor="#000000" bgcolor="#FFFFFF"
             type="circle" x="125" y="275" width="8" height="8"/>
    </entry>
    <entry id="66" name="cpd:C00355" type="compound"
        link="https://www.kegg.jp/dbget-bin/www_bget?C00355">
        <graphics name="C00355" fgcolor="#000000" bgcolor="#FFFFFF"
             type="circle" x="197" y="275" width="8" height="8"/>
    </entry>
    <entry id="67" name="cpd:C03758" type="compound"
        link="https://www.kegg.jp/dbget-bin/www_bget?C03758">
        <graphics name="C03758" fgcolor="#000000" bgcolor="#FFFFFF"
             type="circle" x="266" y="275" width="8" height="8"/>
    </entry>
    <entry id="68" name="cpd:C03758" type="compound"
        link="https://www.kegg.jp/dbget-bin/www_bget?C03758">
        <graphics name="C03758" fgcolor="#000000" bgcolor="#FFFFFF"
             type="circle" x="408" y="234" width="8" height="8"/>
    </entry>
    <entry id="69" name="cpd:C01161" type="compound"
        link="https://www.kegg.jp/dbget-bin/www_bget?C01161">
        <graphics name="C01161" fgcolor="#000000" bgcolor="#FFFFFF"
             type="circle" x="386" y="187" width="8" height="8"/>
    </entry>
    <entry id="70" name="cpd:C00027" type="compound"
        link="https://www.kegg.jp/dbget-bin/www_bget?C00027">
        <graphics name="C00027" fgcolor="#000000" bgcolor="#FFFFFF"
             type="circle" x="428" y="186" width="8" height="8"/>
    </entry>
    <entry id="71" name="cpd:C03758" type="compound"
        link="https://www.kegg.jp/dbget-bin/www_bget?C03758">
        <graphics name="C03758" fgcolor="#000000" bgcolor="#FFFFFF"
             type="circle" x="570" y="625" width="8" height="8"/>
    </entry>
    <entry id="72" name="hsa:7054" type="gene"
        link="https://www.kegg.jp/dbget-bin/www_bget?hsa:7054">
        <graphics name="TH, DYT14, DYT5b, TYH" fgcolor="#000000" bgcolor="#BFFFBF"
             type="rectangle" x="157" y="622" width="46" height="17"/>
    </entry>
    <entry id="73" name="hsa:1644" type="gene"
        link="https://www.kegg.jp/dbget-bin/www_bget?hsa:1644">
        <graphics name="DDC, AADC" fgcolor="#000000" bgcolor="#BFFFBF"
             type="rectangle" x="227" y="622" width="46" height="17"/>
    </entry>
    <entry id="85" name="hsa:7054" type="gene"
        link="https://www.kegg.jp/dbget-bin/www_bget?hsa:7054">
        <graphics name="TH, DYT14, DYT5b, TYH" fgcolor="#000000" bgcolor="#BFFFBF"
             type="rectangle" x="157" y="259" width="46" height="17"/>
    </entry>
    <entry id="86" name="hsa:1644" type="gene"
        link="https://www.kegg.jp/dbget-bin/www_bget?hsa:1644">
        <graphics name="DDC, AADC" fgcolor="#000000" bgcolor="#BFFFBF"
             type="rectangle" x="227" y="259" width="46" height="17"/>
    </entry>
    <entry id="89" name="hsa:4128 hsa:4129" type="gene"
        link="https://www.kegg.jp/dbget-bin/www_bget?hsa:4128+hsa:4129">
        <graphics name="MAOA, BRNRS, MAO-A..." fgcolor="#000000" bgcolor="#BFFFBF"
             type="rectangle" x="434" y="220" width="46" height="17"/>
    </entry>
    <entry id="98" name="cpd:C03758" type="compound"
        link="https://www.kegg.jp/dbget-bin/www_bget?C03758">
        <graphics name="C03758" fgcolor="#000000" bgcolor="#FFFFFF"
             type="circle" x="527" y="328" width="8" height="8"/>
    </entry>
    <entry id="99" name="cpd:C03758" type="compound"
        link="https://www.kegg.jp/dbget-bin/www_bget?C03758">
        <graphics name="C03758" fgcolor="#000000" bgcolor="#FFFFFF"
             type="circle" x="569" y="260" width="8" height="8"/>
    </entry>
    <entry id="101" name="hsa:2778" type="gene"
        link="https://www.kegg.jp/dbget-bin/www_bget?hsa:2778">
        <graphics name="GNAS, AHO, C20orf45, GNAS1, GPSA, GSA, GSP, NESP, PITA3, POH, SCG6, SgVI" fgcolor="#000000" bgcolor="#BFFFBF"
             type="rectangle" x="723" y="330" width="46" height="17"/>
    </entry>
    <entry id="102" name="hsa:111" type="gene"
        link="https://www.kegg.jp/dbget-bin/www_bget?hsa:111">
        <graphics name="ADCY5, AC5, DSKOD, FDFM" fgcolor="#000000" bgcolor="#BFFFBF"
             type="rectangle" x="803" y="330" width="46" height="17"/>
    </entry>
    <entry id="125" name="cpd:C03758" type="compound"
        link="https://www.kegg.jp/dbget-bin/www_bget?C03758">
        <graphics name="C03758" fgcolor="#000000" bgcolor="#FFFFFF"
             type="circle" x="525" y="696" width="8" height="8"/>
    </entry>
    <entry id="141" name="hsa:5566 hsa:5567 hsa:5568" type="gene"
        link="https://www.kegg.jp/dbget-bin/www_bget?hsa:5566+hsa:5567+hsa:5568">
        <graphics name="PRKACA, CAFD1, PKACA, PPNAD4..." fgcolor="#000000" bgcolor="#BFFFBF"
             type="rectangle" x="909" y="331" width="46" height="17"/>
    </entry>
    <entry id="142" name="hsa:2770 hsa:2771 hsa:2773" type="gene"
        link="https://www.kegg.jp/dbget-bin/www_bget?hsa:2770+hsa:2771+hsa:2773">
        <graphics name="GNAI1, Gi, HG1B, NEDHISB..." fgcolor="#000000" bgcolor="#BFFFBF"
             type="rectangle" x="723" y="288" width="46" height="17"/>
    </entry>
    <entry id="143" name="hsa:2770 hsa:2771 hsa:2773" type="gene"
        link="https://www.kegg.jp/dbget-bin/www_bget?hsa:2770+hsa:2771+hsa:2773">
        <graphics name="GNAI1, Gi, HG1B, NEDHISB..." fgcolor="#000000" bgcolor="#BFFFBF"
             type="rectangle" x="723" y="371" width="46" height="17"/>
    </entry>
    <entry id="150" name="cpd:C00575" type="compound"
        link="https://www.kegg.jp/dbget-bin/www_bget?C00575">
        <graphics name="C00575" fgcolor="#000000" bgcolor="#FFFFFF"
             type="circle" x="857" y="330" width="8" height="8"/>
    </entry>
    <entry id="164" name="cpd:C00025" type="compound"
        link="https://www.kegg.jp/dbget-bin/www_bget?C00025">
        <graphics name="C00025" fgcolor="#000000" bgcolor="#FFFFFF"
             type="circle" x="593" y="237" width="8" height="8"/>
    </entry>
    <entry id="165" name="cpd:C00025" type="compound"
        link="https://www.kegg.jp/dbget-bin/www_bget?C00025">
        <graphics name="C00025" fgcolor="#000000" bgcolor="#FFFFFF"
             type="circle" x="588" y="551" width="8" height="8"/>
    </entry>
    <entry id="168" name="hsa:2770 hsa:2771 hsa:2773" type="gene"
        link="https://www.kegg.jp/dbget-bin/www_bget?hsa:2770+hsa:2771+hsa:2773">
        <graphics name="GNAI1, Gi, HG1B, NEDHISB..." fgcolor="#000000" bgcolor="#BFFFBF"
             type="rectangle" x="727" y="582" width="46" height="17"/>
    </entry>
    <entry id="169" name="hsa:2778" type="gene"
        link="https://www.kegg.jp/dbget-bin/www_bget?hsa:2778">
        <graphics name="GNAS, AHO, C20orf45, GNAS1, GPSA, GSA, GSP, NESP, PITA3, POH, SCG6, SgVI" fgcolor="#000000" bgcolor="#BFFFBF"
             type="rectangle" x="727" y="697" width="46" height="17"/>
    </entry>
    <entry id="170" name="hsa:2770 hsa:2771 hsa:2773" type="gene"
        link="https://www.kegg.jp/dbget-bin/www_bget?hsa:2770+hsa:2771+hsa:2773">
        <graphics name="GNAI1, Gi, HG1B, NEDHISB..." fgcolor="#000000" bgcolor="#BFFFBF"
             type="rectangle" x="727" y="754" width="46" height="17"/>
    </entry>
    <entry id="171" name="hsa:26086" type="gene"
        link="https://www.kegg.jp/dbget-bin/www_bget?hsa:26086">
        <graphics name="GPSM1, AGS3" fgcolor="#000000" bgcolor="#BFFFBF"
             type="rectangle" x="800" y="553" width="46" height="17"/>
    </entry>
    <entry id="172" name="hsa:111" type="gene"
        link="https://www.kegg.jp/dbget-bin/www_bget?hsa:111">
        <graphics name="ADCY5, AC5, DSKOD, FDFM" fgcolor="#000000" bgcolor="#BFFFBF"
             type="rectangle" x="807" y="697" width="46" height="17"/>
    </entry>
    <entry id="173" name="hsa:5566 hsa:5567 hsa:5568" type="gene"
        link="https://www.kegg.jp/dbget-bin/www_bget?hsa:5566+hsa:5567+hsa:5568">
        <graphics name="PRKACA, CAFD1, PKACA, PPNAD4..." fgcolor="#000000" bgcolor="#BFFFBF"
             type="rectangle" x="913" y="697" width="46" height="17"/>
    </entry>
    <entry id="182" name="cpd:C00575" type="compound"
        link="https://www.kegg.jp/dbget-bin/www_bget?C00575">
        <graphics name="C00575" fgcolor="#000000" bgcolor="#FFFFFF"
             type="circle" x="860" y="696" width="8" height="8"/>
    </entry>
    <entry id="189" name="hsa:8787" type="gene"
        link="https://www.kegg.jp/dbget-bin/www_bget?hsa:8787">
        <graphics name="RGS9, PERRS, RGS9L" fgcolor="#000000" bgcolor="#BFFFBF"
             type="rectangle" x="800" y="783" width="46" height="17"/>
    </entry>
    <entry id="190" name="dr:D00110" type="compound"
        link="https://www.kegg.jp/dbget-bin/www_bget?D00110">
        <graphics name="D00110" fgcolor="#000000" bgcolor="#FFFFFF"
             type="circle" x="586" y="587" width="8" height="8"/>
    </entry>
    <entry id="212" name="cpd:C00082" type="compound"
        link="https://www.kegg.jp/dbget-bin/www_bget?C00082">
        <graphics name="C00082" fgcolor="#000000" bgcolor="#FFFFFF"
             type="circle" x="127" y="993" width="8" height="8"/>
    </entry>
    <entry id="213" name="cpd:C00355" type="compound"
        link="https://www.kegg.jp/dbget-bin/www_bget?C00355">
        <graphics name="C00355" fgcolor="#000000" bgcolor="#FFFFFF"
             type="circle" x="196" y="994" width="8" height="8"/>
    </entry>
    <entry id="214" name="cpd:C03758" type="compound"
        link="https://www.kegg.jp/dbget-bin/www_bget?C03758">
        <graphics name="C03758" fgcolor="#000000" bgcolor="#FFFFFF"
             type="circle" x="261" y="994" width="8" height="8"/>
    </entry>
    <entry id="215" name="cpd:C03758" type="compound"
        link="https://www.kegg.jp/dbget-bin/www_bget?C03758">
        <graphics name="C03758" fgcolor="#000000" bgcolor="#FFFFFF"
             type="circle" x="405" y="949" width="8" height="8"/>
    </entry>
    <entry id="216" name="cpd:C01161" type="compound"
        link="https://www.kegg.jp/dbget-bin/www_bget?C01161">
        <graphics name="C01161" fgcolor="#000000" bgcolor="#FFFFFF"
             type="circle" x="384" y="887" width="8" height="8"/>
    </entry>
    <entry id="217" name="cpd:C00027" type="compound"
        link="https://www.kegg.jp/dbget-bin/www_bget?C00027">
        <graphics name="C00027" fgcolor="#000000" bgcolor="#FFFFFF"
             type="circle" x="427" y="887" width="8" height="8"/>
    </entry>
    <entry id="218" name="cpd:C03758" type="compound"
        link="https://www.kegg.jp/dbget-bin/www_bget?C03758">
        <graphics name="C03758" fgcolor="#000000" bgcolor="#FFFFFF"
             type="circle" x="526" y="1065" width="8" height="8"/>
    </entry>
    <entry id="219" name="hsa:7054" type="gene"
        link="https://www.kegg.jp/dbget-bin/www_bget?hsa:7054">
        <graphics name="TH, DYT14, DYT5b, TYH" fgcolor="#000000" bgcolor="#BFFFBF"
             type="rectangle" x="157" y="979" width="46" height="17"/>
    </entry>
    <entry id="220" name="hsa:1644" type="gene"
        link="https://www.kegg.jp/dbget-bin/www_bget?hsa:1644">
        <graphics name="DDC, AADC" fgcolor="#000000" bgcolor="#BFFFBF"
             type="rectangle" x="226" y="979" width="46" height="17"/>
    </entry>
    <entry id="221" name="hsa:6570 hsa:6571" type="gene"
        link="https://www.kegg.jp/dbget-bin/www_bget?hsa:6570+hsa:6571">
        <graphics name="SLC18A1, CGAT, VAT1, VMAT1..." fgcolor="#000000" bgcolor="#BFFFBF"
             type="rectangle" x="343" y="1030" width="46" height="17"/>
    </entry>
    <entry id="222" name="hsa:4128 hsa:4129" type="gene"
        link="https://www.kegg.jp/dbget-bin/www_bget?hsa:4128+hsa:4129">
        <graphics name="MAOA, BRNRS, MAO-A..." fgcolor="#000000" bgcolor="#BFFFBF"
             type="rectangle" x="436" y="926" width="46" height="17"/>
    </entry>
    <entry id="223" name="hsa:6531" type="gene"
        link="https://www.kegg.jp/dbget-bin/www_bget?hsa:6531">
        <graphics name="SLC6A3, DAT, DAT1, PKDYS, PKDYS1" fgcolor="#000000" bgcolor="#BFFFBF"
             type="rectangle" x="526" y="995" width="46" height="17"/>
    </entry>
    <entry id="245" name="cpd:C03758" type="compound"
        link="https://www.kegg.jp/dbget-bin/www_bget?C03758">
        <graphics name="C03758" fgcolor="#000000" bgcolor="#FFFFFF"
             type="circle" x="568" y="996" width="8" height="8"/>
    </entry>
    <entry id="248" name="dr:D00110" type="compound"
        link="https://www.kegg.jp/dbget-bin/www_bget?D00110">
        <graphics name="D00110" fgcolor="#000000" bgcolor="#FFFFFF"
             type="circle" x="584" y="958" width="8" height="8"/>
    </entry>
    <entry id="250" name="hsa:1812" type="gene"
        link="https://www.kegg.jp/dbget-bin/www_bget?hsa:1812">
        <graphics name="DRD1, DADR, DRD1A" fgcolor="#000000" bgcolor="#BFFFBF"
             type="rectangle" x="642" y="1067" width="46" height="17"/>
    </entry>
    <entry id="251" name="hsa:2778" type="gene"
        link="https://www.kegg.jp/dbget-bin/www_bget?hsa:2778">
        <graphics name="GNAS, AHO, C20orf45, GNAS1, GPSA, GSA, GSP, NESP, PITA3, POH, SCG6, SgVI" fgcolor="#000000" bgcolor="#BFFFBF"
             type="rectangle" x="725" y="1067" width="46" height="17"/>
    </entry>
    <entry id="252" name="hsa:111" type="gene"
        link="https://www.kegg.jp/dbget-bin/www_bget?hsa:111">
        <graphics name="ADCY5, AC5, DSKOD, FDFM" fgcolor="#000000" bgcolor="#BFFFBF"
             type="rectangle" x="805" y="1067" width="46" height="17"/>
    </entry>
    <entry id="253" name="hsa:5566 hsa:5567 hsa:5568" type="gene"
        link="https://www.kegg.jp/dbget-bin/www_bget?hsa:5566+hsa:5567+hsa:5568">
        <graphics name="PRKACA, CAFD1, PKACA, PPNAD4..." fgcolor="#000000" bgcolor="#BFFFBF"
             type="rectangle" x="913" y="1067" width="46" height="17"/>
    </entry>
    <entry id="254" name="hsa:3725" type="gene"
        link="https://www.kegg.jp/dbget-bin/www_bget?hsa:3725">
        <graphics name="JUN, AP-1, AP1, c-Jun, cJUN, p39" fgcolor="#000000" bgcolor="#BFFFBF"
             type="rectangle" x="1038" y="997" width="46" height="17"/>
    </entry>
    <entry id="255" name="hsa:2354" type="gene"
        link="https://www.kegg.jp/dbget-bin/www_bget?hsa:2354">
        <graphics name="FOSB, AP-1, G0S3, GOS3, GOSB" fgcolor="#000000" bgcolor="#BFFFBF"
             type="rectangle" x="1038" y="1014" width="46" height="17"/>
    </entry>
    <entry id="256" name="hsa:1020" type="gene"
        link="https://www.kegg.jp/dbget-bin/www_bget?hsa:1020">
        <graphics name="CDK5, LIS7, PSSALRE" fgcolor="#000000" bgcolor="#BFFFBF"
             type="rectangle" x="890" y="939" width="46" height="17"/>
    </entry>
    <entry id="257" name="hsa:4790 hsa:5970" type="gene"
        link="https://www.kegg.jp/dbget-bin/www_bget?hsa:4790+hsa:5970">
        <graphics name="NFKB1, CVID12, EBP-1, KBF1, NF-kB, NF-kB1, NF-kappa-B1, NF-kappaB, NF-kappabeta, NFKB-p105, NFKB-p50, NFkappaB..." fgcolor="#000000" bgcolor="#BFFFBF"
             type="rectangle" x="890" y="916" width="46" height="17"/>
    </entry>
    <entry id="263" name="cpd:C00575" type="compound"
        link="https://www.kegg.jp/dbget-bin/www_bget?C00575">
        <graphics name="C00575" fgcolor="#000000" bgcolor="#FFFFFF"
             type="circle" x="858" y="1067" width="8" height="8"/>
    </entry>
    <entry id="270" name="hsa:10488 hsa:1385 hsa:1386 hsa:1388 hsa:148327 hsa:468 hsa:64764 hsa:84699 hsa:90993 hsa:9586" type="gene"
        link="https://www.kegg.jp/dbget-bin/www_bget?hsa:10488+hsa:1385+hsa:1386+hsa:1388+hsa:148327+hsa:468+hsa:64764+hsa:84699+hsa:90993+hsa:9586">
        <graphics name="CREB3, LUMAN, LZIP, sLZIP..." fgcolor="#000000" bgcolor="#BFFFBF"
             type="rectangle" x="1001" y="697" width="46" height="17"/>
    </entry>
    <entry id="275" name="hsa:5173" type="gene"
        link="https://www.kegg.jp/dbget-bin/www_bget?hsa:5173">
        <graphics name="PDYN, ADCA, PENKB, SCA23" fgcolor="#000000" bgcolor="#BFFFBF"
             type="rectangle" x="1108" y="684" width="46" height="17"/>
    </entry>
    <entry id="276" name="hsa:627" type="gene"
        link="https://www.kegg.jp/dbget-bin/www_bget?hsa:627">
        <graphics name="BDNF, ANON2, BULN2" fgcolor="#000000" bgcolor="#BFFFBF"
             type="rectangle" x="1108" y="711" width="46" height="17"/>
    </entry>
    <entry id="280" name="hsa:2891" type="gene"
        link="https://www.kegg.jp/dbget-bin/www_bget?hsa:2891">
        <graphics name="GRIA2, GLUR2, GLURB, GluA2, GluR-K2, HBGR2, NEDLIB, gluR-2, gluR-B" fgcolor="#000000" bgcolor="#BFFFBF"
             type="rectangle" x="642" y="889" width="46" height="17"/>
    </entry>
    <entry id="282" name="hsa:84152" type="gene"
        link="https://www.kegg.jp/dbget-bin/www_bget?hsa:84152">
        <graphics name="PPP1R1B, DARPP-32, DARPP32" fgcolor="#000000" bgcolor="#BFFFBF"
             type="rectangle" x="912" y="1006" width="46" height="17"/>
    </entry>
    <entry id="286" name="hsa:116443 hsa:116444 hsa:2902 hsa:2903 hsa:2904 hsa:2905 hsa:2906" type="gene"
        link="https://www.kegg.jp/dbget-bin/www_bget?hsa:116443+hsa:116444+hsa:2902+hsa:2903+hsa:2904+hsa:2905+hsa:2906">
        <graphics name="GRIN3A, GluN3A, NMDAR-L, NMDAR3A, NR3A..." fgcolor="#000000" bgcolor="#BFFFBF"
             type="rectangle" x="642" y="921" width="46" height="17"/>
    </entry>
    <entry id="287" name="hsa:1742" type="gene"
        link="https://www.kegg.jp/dbget-bin/www_bget?hsa:1742">
        <graphics name="DLG4, MRD62, PSD95, SAP-90, SAP90" fgcolor="#000000" bgcolor="#BFFFBF"
             type="rectangle" x="682" y="938" width="46" height="17"/>
    </entry>
    <entry id="289" name="dr:D00110" type="compound"
        link="https://www.kegg.jp/dbget-bin/www_bget?D00110">
        <graphics name="D00110" fgcolor="#000000" bgcolor="#FFFFFF"
             type="circle" x="338" y="703" width="8" height="8"/>
    </entry>
    <entry id="292" name="hsa:8851" type="gene"
        link="https://www.kegg.jp/dbget-bin/www_bget?hsa:8851">
        <graphics name="CDK5R1, CDK5P35, CDK5R, NCK5A, p23, p25, p35, p35nck5a" fgcolor="#000000" bgcolor="#BFFFBF"
             type="rectangle" x="848" y="969" width="46" height="17"/>
    </entry>
    <entry id="293" name="undefined" type="group">
        <graphics fgcolor="#000000" bgcolor="#FFFFFF"
             type="rectangle" x="1038" y="1005" width="46" height="34"/>
        <component id="254"/>
        <component id="255"/>
    </entry>
    <relation entry1="165" entry2="47" type="PCrel">
        <subtype name="activation" value="--&gt;"/>
    </relation>
    <relation entry1="47" entry2="168" type="PPrel">
        <subtype name="activation" value="--&gt;"/>
    </relation>
    <relation entry1="125" entry2="49" type="PCrel">
        <subtype name="activation" value="--&gt;"/>
    </relation>
    <relation entry1="49" entry2="169" type="PPrel">
        <subtype name="activation" value="--&gt;"/>
    </relation>
    <relation entry1="169" entry2="172" type="PPrel">
        <subtype name="activation" value="--&gt;"/>
    </relation>
    <relation entry1="172" entry2="182" type="PCrel">
        <subtype name="activation" value="--&gt;"/>
    </relation>
    <relation entry1="182" entry2="173" type="PCrel">
        <subtype name="activation" value="--&gt;"/>
    </relation>
    <relation entry1="173" entry2="270" type="PPrel">
        <subtype name="activation" value="--&gt;"/>
    </relation>
    <relation entry1="125" entry2="48" type="PCrel">
        <subtype name="activation" value="--&gt;"/>
    </relation>
    <relation entry1="48" entry2="170" type="PPrel">
        <subtype name="activation" value="--&gt;"/>
    </relation>
    <relation entry1="218" entry2="250" type="PCrel">
        <subtype name="activation" value="--&gt;"/>
    </relation>
    <relation entry1="250" entry2="251" type="PPrel">
        <subtype name="activation" value="--&gt;"/>
    </relation>
    <relation entry1="251" entry2="252" type="PPrel">
        <subtype name="activation" value="--&gt;"/>
    </relation>
    <relation entry1="252" entry2="263" type="PCrel">
        <subtype name="activation" value="--&gt;"/>
    </relation>
    <relation entry1="263" entry2="253" type="PCrel">
        <subtype name="activation" value="--&gt;"/>
    </relation>
    <relation entry1="164" entry2="43" type="PCrel">
        <subtype name="activation" value="--&gt;"/>
    </relation>
    <relation entry1="43" entry2="142" type="PPrel">
        <subtype name="activation" value="--&gt;"/>
    </relation>
    <relation entry1="98" entry2="45" type="PCrel">
        <subtype name="activation" value="--&gt;"/>
    </relation>
    <relation entry1="45" entry2="101" type="PPrel">
        <subtype name="activation" value="--&gt;"/>
    </relation>
    <relation entry1="101" entry2="102" type="PPrel">
        <subtype name="activation" value="--&gt;"/>
    </relation>
    <relation entry1="98" entry2="44" type="PCrel">
        <subtype name="activation" value="--&gt;"/>
    </relation>
    <relation entry1="44" entry2="143" type="PPrel">
        <subtype name="activation" value="--&gt;"/>
    </relation>
    <relation entry1="142" entry2="102" type="PPrel">
        <subtype name="inhibition" value="--|"/>
    </relation>
    <relation entry1="143" entry2="102" type="PPrel">
        <subtype name="inhibition" value="--|"/>
    </relation>
    <relation entry1="102" entry2="150" type="PCrel">
        <subtype name="activation" value="--&gt;"/>
    </relation>
    <relation entry1="150" entry2="141" type="PCrel">
        <subtype name="activation" value="--&gt;"/>
    </relation>
    <relation entry1="171" entry2="168" type="PPrel">
        <subtype name="inhibition" value="--|"/>
    </relation>
    <relation entry1="168" entry2="172" type="PPrel">
        <subtype name="inhibition" value="--|"/>
    </relation>
    <relation entry1="170" entry2="172" type="PPrel">
        <subtype name="inhibition" value="--|"/>
    </relation>
    <relation entry1="189" entry2="170" type="PPrel">
        <subtype name="inhibition" value="--|"/>
    </relation>
    <relation entry1="190" entry2="58" type="PCrel">
        <subtype name="inhibition" value="--|"/>
    </relation>
    <relation entry1="282" entry2="253" type="PPrel">
        <subtype name="inhibition" value="--|"/>
    </relation>
    <relation entry1="292" entry2="256" type="PPrel">
        <subtype name="binding/association" value="---"/>
    </relation>
    <relation entry1="270" entry2="275" type="GErel">
        <subtype name="expression" value="--&gt;"/>
    </relation>
    <relation entry1="270" entry2="276" type="GErel">
        <subtype name="expression" value="--&gt;"/>
    </relation>
    <relation entry1="293" entry2="280" type="GErel">
        <subtype name="expression" value="--&gt;"/>
    </relation>
    <relation entry1="293" entry2="257" type="GErel">
        <subtype name="expression" value="--&gt;"/>
    </relation>
    <relation entry1="293" entry2="256" type="GErel">
        <subtype name="expression" value="--&gt;"/>
    </relation>
    <relation entry1="256" entry2="287" type="PPrel">
        <subtype name="activation" value="--&gt;"/>
        <subtype name="phosphorylation" value="+p"/>
    </relation>
    <relation entry1="256" entry2="282" type="PPrel">
        <subtype name="activation" value="--&gt;"/>
        <subtype name="phosphorylation" value="+p"/>
    </relation>
    <relation entry1="286" entry2="287" type="PPrel">
        <subtype name="binding/association" value="---"/>
    </relation>
</pathway>
