<?xml version="1.0"?>
<!DOCTYPE pathway SYSTEM "https://www.kegg.jp/kegg/xml/KGML_v0.7.2_.dtd">
<!-- Creation date: Feb 3, 2016 17:09:25 +0900 (GMT+9) -->
<pathway name="path:hsa04213" org="hsa" number="04213"
         title="Longevity regulating pathway - multiple species"
         image="https://www.kegg.jp/kegg/pathway/hsa/hsa04213.png"
         link="https://www.kegg.jp/kegg-bin/show_pathway?hsa04213">
    <entry id="4" name="hsa:2308 hsa:2309" type="gene"
        link="https://www.kegg.jp/dbget-bin/www_bget?hsa:2308+hsa:2309">
        <graphics name="FOXO1, FKH1, FKHR, FOXO1A..." fgcolor="#000000" bgcolor="#BFFFBF"
             type="rectangle" x="1009" y="233" width="46" height="17"/>
    </entry>
    <entry id="5" name="hsa:6198 hsa:6199" type="gene"
        link="https://www.kegg.jp/dbget-bin/www_bget?hsa:6198+hsa:6199">
        <graphics name="RPS6KB1, PS6K, S6K, S6K-beta-1, S6K1, STK14A, p70_S6KA, p70(S6K)-alpha, p70-S6K, p70-alpha..." fgcolor="#000000" bgcolor="#BFFFBF"
             type="rectangle" x="782" y="282" width="46" height="17"/>
    </entry>
    <entry id="6" name="hsa:2475 hsa:57521 hsa:84335" type="gene"
        link="https://www.kegg.jp/dbget-bin/www_bget?hsa:2475+hsa:57521+hsa:84335">
        <graphics name="MTOR, FRAP, FRAP1, FRAP2, RAFT1, RAPT1, SKS..." fgcolor="#000000" bgcolor="#BFFFBF"
             type="rectangle" x="705" y="282" width="46" height="17"/>
    </entry>
    <entry id="7" name="hsa:10000 hsa:207 hsa:208" type="gene"
        link="https://www.kegg.jp/dbget-bin/www_bget?hsa:10000+hsa:207+hsa:208">
        <graphics name="AKT3, MPPH, MPPH2, PKB-GAMMA, PKBG, PRKBG, RAC-PK-gamma, RAC-gamma, STK-2..." fgcolor="#000000" bgcolor="#BFFFBF"
             type="rectangle" x="716" y="233" width="46" height="17"/>
    </entry>
    <entry id="8" name="hsa:5290 hsa:5291 hsa:5293 hsa:5295 hsa:5296 hsa:8503" type="gene"
        link="https://www.kegg.jp/dbget-bin/www_bget?hsa:5290+hsa:5291+hsa:5293+hsa:5295+hsa:5296+hsa:8503">
        <graphics name="PIK3CA, CCM4, CLAPO, CLOVE, CWS5, MCAP, MCM, MCMTC, PI3K, PI3K-alpha, p110-alpha..." fgcolor="#000000" bgcolor="#BFFFBF"
             type="rectangle" x="513" y="233" width="46" height="17"/>
    </entry>
    <entry id="9" name="cpd:C05981" type="compound"
        link="https://www.kegg.jp/dbget-bin/www_bget?C05981">
        <graphics name="C05981" fgcolor="#000000" bgcolor="#FFFFFF"
             type="circle" x="584" y="235" width="8" height="8"/>
    </entry>
    <entry id="10" name="path:hsa04213" type="map"
        link="https://www.kegg.jp/dbget-bin/www_bget?hsa04213">
        <graphics name="TITLE:Longevity regulating pathway - multiple species" fgcolor="#000000" bgcolor="#FFFFFF"
             type="roundrectangle" x="258" y="58" width="435" height="25"/>
    </entry>
    <entry id="20" name="hsa:3479" type="gene"
        link="https://www.kegg.jp/dbget-bin/www_bget?hsa:3479">
        <graphics name="IGF1, IGF, IGF-I, IGFI, MGF" fgcolor="#000000" bgcolor="#BFFFBF"
             type="rectangle" x="249" y="246" width="46" height="17"/>
    </entry>
    <entry id="21" name="hsa:3480" type="gene"
        link="https://www.kegg.jp/dbget-bin/www_bget?hsa:3480">
        <graphics name="IGF1R, CD221, IGFIR, IGFR, JTK13" fgcolor="#000000" bgcolor="#BFFFBF"
             type="rectangle" x="338" y="246" width="46" height="17"/>
    </entry>
    <entry id="23" name="hsa:3667 hsa:8471 hsa:8660" type="gene"
        link="https://www.kegg.jp/dbget-bin/www_bget?hsa:3667+hsa:8471+hsa:8660">
        <graphics name="IRS1, HIRS-1..." fgcolor="#000000" bgcolor="#BFFFBF"
             type="rectangle" x="427" y="215" width="46" height="17"/>
    </entry>
    <entry id="24" name="hsa:3265 hsa:3845 hsa:4893" type="gene"
        link="https://www.kegg.jp/dbget-bin/www_bget?hsa:3265+hsa:3845+hsa:4893">
        <graphics name="HRAS, C-BAS/HAS, C-H-RAS, C-HA-RAS1, CTLO, H-RASIDX, HAMSV, HRAS1, RASH1, p21ras..." fgcolor="#000000" bgcolor="#BFFFBF"
             type="rectangle" x="427" y="259" width="46" height="17"/>
    </entry>
    <entry id="28" name="hsa:2309" type="gene"
        link="https://www.kegg.jp/dbget-bin/www_bget?hsa:2309">
        <graphics name="FOXO3, AF6q21, FKHRL1, FKHRL1P2, FOXO2, FOXO3A" fgcolor="#000000" bgcolor="#BFFFBF"
             type="rectangle" x="1009" y="422" width="46" height="17"/>
    </entry>
    <entry id="29" name="hsa:6198 hsa:6199" type="gene"
        link="https://www.kegg.jp/dbget-bin/www_bget?hsa:6198+hsa:6199">
        <graphics name="RPS6KB1, PS6K, S6K, S6K-beta-1, S6K1, STK14A, p70_S6KA, p70(S6K)-alpha, p70-S6K, p70-alpha..." fgcolor="#000000" bgcolor="#BFFFBF"
             type="rectangle" x="782" y="476" width="46" height="17"/>
    </entry>
    <entry id="30" name="hsa:2475 hsa:57521" type="gene"
        link="https://www.kegg.jp/dbget-bin/www_bget?hsa:2475+hsa:57521">
        <graphics name="MTOR, FRAP, FRAP1, FRAP2, RAFT1, RAPT1, SKS..." fgcolor="#000000" bgcolor="#BFFFBF"
             type="rectangle" x="705" y="476" width="46" height="17"/>
    </entry>
    <entry id="31" name="hsa:10000 hsa:207 hsa:208" type="gene"
        link="https://www.kegg.jp/dbget-bin/www_bget?hsa:10000+hsa:207+hsa:208">
        <graphics name="AKT3, MPPH, MPPH2, PKB-GAMMA, PKBG, PRKBG, RAC-PK-gamma, RAC-gamma, STK-2..." fgcolor="#000000" bgcolor="#BFFFBF"
             type="rectangle" x="716" y="422" width="46" height="17"/>
    </entry>
    <entry id="32" name="hsa:5290 hsa:5291 hsa:5293 hsa:5295 hsa:5296 hsa:8503" type="gene"
        link="https://www.kegg.jp/dbget-bin/www_bget?hsa:5290+hsa:5291+hsa:5293+hsa:5295+hsa:5296+hsa:8503">
        <graphics name="PIK3CA, CCM4, CLAPO, CLOVE, CWS5, MCAP, MCM, MCMTC, PI3K, PI3K-alpha, p110-alpha..." fgcolor="#000000" bgcolor="#BFFFBF"
             type="rectangle" x="513" y="422" width="46" height="17"/>
    </entry>
    <entry id="33" name="cpd:C05981" type="compound"
        link="https://www.kegg.jp/dbget-bin/www_bget?C05981">
        <graphics name="C05981" fgcolor="#000000" bgcolor="#FFFFFF"
             type="circle" x="584" y="422" width="8" height="8"/>
    </entry>
    <entry id="43" name="hsa:3479 hsa:3630" type="gene"
        link="https://www.kegg.jp/dbget-bin/www_bget?hsa:3479+hsa:3630">
        <graphics name="IGF1, IGF, IGF-I, IGFI, MGF..." fgcolor="#000000" bgcolor="#BFFFBF"
             type="rectangle" x="249" y="422" width="46" height="17"/>
    </entry>
    <entry id="44" name="hsa:3480" type="gene"
        link="https://www.kegg.jp/dbget-bin/www_bget?hsa:3480">
        <graphics name="IGF1R, CD221, IGFIR, IGFR, JTK13" fgcolor="#000000" bgcolor="#BFFFBF"
             type="rectangle" x="339" y="422" width="46" height="17"/>
    </entry>
    <entry id="46" name="hsa:3667" type="gene"
        link="https://www.kegg.jp/dbget-bin/www_bget?hsa:3667">
        <graphics name="IRS1, HIRS-1" fgcolor="#000000" bgcolor="#BFFFBF"
             type="rectangle" x="427" y="399" width="46" height="17"/>
    </entry>
    <entry id="49" name="hsa:2309" type="gene"
        link="https://www.kegg.jp/dbget-bin/www_bget?hsa:2309">
        <graphics name="FOXO3, AF6q21, FKHRL1, FKHRL1P2, FOXO2, FOXO3A" fgcolor="#000000" bgcolor="#BFFFBF"
             type="rectangle" x="1009" y="643" width="46" height="17"/>
    </entry>
    <entry id="50" name="hsa:10000 hsa:207 hsa:208" type="gene"
        link="https://www.kegg.jp/dbget-bin/www_bget?hsa:10000+hsa:207+hsa:208">
        <graphics name="AKT3, MPPH, MPPH2, PKB-GAMMA, PKBG, PRKBG, RAC-PK-gamma, RAC-gamma, STK-2..." fgcolor="#000000" bgcolor="#BFFFBF"
             type="rectangle" x="718" y="643" width="46" height="17"/>
    </entry>
    <entry id="51" name="hsa:5290 hsa:5291 hsa:5293" type="gene"
        link="https://www.kegg.jp/dbget-bin/www_bget?hsa:5290+hsa:5291+hsa:5293">
        <graphics name="PIK3CA, CCM4, CLAPO, CLOVE, CWS5, MCAP, MCM, MCMTC, PI3K, PI3K-alpha, p110-alpha..." fgcolor="#000000" bgcolor="#BFFFBF"
             type="rectangle" x="513" y="642" width="46" height="17"/>
    </entry>
    <entry id="52" name="cpd:C05981" type="compound"
        link="https://www.kegg.jp/dbget-bin/www_bget?C05981">
        <graphics name="C05981" fgcolor="#000000" bgcolor="#FFFFFF"
             type="circle" x="584" y="643" width="8" height="8"/>
    </entry>
    <entry id="59" name="hsa:3643" type="gene"
        link="https://www.kegg.jp/dbget-bin/www_bget?hsa:3643">
        <graphics name="INSR, CD220, HHF5" fgcolor="#000000" bgcolor="#BFFFBF"
             type="rectangle" x="339" y="642" width="46" height="17"/>
    </entry>
    <entry id="61" name="ko:K12762" type="ortholog"
        link="https://www.kegg.jp/dbget-bin/www_bget?K12762">
        <graphics name="K12762" fgcolor="#000000" bgcolor="#FFFFFF"
             type="rectangle" x="339" y="824" width="46" height="17"/>
    </entry>
    <entry id="62" name="hsa:3845" type="gene"
        link="https://www.kegg.jp/dbget-bin/www_bget?hsa:3845">
        <graphics name="KRAS, 'C-K-RAS, C-K-RAS, CFC2, K-RAS2A, K-RAS2B, K-RAS4A, K-RAS4B, K-Ras, K-Ras_2, KI-RAS, KRAS1, KRAS2, NS, NS3, OES, RALD, RASK2, c-Ki-ras, c-Ki-ras2" fgcolor="#000000" bgcolor="#BFFFBF"
             type="rectangle" x="427" y="824" width="46" height="17"/>
    </entry>
    <entry id="63" name="hsa:5566 hsa:5567 hsa:5568" type="gene"
        link="https://www.kegg.jp/dbget-bin/www_bget?hsa:5566+hsa:5567+hsa:5568">
        <graphics name="PRKACA, CAFD1, PKACA, PPNAD4..." fgcolor="#000000" bgcolor="#BFFFBF"
             type="rectangle" x="718" y="824" width="46" height="17"/>
    </entry>
    <entry id="64" name="ko:K09468" type="ortholog"
        link="https://www.kegg.jp/dbget-bin/www_bget?K09468">
        <graphics name="K09468" fgcolor="#000000" bgcolor="#FFFFFF"
             type="rectangle" x="1009" y="828" width="46" height="17"/>
    </entry>
    <entry id="69" name="hsa:6198 hsa:6199" type="gene"
        link="https://www.kegg.jp/dbget-bin/www_bget?hsa:6198+hsa:6199">
        <graphics name="RPS6KB1, PS6K, S6K, S6K-beta-1, S6K1, STK14A, p70_S6KA, p70(S6K)-alpha, p70-S6K, p70-alpha..." fgcolor="#000000" bgcolor="#BFFFBF"
             type="rectangle" x="781" y="702" width="44" height="17"/>
    </entry>
    <entry id="70" name="hsa:2475 hsa:57521" type="gene"
        link="https://www.kegg.jp/dbget-bin/www_bget?hsa:2475+hsa:57521">
        <graphics name="MTOR, FRAP, FRAP1, FRAP2, RAFT1, RAPT1, SKS..." fgcolor="#000000" bgcolor="#BFFFBF"
             type="rectangle" x="705" y="702" width="46" height="17"/>
    </entry>
    <entry id="72" name="ko:K19800" type="ortholog"
        link="https://www.kegg.jp/dbget-bin/www_bget?K19800">
        <graphics name="K19800" fgcolor="#000000" bgcolor="#FFFFFF"
             type="rectangle" x="791" y="907" width="44" height="17"/>
    </entry>
    <entry id="73" name="hsa:2475" type="gene"
        link="https://www.kegg.jp/dbget-bin/www_bget?hsa:2475">
        <graphics name="MTOR, FRAP, FRAP1, FRAP2, RAFT1, RAPT1, SKS" fgcolor="#000000" bgcolor="#BFFFBF"
             type="rectangle" x="715" y="907" width="46" height="17"/>
    </entry>
    <entry id="75" name="ko:K12767" type="ortholog"
        link="https://www.kegg.jp/dbget-bin/www_bget?K12767">
        <graphics name="K12767" fgcolor="#000000" bgcolor="#FFFFFF"
             type="rectangle" x="825" y="870" width="46" height="17"/>
    </entry>
    <entry id="82" name="hsa:1979" type="gene"
        link="https://www.kegg.jp/dbget-bin/www_bget?hsa:1979">
        <graphics name="EIF4EBP2, 4EBP2, PHASII" fgcolor="#000000" bgcolor="#BFFFBF"
             type="rectangle" x="1009" y="500" width="46" height="17"/>
    </entry>
    <entry id="85" name="hsa:3170" type="gene"
        link="https://www.kegg.jp/dbget-bin/www_bget?hsa:3170">
        <graphics name="FOXA2, HNF-3-beta, HNF3B, TCF3B" fgcolor="#000000" bgcolor="#BFFFBF"
             type="rectangle" x="1009" y="702" width="46" height="17"/>
    </entry>
    <entry id="88" name="ko:K19798" type="ortholog"
        link="https://www.kegg.jp/dbget-bin/www_bget?K19798">
        <graphics name="K19798" fgcolor="#000000" bgcolor="#FFFFFF"
             type="rectangle" x="1009" y="870" width="46" height="17"/>
    </entry>
    <entry id="89" name="ko:K19764" type="ortholog"
        link="https://www.kegg.jp/dbget-bin/www_bget?K19764">
        <graphics name="K19764" fgcolor="#000000" bgcolor="#FFFFFF"
             type="rectangle" x="249" y="642" width="46" height="17"/>
    </entry>
    <entry id="91" name="hsa:3667" type="gene"
        link="https://www.kegg.jp/dbget-bin/www_bget?hsa:3667">
        <graphics name="IRS1, HIRS-1" fgcolor="#000000" bgcolor="#BFFFBF"
             type="rectangle" x="427" y="615" width="46" height="17"/>
    </entry>
    <entry id="96" name="cpd:C00575" type="compound"
        link="https://www.kegg.jp/dbget-bin/www_bget?C00575">
        <graphics name="C00575" fgcolor="#000000" bgcolor="#FFFFFF"
             type="circle" x="584" y="825" width="8" height="8"/>
    </entry>
    <entry id="98" name="cpd:C00575" type="compound"
        link="https://www.kegg.jp/dbget-bin/www_bget?C00575">
        <graphics name="C00575" fgcolor="#000000" bgcolor="#FFFFFF"
             type="circle" x="584" y="188" width="8" height="8"/>
    </entry>
    <entry id="99" name="hsa:5566 hsa:5567 hsa:5568" type="gene"
        link="https://www.kegg.jp/dbget-bin/www_bget?hsa:5566+hsa:5567+hsa:5568">
        <graphics name="PRKACA, CAFD1, PKACA, PPNAD4..." fgcolor="#000000" bgcolor="#BFFFBF"
             type="rectangle" x="716" y="189" width="46" height="17"/>
    </entry>
    <entry id="101" name="hsa:107 hsa:108 hsa:109 hsa:111 hsa:112 hsa:113 hsa:114 hsa:115 hsa:196883" type="gene"
        link="https://www.kegg.jp/dbget-bin/www_bget?hsa:107+hsa:108+hsa:109+hsa:111+hsa:112+hsa:113+hsa:114+hsa:115+hsa:196883">
        <graphics name="ADCY1, AC1, DFNB44..." fgcolor="#000000" bgcolor="#BFFFBF"
             type="rectangle" x="513" y="189" width="46" height="17"/>
    </entry>
    <entry id="104" name="ko:K01768" type="ortholog"
        link="https://www.kegg.jp/dbget-bin/www_bget?K01768">
        <graphics name="K01768" fgcolor="#000000" bgcolor="#FFFFFF"
             type="rectangle" x="513" y="824" width="46" height="17"/>
    </entry>
    <entry id="106" name="hsa:51422 hsa:53632 hsa:5562 hsa:5563 hsa:5564 hsa:5565 hsa:5571" type="gene"
        link="https://www.kegg.jp/dbget-bin/www_bget?hsa:51422+hsa:53632+hsa:5562+hsa:5563+hsa:5564+hsa:5565+hsa:5571">
        <graphics name="PRKAG2, AAKG, AAKG2, CMH6, H91620p, WPWS..." fgcolor="#000000" bgcolor="#BFFFBF"
             type="rectangle" x="628" y="282" width="46" height="17"/>
    </entry>
    <entry id="113" name="hsa:3630" type="gene"
        link="https://www.kegg.jp/dbget-bin/www_bget?hsa:3630">
        <graphics name="INS, IDDM, IDDM1, IDDM2, ILPR, IRDN, MODY10, PNDM4" fgcolor="#000000" bgcolor="#BFFFBF"
             type="rectangle" x="249" y="223" width="46" height="17"/>
    </entry>
    <entry id="114" name="hsa:3643" type="gene"
        link="https://www.kegg.jp/dbget-bin/www_bget?hsa:3643">
        <graphics name="INSR, CD220, HHF5" fgcolor="#000000" bgcolor="#BFFFBF"
             type="rectangle" x="339" y="223" width="46" height="17"/>
    </entry>
    <entry id="116" name="path:hsa04910" type="map"
        link="https://www.kegg.jp/dbget-bin/www_bget?hsa04910">
        <graphics name="Insulin signaling pathway" fgcolor="#000000" bgcolor="#FFFFFF"
             type="roundrectangle" x="252" y="334" width="108" height="34"/>
    </entry>
    <entry id="117" name="path:hsa04150" type="map"
        link="https://www.kegg.jp/dbget-bin/www_bget?hsa04150">
        <graphics name="mTOR signaling pathway" fgcolor="#000000" bgcolor="#FFFFFF"
             type="roundrectangle" x="749" y="334" width="108" height="34"/>
    </entry>
    <entry id="118" name="path:hsa04151" type="map"
        link="https://www.kegg.jp/dbget-bin/www_bget?hsa04151">
        <graphics name="PI3K-Akt signaling pathway" fgcolor="#000000" bgcolor="#FFFFFF"
             type="roundrectangle" x="485" y="334" width="120" height="34"/>
    </entry>
    <entry id="123" name="path:hsa04068" type="map"
        link="https://www.kegg.jp/dbget-bin/www_bget?hsa04068">
        <graphics name="FoxO signaling pathway" fgcolor="#000000" bgcolor="#FFFFFF"
             type="roundrectangle" x="1094" y="211" width="108" height="34"/>
    </entry>
    <entry id="124" name="hsa:6648" type="gene"
        link="https://www.kegg.jp/dbget-bin/www_bget?hsa:6648">
        <graphics name="SOD2, GC1, GClnc1, IPO-B, IPOB, MNSOD, MVCD6, Mn-SOD" fgcolor="#000000" bgcolor="#BFFFBF"
             type="rectangle" x="1289" y="225" width="46" height="17"/>
    </entry>
    <entry id="125" name="hsa:6647 hsa:6648" type="gene"
        link="https://www.kegg.jp/dbget-bin/www_bget?hsa:6647+hsa:6648">
        <graphics name="SOD1, ALS, ALS1, HEL-S-44, IPOA, SOD, STAHP, hSod1, homodimer..." fgcolor="#000000" bgcolor="#BFFFBF"
             type="rectangle" x="1289" y="450" width="46" height="17"/>
    </entry>
    <entry id="126" name="hsa:6648" type="gene"
        link="https://www.kegg.jp/dbget-bin/www_bget?hsa:6648">
        <graphics name="SOD2, GC1, GClnc1, IPO-B, IPOB, MNSOD, MVCD6, Mn-SOD" fgcolor="#000000" bgcolor="#BFFFBF"
             type="rectangle" x="1289" y="667" width="46" height="17"/>
    </entry>
    <entry id="127" name="hsa:1410 hsa:3303 hsa:3304 hsa:3305 hsa:3306 hsa:3310 hsa:3312" type="gene"
        link="https://www.kegg.jp/dbget-bin/www_bget?hsa:1410+hsa:3303+hsa:3304+hsa:3305+hsa:3306+hsa:3310+hsa:3312">
        <graphics name="CRYAB, CMD1II, CRYA2, CTPP2, CTRCT16, HEL-S-101, HSPB5, MFM2..." fgcolor="#000000" bgcolor="#BFFFBF"
             type="rectangle" x="1289" y="476" width="46" height="17"/>
    </entry>
    <entry id="128" name="ko:K19766 ko:K19767 ko:K19768 ko:K19769" type="ortholog"
        link="https://www.kegg.jp/dbget-bin/www_bget?K19766+K19767+K19768+K19769">
        <graphics name="K19766..." fgcolor="#000000" bgcolor="#FFFFFF"
             type="rectangle" x="1289" y="713" width="46" height="17"/>
    </entry>
    <entry id="129" name="hsa:81570" type="gene"
        link="https://www.kegg.jp/dbget-bin/www_bget?hsa:81570">
        <graphics name="CLPB, ANKCLB, HSP78, MEGCANN, MGCA7, MGCA7A, SCN9, SKD3" fgcolor="#000000" bgcolor="#BFFFBF"
             type="rectangle" x="1289" y="932" width="46" height="17"/>
    </entry>
    <entry id="158" name="path:hsa04152" type="map"
        link="https://www.kegg.jp/dbget-bin/www_bget?hsa04152">
        <graphics name="AMPK signaling pathway" fgcolor="#000000" bgcolor="#FFFFFF"
             type="roundrectangle" x="621" y="334" width="120" height="34"/>
    </entry>
    <entry id="162" name="hsa:51422 hsa:53632 hsa:5562 hsa:5563 hsa:5564 hsa:5565 hsa:5571" type="gene"
        link="https://www.kegg.jp/dbget-bin/www_bget?hsa:51422+hsa:53632+hsa:5562+hsa:5563+hsa:5564+hsa:5565+hsa:5571">
        <graphics name="PRKAG2, AAKG, AAKG2, CMH6, H91620p, WPWS..." fgcolor="#000000" bgcolor="#BFFFBF"
             type="rectangle" x="628" y="476" width="46" height="17"/>
    </entry>
    <entry id="164" name="hsa:847" type="gene"
        link="https://www.kegg.jp/dbget-bin/www_bget?hsa:847">
        <graphics name="CAT" fgcolor="#000000" bgcolor="#BFFFBF"
             type="rectangle" x="1289" y="249" width="46" height="17"/>
    </entry>
    <entry id="165" name="hsa:9474" type="gene"
        link="https://www.kegg.jp/dbget-bin/www_bget?hsa:9474">
        <graphics name="ATG5, APG5, APG5-LIKE, APG5L, ASP, SCAR25, hAPG5" fgcolor="#000000" bgcolor="#BFFFBF"
             type="rectangle" x="1289" y="274" width="46" height="17"/>
    </entry>
    <entry id="168" name="hsa:847" type="gene"
        link="https://www.kegg.jp/dbget-bin/www_bget?hsa:847">
        <graphics name="CAT" fgcolor="#000000" bgcolor="#BFFFBF"
             type="rectangle" x="1289" y="690" width="46" height="17"/>
    </entry>
    <entry id="169" name="hsa:847" type="gene"
        link="https://www.kegg.jp/dbget-bin/www_bget?hsa:847">
        <graphics name="CAT" fgcolor="#000000" bgcolor="#BFFFBF"
             type="rectangle" x="1289" y="906" width="46" height="17"/>
    </entry>
    <entry id="170" name="hsa:6648" type="gene"
        link="https://www.kegg.jp/dbget-bin/www_bget?hsa:6648">
        <graphics name="SOD2, GC1, GClnc1, IPO-B, IPOB, MNSOD, MVCD6, Mn-SOD" fgcolor="#000000" bgcolor="#BFFFBF"
             type="rectangle" x="1289" y="878" width="46" height="17"/>
    </entry>
    <entry id="171" name="path:hsa04211" type="map"
        link="https://www.kegg.jp/dbget-bin/www_bget?hsa04211">
        <graphics name="Longevity regulating pathway" fgcolor="#000000" bgcolor="#FFFFFF"
             type="roundrectangle" x="232" y="183" width="129" height="34"/>
    </entry>
    <entry id="172" name="path:map04212" type="map"
        link="https://www.kegg.jp/dbget-bin/www_bget?map04212">
        <graphics name="Longevity regulating pathway - worm" fgcolor="#000000" bgcolor="#FFFFFF"
             type="roundrectangle" x="232" y="595" width="129" height="34"/>
    </entry>
    <entry id="173" name="ko:K01440" type="ortholog"
        link="https://www.kegg.jp/dbget-bin/www_bget?K01440">
        <graphics name="K01440" fgcolor="#000000" bgcolor="#FFFFFF"
             type="rectangle" x="913" y="950" width="46" height="17"/>
    </entry>
    <entry id="174" name="ko:K11121" type="ortholog"
        link="https://www.kegg.jp/dbget-bin/www_bget?K11121">
        <graphics name="K11121" fgcolor="#000000" bgcolor="#FFFFFF"
             type="rectangle" x="946" y="991" width="46" height="17"/>
    </entry>
    <entry id="178" name="hsa:23411" type="gene"
        link="https://www.kegg.jp/dbget-bin/www_bget?hsa:23411">
        <graphics name="SIRT1, SIR2, SIR2L1, SIR2alpha" fgcolor="#000000" bgcolor="#BFFFBF"
             type="rectangle" x="946" y="766" width="46" height="17"/>
    </entry>
    <entry id="179" name="hsa:23411" type="gene"
        link="https://www.kegg.jp/dbget-bin/www_bget?hsa:23411">
        <graphics name="SIRT1, SIR2, SIR2L1, SIR2alpha" fgcolor="#000000" bgcolor="#BFFFBF"
             type="rectangle" x="946" y="310" width="46" height="17"/>
    </entry>
    <entry id="183" name="hsa:23411" type="gene"
        link="https://www.kegg.jp/dbget-bin/www_bget?hsa:23411">
        <graphics name="SIRT1, SIR2, SIR2L1, SIR2alpha" fgcolor="#000000" bgcolor="#BFFFBF"
             type="rectangle" x="946" y="570" width="46" height="17"/>
    </entry>
    <entry id="187" name="hsa:3065 hsa:3066" type="gene"
        link="https://www.kegg.jp/dbget-bin/www_bget?hsa:3065+hsa:3066">
        <graphics name="HDAC1, GON-10, HD1, KDAC1, RPD3, RPD3L1..." fgcolor="#000000" bgcolor="#BFFFBF"
             type="rectangle" x="927" y="536" width="46" height="17"/>
    </entry>
    <relation entry1="113" entry2="114" type="PPrel">
        <subtype name="activation" value="--&gt;"/>
    </relation>
    <relation entry1="114" entry2="23" type="PPrel">
        <subtype name="activation" value="--&gt;"/>
    </relation>
    <relation entry1="23" entry2="8" type="PPrel">
        <subtype name="activation" value="--&gt;"/>
    </relation>
    <relation entry1="8" entry2="9" type="PCrel">
        <subtype name="activation" value="--&gt;"/>
    </relation>
    <relation entry1="9" entry2="7" type="PCrel">
        <subtype name="activation" value="--&gt;"/>
    </relation>
    <relation entry1="7" entry2="101" type="PPrel">
        <subtype name="activation" value="--&gt;"/>
    </relation>
    <relation entry1="101" entry2="98" type="PCrel">
        <subtype name="activation" value="--&gt;"/>
    </relation>
    <relation entry1="98" entry2="99" type="PCrel">
        <subtype name="activation" value="--&gt;"/>
    </relation>
    <relation entry1="20" entry2="21" type="PPrel">
        <subtype name="activation" value="--&gt;"/>
    </relation>
    <relation entry1="21" entry2="24" type="PPrel">
        <subtype name="activation" value="--&gt;"/>
    </relation>
    <relation entry1="24" entry2="8" type="PPrel">
        <subtype name="activation" value="--&gt;"/>
    </relation>
    <relation entry1="43" entry2="44" type="PPrel">
        <subtype name="activation" value="--&gt;"/>
    </relation>
    <relation entry1="44" entry2="46" type="PPrel">
        <subtype name="activation" value="--&gt;"/>
    </relation>
    <relation entry1="46" entry2="32" type="PPrel">
        <subtype name="activation" value="--&gt;"/>
    </relation>
    <relation entry1="44" entry2="32" type="PPrel">
        <subtype name="activation" value="--&gt;"/>
    </relation>
    <relation entry1="32" entry2="33" type="PCrel">
        <subtype name="activation" value="--&gt;"/>
    </relation>
    <relation entry1="33" entry2="31" type="PCrel">
        <subtype name="activation" value="--&gt;"/>
    </relation>
    <relation entry1="59" entry2="91" type="PPrel">
        <subtype name="activation" value="--&gt;"/>
    </relation>
    <relation entry1="91" entry2="51" type="PPrel">
        <subtype name="activation" value="--&gt;"/>
    </relation>
    <relation entry1="59" entry2="51" type="PPrel">
        <subtype name="activation" value="--&gt;"/>
    </relation>
    <relation entry1="51" entry2="52" type="PCrel">
        <subtype name="activation" value="--&gt;"/>
    </relation>
    <relation entry1="52" entry2="50" type="PCrel">
        <subtype name="activation" value="--&gt;"/>
    </relation>
    <relation entry1="96" entry2="63" type="PCrel">
        <subtype name="activation" value="--&gt;"/>
    </relation>
    <relation entry1="178" entry2="49" type="PPrel">
        <subtype name="activation" value="--&gt;"/>
    </relation>
    <relation entry1="179" entry2="4" type="PPrel">
        <subtype name="activation" value="--&gt;"/>
    </relation>
    <relation entry1="99" entry2="4" type="PPrel">
        <subtype name="inhibition" value="--|"/>
        <subtype name="phosphorylation" value="+p"/>
    </relation>
    <relation entry1="7" entry2="4" type="PPrel">
        <subtype name="inhibition" value="--|"/>
        <subtype name="phosphorylation" value="+p"/>
    </relation>
    <relation entry1="31" entry2="28" type="PPrel">
        <subtype name="inhibition" value="--|"/>
        <subtype name="phosphorylation" value="+p"/>
    </relation>
    <relation entry1="50" entry2="49" type="PPrel">
        <subtype name="inhibition" value="--|"/>
        <subtype name="phosphorylation" value="+p"/>
    </relation>
    <relation entry1="7" entry2="6" type="PPrel">
        <subtype name="activation" value="--&gt;"/>
        <subtype name="phosphorylation" value="+p"/>
    </relation>
    <relation entry1="6" entry2="5" type="PPrel">
        <subtype name="activation" value="--&gt;"/>
        <subtype name="phosphorylation" value="+p"/>
    </relation>
    <relation entry1="31" entry2="30" type="PPrel">
        <subtype name="activation" value="--&gt;"/>
        <subtype name="phosphorylation" value="+p"/>
    </relation>
    <relation entry1="30" entry2="29" type="PPrel">
        <subtype name="activation" value="--&gt;"/>
        <subtype name="phosphorylation" value="+p"/>
    </relation>
    <relation entry1="50" entry2="70" type="PPrel">
        <subtype name="activation" value="--&gt;"/>
        <subtype name="phosphorylation" value="+p"/>
    </relation>
    <relation entry1="70" entry2="69" type="PPrel">
        <subtype name="activation" value="--&gt;"/>
        <subtype name="phosphorylation" value="+p"/>
    </relation>
    <relation entry1="7" entry2="106" type="PPrel">
        <subtype name="activation" value="--&gt;"/>
        <subtype name="indirect effect" value="..&gt;"/>
    </relation>
    <relation entry1="106" entry2="6" type="PPrel">
        <subtype name="inhibition" value="--|"/>
    </relation>
    <relation entry1="162" entry2="30" type="PPrel">
        <subtype name="inhibition" value="--|"/>
    </relation>
    <relation entry1="30" entry2="82" type="PPrel">
        <subtype name="inhibition" value="--|"/>
    </relation>
    <relation entry1="69" entry2="85" type="PPrel">
        <subtype name="inhibition" value="--|"/>
    </relation>
    <relation entry1="187" entry2="183" type="PPrel">
        <subtype name="inhibition" value="--|"/>
        <subtype name="indirect effect" value="..&gt;"/>
    </relation>
    <relation entry1="4" entry2="124" type="GErel">
        <subtype name="expression" value="--&gt;"/>
    </relation>
    <relation entry1="4" entry2="164" type="GErel">
        <subtype name="expression" value="--&gt;"/>
    </relation>
    <relation entry1="4" entry2="165" type="GErel">
        <subtype name="expression" value="--&gt;"/>
    </relation>
    <relation entry1="28" entry2="125" type="GErel">
        <subtype name="expression" value="--&gt;"/>
    </relation>
    <relation entry1="28" entry2="127" type="GErel">
        <subtype name="expression" value="--&gt;"/>
    </relation>
    <relation entry1="82" entry2="125" type="GErel">
        <subtype name="expression" value="--&gt;"/>
    </relation>
    <relation entry1="82" entry2="127" type="GErel">
        <subtype name="expression" value="--&gt;"/>
    </relation>
    <relation entry1="49" entry2="126" type="GErel">
        <subtype name="expression" value="--&gt;"/>
    </relation>
    <relation entry1="49" entry2="168" type="GErel">
        <subtype name="expression" value="--&gt;"/>
    </relation>
    <relation entry1="85" entry2="126" type="GErel">
        <subtype name="expression" value="--&gt;"/>
    </relation>
    <relation entry1="85" entry2="168" type="GErel">
        <subtype name="expression" value="--&gt;"/>
    </relation>
</pathway>
