<?xml version="1.0"?>
<!DOCTYPE pathway SYSTEM "https://www.kegg.jp/kegg/xml/KGML_v0.7.2_.dtd">
<!-- Creation date: Sep 26, 2022 15:28:15 +0900 (GMT+9) -->
<pathway name="path:hsa03266" org="hsa" number="03266"
         title="Virion - Herpesvirus"
         image="https://www.kegg.jp/kegg/pathway/hsa/hsa03266.png"
         link="https://www.kegg.jp/kegg-bin/show_pathway?hsa03266">
    <entry id="4" name="path:hsa03266" type="map"
        link="https://www.kegg.jp/dbget-bin/www_bget?hsa03266">
        <graphics name="TITLE:Virion - Herpesvirus" fgcolor="#000000" bgcolor="#FFFFFF"
             type="roundrectangle" x="134" y="58" width="187" height="25"/>
    </entry>
    <entry id="6" name="ko:K19255" type="ortholog"
        link="https://www.kegg.jp/dbget-bin/www_bget?K19255">
        <graphics name="K19255" fgcolor="#000000" bgcolor="#FFFFFF"
             type="rectangle" x="790" y="172" width="46" height="17"/>
    </entry>
    <entry id="7" name="ko:K19435" type="ortholog"
        link="https://www.kegg.jp/dbget-bin/www_bget?K19435">
        <graphics name="K19435" fgcolor="#000000" bgcolor="#FFFFFF"
             type="rectangle" x="790" y="194" width="46" height="17"/>
    </entry>
    <entry id="8" name="ko:K26014" type="ortholog"
        link="https://www.kegg.jp/dbget-bin/www_bget?K26014">
        <graphics name="K26014" fgcolor="#000000" bgcolor="#FFFFFF"
             type="rectangle" x="95" y="152" width="46" height="17"/>
    </entry>
    <entry id="9" name="ko:K26015" type="ortholog"
        link="https://www.kegg.jp/dbget-bin/www_bget?K26015">
        <graphics name="K26015" fgcolor="#000000" bgcolor="#FFFFFF"
             type="rectangle" x="95" y="176" width="46" height="16"/>
    </entry>
    <entry id="10" name="ko:K26016" type="ortholog"
        link="https://www.kegg.jp/dbget-bin/www_bget?K26016">
        <graphics name="K26016" fgcolor="#000000" bgcolor="#FFFFFF"
             type="rectangle" x="95" y="193" width="46" height="17"/>
    </entry>
    <entry id="11" name="ko:K26017" type="ortholog"
        link="https://www.kegg.jp/dbget-bin/www_bget?K26017">
        <graphics name="K26017" fgcolor="#000000" bgcolor="#FFFFFF"
             type="rectangle" x="95" y="241" width="46" height="16"/>
    </entry>
    <entry id="12" name="ko:K26018" type="ortholog"
        link="https://www.kegg.jp/dbget-bin/www_bget?K26018">
        <graphics name="K26018" fgcolor="#000000" bgcolor="#FFFFFF"
             type="rectangle" x="95" y="258" width="46" height="17"/>
    </entry>
    <entry id="13" name="ko:K26019" type="ortholog"
        link="https://www.kegg.jp/dbget-bin/www_bget?K26019">
        <graphics name="K26019" fgcolor="#000000" bgcolor="#FFFFFF"
             type="rectangle" x="96" y="408" width="46" height="17"/>
    </entry>
    <entry id="14" name="ko:K26020" type="ortholog"
        link="https://www.kegg.jp/dbget-bin/www_bget?K26020">
        <graphics name="K26020" fgcolor="#000000" bgcolor="#FFFFFF"
             type="rectangle" x="96" y="449" width="46" height="17"/>
    </entry>
    <entry id="15" name="ko:K21075" type="ortholog"
        link="https://www.kegg.jp/dbget-bin/www_bget?K21075">
        <graphics name="K21075" fgcolor="#000000" bgcolor="#FFFFFF"
             type="rectangle" x="135" y="553" width="46" height="17"/>
    </entry>
    <entry id="16" name="ko:K26021" type="ortholog"
        link="https://www.kegg.jp/dbget-bin/www_bget?K26021">
        <graphics name="K26021" fgcolor="#000000" bgcolor="#FFFFFF"
             type="rectangle" x="135" y="585" width="46" height="17"/>
    </entry>
    <entry id="17" name="ko:K26022" type="ortholog"
        link="https://www.kegg.jp/dbget-bin/www_bget?K26022">
        <graphics name="K26022" fgcolor="#000000" bgcolor="#FFFFFF"
             type="rectangle" x="135" y="623" width="46" height="16"/>
    </entry>
    <entry id="18" name="ko:K26023" type="ortholog"
        link="https://www.kegg.jp/dbget-bin/www_bget?K26023">
        <graphics name="K26023" fgcolor="#000000" bgcolor="#FFFFFF"
             type="rectangle" x="135" y="640" width="46" height="17"/>
    </entry>
    <entry id="19" name="ko:K19434" type="ortholog"
        link="https://www.kegg.jp/dbget-bin/www_bget?K19434">
        <graphics name="K19434" fgcolor="#000000" bgcolor="#FFFFFF"
             type="rectangle" x="790" y="211" width="46" height="17"/>
    </entry>
    <entry id="20" name="ko:K19257" type="ortholog"
        link="https://www.kegg.jp/dbget-bin/www_bget?K19257">
        <graphics name="K19257" fgcolor="#000000" bgcolor="#FFFFFF"
             type="rectangle" x="791" y="239" width="46" height="17"/>
    </entry>
    <entry id="21" name="ko:K26026" type="ortholog"
        link="https://www.kegg.jp/dbget-bin/www_bget?K26026">
        <graphics name="K26026" fgcolor="#000000" bgcolor="#FFFFFF"
             type="rectangle" x="791" y="262" width="46" height="17"/>
    </entry>
    <entry id="22" name="ko:K24958" type="ortholog"
        link="https://www.kegg.jp/dbget-bin/www_bget?K24958">
        <graphics name="K24958" fgcolor="#000000" bgcolor="#FFFFFF"
             type="rectangle" x="791" y="313" width="46" height="16"/>
    </entry>
    <entry id="23" name="ko:K26024" type="ortholog"
        link="https://www.kegg.jp/dbget-bin/www_bget?K26024">
        <graphics name="K26024" fgcolor="#000000" bgcolor="#FFFFFF"
             type="rectangle" x="791" y="330" width="46" height="17"/>
    </entry>
    <entry id="24" name="ko:K19264" type="ortholog"
        link="https://www.kegg.jp/dbget-bin/www_bget?K19264">
        <graphics name="K19264" fgcolor="#000000" bgcolor="#FFFFFF"
             type="rectangle" x="792" y="369" width="46" height="16"/>
    </entry>
    <entry id="25" name="ko:K19256" type="ortholog"
        link="https://www.kegg.jp/dbget-bin/www_bget?K19256">
        <graphics name="K19256" fgcolor="#000000" bgcolor="#FFFFFF"
             type="rectangle" x="792" y="397" width="46" height="17"/>
    </entry>
    <entry id="26" name="ko:K26027" type="ortholog"
        link="https://www.kegg.jp/dbget-bin/www_bget?K26027">
        <graphics name="K26027" fgcolor="#000000" bgcolor="#FFFFFF"
             type="rectangle" x="793" y="427" width="46" height="17"/>
    </entry>
    <entry id="27" name="ko:K23382" type="ortholog"
        link="https://www.kegg.jp/dbget-bin/www_bget?K23382">
        <graphics name="K23382" fgcolor="#000000" bgcolor="#FFFFFF"
             type="rectangle" x="793" y="455" width="46" height="16"/>
    </entry>
    <entry id="28" name="ko:K26028" type="ortholog"
        link="https://www.kegg.jp/dbget-bin/www_bget?K26028">
        <graphics name="K26028" fgcolor="#000000" bgcolor="#FFFFFF"
             type="rectangle" x="793" y="480" width="46" height="17"/>
    </entry>
    <entry id="29" name="hsa:3678" type="gene"
        link="https://www.kegg.jp/dbget-bin/www_bget?hsa:3678">
        <graphics name="ITGA5, CD49e, FNRA, VLA-5, VLA5A" fgcolor="#000000" bgcolor="#BFFFBF"
             type="rectangle" x="894" y="194" width="46" height="16"/>
    </entry>
    <entry id="30" name="hsa:3690" type="gene"
        link="https://www.kegg.jp/dbget-bin/www_bget?hsa:3690">
        <graphics name="ITGB3, BDPLT16, BDPLT2, BDPLT24, CD61, GP3A, GPIIIa, GT, GT2" fgcolor="#000000" bgcolor="#BFFFBF"
             type="rectangle" x="894" y="211" width="46" height="17"/>
    </entry>
    <entry id="31" name="hsa:29990 hsa:29992" type="gene"
        link="https://www.kegg.jp/dbget-bin/www_bget?hsa:29990+hsa:29992">
        <graphics name="PILRB, FDFACT1, FDFACT2..." fgcolor="#000000" bgcolor="#BFFFBF"
             type="rectangle" x="894" y="171" width="46" height="16"/>
    </entry>
    <entry id="32" name="hsa:3416" type="gene"
        link="https://www.kegg.jp/dbget-bin/www_bget?hsa:3416">
        <graphics name="IDE, INSULYSIN" fgcolor="#000000" bgcolor="#BFFFBF"
             type="rectangle" x="896" y="323" width="46" height="16"/>
    </entry>
    <entry id="33" name="hsa:8764" type="gene"
        link="https://www.kegg.jp/dbget-bin/www_bget?hsa:8764">
        <graphics name="TNFRSF14, ATAR, CD270, HVEA, HVEM, LIGHTR, TR2" fgcolor="#000000" bgcolor="#BFFFBF"
             type="rectangle" x="896" y="369" width="46" height="16"/>
    </entry>
    <entry id="34" name="hsa:5818" type="gene"
        link="https://www.kegg.jp/dbget-bin/www_bget?hsa:5818">
        <graphics name="NECTIN1, CD111, CLPED1, ED4, HIgR, HV1S, HVEC, OFC7, PRR, PRR1, PVRL1, PVRR, PVRR1, SK-12, nectin-1" fgcolor="#000000" bgcolor="#BFFFBF"
             type="rectangle" x="896" y="393" width="46" height="17"/>
    </entry>
    <entry id="35" name="hsa:3482" type="gene"
        link="https://www.kegg.jp/dbget-bin/www_bget?hsa:3482">
        <graphics name="IGF2R, CD222, CI-M6PR, CIMPR, M6P-R, M6P/IGF2R, MPR_300, MPR1, MPR300, MPRI" fgcolor="#000000" bgcolor="#BFFFBF"
             type="rectangle" x="896" y="441" width="46" height="17"/>
    </entry>
    <entry id="36" name="hsa:5819" type="gene"
        link="https://www.kegg.jp/dbget-bin/www_bget?hsa:5819">
        <graphics name="NECTIN2, CD112, HVEB, PRR2, PVRL2, PVRR2" fgcolor="#000000" bgcolor="#BFFFBF"
             type="rectangle" x="896" y="417" width="46" height="17"/>
    </entry>
    <entry id="40" name="ko:K19446" type="ortholog"
        link="https://www.kegg.jp/dbget-bin/www_bget?K19446">
        <graphics name="K19446" fgcolor="#000000" bgcolor="#FFFFFF"
             type="rectangle" x="793" y="629" width="46" height="17"/>
    </entry>
    <entry id="41" name="path:hsa05168" type="map"
        link="https://www.kegg.jp/dbget-bin/www_bget?hsa05168">
        <graphics name="Herpes simplex virus 1 infection" fgcolor="#000000" bgcolor="#FFFFFF"
             type="roundrectangle" x="673" y="694" width="130" height="34"/>
    </entry>
</pathway>
