<?xml version="1.0"?>
<!DOCTYPE pathway SYSTEM "https://www.kegg.jp/kegg/xml/KGML_v0.7.2_.dtd">
<!-- Creation date: Aug 11, 2021 19:25:21 +0900 (GMT+9) -->
<pathway name="path:hsa05012" org="hsa" number="05012"
         title="Parkinson disease"
         image="https://www.kegg.jp/kegg/pathway/hsa/hsa05012.png"
         link="https://www.kegg.jp/kegg-bin/show_pathway?hsa05012">
    <entry id="5" name="hsa:120892" type="gene"
        link="https://www.kegg.jp/dbget-bin/www_bget?hsa:120892">
        <graphics name="LRRK2, AURA17, DARDARIN, PARK8, RIPK7, ROCO2" fgcolor="#000000" bgcolor="#BFFFBF"
             type="rectangle" x="1180" y="963" width="46" height="17"/>
    </entry>
    <entry id="8" name="path:hsa04120" type="map"
        link="https://www.kegg.jp/dbget-bin/www_bget?hsa04120">
        <graphics name="Ubiquitin mediated proteolysis" fgcolor="#000000" bgcolor="#FFFFFF"
             type="roundrectangle" x="885" y="326" width="113" height="34"/>
    </entry>
    <entry id="9" name="path:hsa03050" type="map"
        link="https://www.kegg.jp/dbget-bin/www_bget?hsa03050">
        <graphics name="Proteasome" fgcolor="#000000" bgcolor="#FFFFFF"
             type="roundrectangle" x="1294" y="137" width="113" height="25"/>
    </entry>
    <entry id="10" name="path:hsa04210" type="map"
        link="https://www.kegg.jp/dbget-bin/www_bget?hsa04210">
        <graphics name="Apoptosis" fgcolor="#000000" bgcolor="#FFFFFF"
             type="roundrectangle" x="1414" y="1076" width="113" height="25"/>
    </entry>
    <entry id="11" name="hsa:7317 hsa:7318" type="gene"
        link="https://www.kegg.jp/dbget-bin/www_bget?hsa:7317+hsa:7318">
        <graphics name="UBA1, A1S9, A1S9T, A1ST, AMCX1, CFAP124, GXP1, POC20, SMAX2, UBA1A, UBE1, UBE1X, VEXAS..." fgcolor="#000000" bgcolor="#BFFFBF"
             type="rectangle" x="730" y="185" width="46" height="17"/>
    </entry>
    <entry id="12" name="hsa:6233 hsa:7311 hsa:7314 hsa:7316" type="gene"
        link="https://www.kegg.jp/dbget-bin/www_bget?hsa:6233+hsa:7311+hsa:7314+hsa:7316">
        <graphics name="RPS27A, CEP80, HEL112, S27A, UBA80, UBC, UBCEP1, UBCEP80..." fgcolor="#000000" bgcolor="#BFFFBF"
             type="rectangle" x="730" y="215" width="46" height="17"/>
    </entry>
    <entry id="13" name="hsa:7332 hsa:9246" type="gene"
        link="https://www.kegg.jp/dbget-bin/www_bget?hsa:7332+hsa:9246">
        <graphics name="UBE2L3, E2-F1, L-UBC, UBCH7, UbcM4..." fgcolor="#000000" bgcolor="#BFFFBF"
             type="rectangle" x="825" y="185" width="46" height="17"/>
    </entry>
    <entry id="14" name="hsa:6233 hsa:7311 hsa:7314 hsa:7316" type="gene"
        link="https://www.kegg.jp/dbget-bin/www_bget?hsa:6233+hsa:7311+hsa:7314+hsa:7316">
        <graphics name="RPS27A, CEP80, HEL112, S27A, UBA80, UBC, UBCEP1, UBCEP80..." fgcolor="#000000" bgcolor="#BFFFBF"
             type="rectangle" x="825" y="215" width="46" height="17"/>
    </entry>
    <entry id="15" name="hsa:5071" type="gene"
        link="https://www.kegg.jp/dbget-bin/www_bget?hsa:5071">
        <graphics name="PRKN, AR-JP, LPRS2, PARK2, PDJ" fgcolor="#000000" bgcolor="#BFFFBF"
             type="rectangle" x="996" y="227" width="46" height="17"/>
    </entry>
    <entry id="16" name="hsa:5413" type="gene"
        link="https://www.kegg.jp/dbget-bin/www_bget?hsa:5413">
        <graphics name="SEPTIN5, CDCREL, CDCREL-1, CDCREL1, H5, HCDCREL-1, PNUTL1, SEPT5" fgcolor="#000000" bgcolor="#BFFFBF"
             type="rectangle" x="1102" y="354" width="46" height="17"/>
    </entry>
    <entry id="17" name="hsa:9627" type="gene"
        link="https://www.kegg.jp/dbget-bin/www_bget?hsa:9627">
        <graphics name="SNCAIP, SYPH1, Sph1" fgcolor="#000000" bgcolor="#BFFFBF"
             type="rectangle" x="1102" y="385" width="46" height="17"/>
    </entry>
    <entry id="18" name="hsa:2861" type="gene"
        link="https://www.kegg.jp/dbget-bin/www_bget?hsa:2861">
        <graphics name="GPR37, EDNRBL, PAELR, hET(B)R-LP" fgcolor="#000000" bgcolor="#BFFFBF"
             type="rectangle" x="1102" y="322" width="46" height="17"/>
    </entry>
    <entry id="19" name="hsa:11315" type="gene"
        link="https://www.kegg.jp/dbget-bin/www_bget?hsa:11315">
        <graphics name="PARK7, DJ-1, DJ1, GATD2, HEL-S-67p" fgcolor="#000000" bgcolor="#BFFFBF"
             type="rectangle" x="1086" y="1303" width="46" height="17"/>
    </entry>
    <entry id="20" name="hsa:65018" type="gene"
        link="https://www.kegg.jp/dbget-bin/www_bget?hsa:65018">
        <graphics name="PINK1, BRPK, PARK6" fgcolor="#000000" bgcolor="#BFFFBF"
             type="rectangle" x="915" y="1183" width="46" height="17"/>
    </entry>
    <entry id="21" name="hsa:6622" type="gene"
        link="https://www.kegg.jp/dbget-bin/www_bget?hsa:6622">
        <graphics name="SNCA, NACP, PARK1, PARK4, PD1" fgcolor="#000000" bgcolor="#BFFFBF"
             type="rectangle" x="1185" y="271" width="46" height="17"/>
    </entry>
    <entry id="22" name="hsa:7345" type="gene"
        link="https://www.kegg.jp/dbget-bin/www_bget?hsa:7345">
        <graphics name="UCHL1, HEL-117, HEL-S-53, NDGOA, PARK5, PGP_9.5, PGP9.5, PGP95, SPG79, UCHL-1, Uch-L1" fgcolor="#000000" bgcolor="#BFFFBF"
             type="rectangle" x="825" y="439" width="46" height="17"/>
    </entry>
    <entry id="23" name="cpd:C04599" type="compound"
        link="https://www.kegg.jp/dbget-bin/www_bget?C04599">
        <graphics name="C04599" fgcolor="#000000" bgcolor="#FFFFFF"
             type="circle" x="511" y="950" width="8" height="8"/>
    </entry>
    <entry id="24" name="cpd:C07593" type="compound"
        link="https://www.kegg.jp/dbget-bin/www_bget?C07593">
        <graphics name="C07593" fgcolor="#000000" bgcolor="#FFFFFF"
             type="circle" x="543" y="989" width="8" height="8"/>
    </entry>
    <entry id="25" name="hsa:54205" type="gene"
        link="https://www.kegg.jp/dbget-bin/www_bget?hsa:54205">
        <graphics name="CYCS, CYC, HCS, THC4" fgcolor="#000000" bgcolor="#BFFFBF"
             type="rectangle" x="1318" y="1019" width="46" height="17"/>
    </entry>
    <entry id="26" name="hsa:100532726 hsa:126328 hsa:374291 hsa:4535 hsa:4536 hsa:4537 hsa:4538 hsa:4539 hsa:4540 hsa:4541 hsa:4694 hsa:4695 hsa:4696 hsa:4697 hsa:4698 hsa:4700 hsa:4701 hsa:4702 hsa:4704 hsa:4705 hsa:4706 hsa:4707 hsa:4708 hsa:4709 hsa:4710 hsa:4711 hsa:4712 hsa:4713 hsa:4714 hsa:4715 hsa:4716 hsa:4717 hsa:4718 hsa:4719 hsa:4720 hsa:4722 hsa:4723 hsa:4724 hsa:4725 hsa:4726 hsa:4728 hsa:4729 hsa:4731 hsa:51079 hsa:54539 hsa:55967 hsa:56901" type="gene"
        link="https://www.kegg.jp/dbget-bin/www_bget?hsa:100532726+hsa:126328+hsa:374291+hsa:4535+hsa:4536+hsa:4537+hsa:4538+hsa:4539+hsa:4540+hsa:4541+hsa:4694+hsa:4695+hsa:4696+hsa:4697+hsa:4698+hsa:4700+hsa:4701+hsa:4702+hsa:4704+hsa:4705+hsa:4706+hsa:4707+hsa:4708+hsa:4709+hsa:4710+hsa:4711+hsa:4712+hsa:4713+hsa:4714+hsa:4715+hsa:4716+hsa:4717+hsa:4718+hsa:4719+hsa:4720+hsa:4722+hsa:4723+hsa:4724+hsa:4725+hsa:4726+hsa:4728+hsa:4729+hsa:4731+hsa:51079+hsa:54539+hsa:55967+hsa:56901">
        <graphics name="NDUFC2-KCTD14..." fgcolor="#000000" bgcolor="#BFFFBF"
             type="rectangle" x="869" y="990" width="46" height="17"/>
    </entry>
    <entry id="27" name="hsa:6389 hsa:6390 hsa:6391 hsa:6392" type="gene"
        link="https://www.kegg.jp/dbget-bin/www_bget?hsa:6389+hsa:6390+hsa:6391+hsa:6392">
        <graphics name="SDHA, CMD1GG, FP, MC2DN1, NDAXOA, PGL5, SDH1, SDH2, SDHF..." fgcolor="#000000" bgcolor="#BFFFBF"
             type="rectangle" x="869" y="1025" width="46" height="17"/>
    </entry>
    <entry id="28" name="hsa:10975 hsa:1537 hsa:27089 hsa:29796 hsa:440567 hsa:4519 hsa:7381 hsa:7384 hsa:7385 hsa:7386 hsa:7388" type="gene"
        link="https://www.kegg.jp/dbget-bin/www_bget?hsa:10975+hsa:1537+hsa:27089+hsa:29796+hsa:440567+hsa:4519+hsa:7381+hsa:7384+hsa:7385+hsa:7386+hsa:7388">
        <graphics name="UQCR11, 0710008D09Rik, QCR10, UQCR..." fgcolor="#000000" bgcolor="#BFFFBF"
             type="rectangle" x="869" y="1056" width="46" height="17"/>
    </entry>
    <entry id="29" name="hsa:125965 hsa:1327 hsa:1329 hsa:1337 hsa:1339 hsa:1340 hsa:1345 hsa:1346 hsa:1347 hsa:1349 hsa:1350 hsa:1351 hsa:170712 hsa:341947 hsa:4512 hsa:4513 hsa:4514 hsa:84701 hsa:9167 hsa:9377" type="gene"
        link="https://www.kegg.jp/dbget-bin/www_bget?hsa:125965+hsa:1327+hsa:1329+hsa:1337+hsa:1339+hsa:1340+hsa:1345+hsa:1346+hsa:1347+hsa:1349+hsa:1350+hsa:1351+hsa:170712+hsa:341947+hsa:4512+hsa:4513+hsa:4514+hsa:84701+hsa:9167+hsa:9377">
        <graphics name="COX6B2, COXVIB2, CT59..." fgcolor="#000000" bgcolor="#BFFFBF"
             type="rectangle" x="869" y="1089" width="46" height="17"/>
    </entry>
    <entry id="30" name="hsa:10476 hsa:4508 hsa:4509 hsa:498 hsa:506 hsa:509 hsa:513 hsa:514 hsa:515 hsa:516 hsa:517 hsa:518 hsa:522 hsa:539" type="gene"
        link="https://www.kegg.jp/dbget-bin/www_bget?hsa:10476+hsa:4508+hsa:4509+hsa:498+hsa:506+hsa:509+hsa:513+hsa:514+hsa:515+hsa:516+hsa:517+hsa:518+hsa:522+hsa:539">
        <graphics name="ATP5PD, APT5H, ATP5H, ATPQ..." fgcolor="#000000" bgcolor="#BFFFBF"
             type="rectangle" x="869" y="1121" width="46" height="17"/>
    </entry>
    <entry id="31" name="hsa:27429" type="gene"
        link="https://www.kegg.jp/dbget-bin/www_bget?hsa:27429">
        <graphics name="HTRA2, MGCA8, OMI, PARK13, PRSS25" fgcolor="#000000" bgcolor="#BFFFBF"
             type="rectangle" x="1172" y="1009" width="46" height="17"/>
    </entry>
    <entry id="32" name="hsa:10105 hsa:291 hsa:292 hsa:293 hsa:7416 hsa:7417 hsa:7419 hsa:83447" type="gene"
        link="https://www.kegg.jp/dbget-bin/www_bget?hsa:10105+hsa:291+hsa:292+hsa:293+hsa:7416+hsa:7417+hsa:7419+hsa:83447">
        <graphics name="PPIF, CYP3, CyP-M, Cyp-D, CypD..." fgcolor="#000000" bgcolor="#BFFFBF"
             type="rectangle" x="1236" y="1073" width="46" height="17"/>
    </entry>
    <entry id="45" name="hsa:6233 hsa:7311 hsa:7314 hsa:7316" type="gene"
        link="https://www.kegg.jp/dbget-bin/www_bget?hsa:6233+hsa:7311+hsa:7314+hsa:7316">
        <graphics name="RPS27A, CEP80, HEL112, S27A, UBA80, UBC, UBCEP1, UBCEP80..." fgcolor="#000000" bgcolor="#BFFFBF"
             type="rectangle" x="911" y="395" width="46" height="17"/>
    </entry>
    <entry id="46" name="hsa:6233 hsa:7311 hsa:7314 hsa:7316" type="gene"
        link="https://www.kegg.jp/dbget-bin/www_bget?hsa:6233+hsa:7311+hsa:7314+hsa:7316">
        <graphics name="RPS27A, CEP80, HEL112, S27A, UBA80, UBC, UBCEP1, UBCEP80..." fgcolor="#000000" bgcolor="#BFFFBF"
             type="rectangle" x="911" y="423" width="46" height="17"/>
    </entry>
    <entry id="47" name="hsa:6233 hsa:7311 hsa:7314 hsa:7316" type="gene"
        link="https://www.kegg.jp/dbget-bin/www_bget?hsa:6233+hsa:7311+hsa:7314+hsa:7316">
        <graphics name="RPS27A, CEP80, HEL112, S27A, UBA80, UBC, UBCEP1, UBCEP80..." fgcolor="#000000" bgcolor="#BFFFBF"
             type="rectangle" x="911" y="450" width="46" height="17"/>
    </entry>
    <entry id="48" name="hsa:6233 hsa:7311 hsa:7314 hsa:7316" type="gene"
        link="https://www.kegg.jp/dbget-bin/www_bget?hsa:6233+hsa:7311+hsa:7314+hsa:7316">
        <graphics name="RPS27A, CEP80, HEL112, S27A, UBA80, UBC, UBCEP1, UBCEP80..." fgcolor="#000000" bgcolor="#BFFFBF"
             type="rectangle" x="730" y="393" width="46" height="17"/>
    </entry>
    <entry id="49" name="hsa:6233 hsa:7311 hsa:7314 hsa:7316" type="gene"
        link="https://www.kegg.jp/dbget-bin/www_bget?hsa:6233+hsa:7311+hsa:7314+hsa:7316">
        <graphics name="RPS27A, CEP80, HEL112, S27A, UBA80, UBC, UBCEP1, UBCEP80..." fgcolor="#000000" bgcolor="#BFFFBF"
             type="rectangle" x="730" y="423" width="46" height="17"/>
    </entry>
    <entry id="50" name="hsa:6233 hsa:7311 hsa:7314 hsa:7316" type="gene"
        link="https://www.kegg.jp/dbget-bin/www_bget?hsa:6233+hsa:7311+hsa:7314+hsa:7316">
        <graphics name="RPS27A, CEP80, HEL112, S27A, UBA80, UBC, UBCEP1, UBCEP80..." fgcolor="#000000" bgcolor="#BFFFBF"
             type="rectangle" x="730" y="453" width="46" height="17"/>
    </entry>
    <entry id="59" name="hsa:6233 hsa:7311 hsa:7314 hsa:7316" type="gene"
        link="https://www.kegg.jp/dbget-bin/www_bget?hsa:6233+hsa:7311+hsa:7314+hsa:7316">
        <graphics name="RPS27A, CEP80, HEL112, S27A, UBA80, UBC, UBCEP1, UBCEP80..." fgcolor="#000000" bgcolor="#BFFFBF"
             type="rectangle" x="1006" y="283" width="46" height="17"/>
    </entry>
    <entry id="60" name="hsa:6233 hsa:7311 hsa:7314 hsa:7316" type="gene"
        link="https://www.kegg.jp/dbget-bin/www_bget?hsa:6233+hsa:7311+hsa:7314+hsa:7316">
        <graphics name="RPS27A, CEP80, HEL112, S27A, UBA80, UBC, UBCEP1, UBCEP80..." fgcolor="#000000" bgcolor="#BFFFBF"
             type="rectangle" x="1006" y="314" width="46" height="17"/>
    </entry>
    <entry id="61" name="hsa:6233 hsa:7311 hsa:7314 hsa:7316" type="gene"
        link="https://www.kegg.jp/dbget-bin/www_bget?hsa:6233+hsa:7311+hsa:7314+hsa:7316">
        <graphics name="RPS27A, CEP80, HEL112, S27A, UBA80, UBC, UBCEP1, UBCEP80..." fgcolor="#000000" bgcolor="#BFFFBF"
             type="rectangle" x="1006" y="344" width="46" height="17"/>
    </entry>
    <entry id="80" name="cpd:C00002" type="compound"
        link="https://www.kegg.jp/dbget-bin/www_bget?C00002">
        <graphics name="C00002" fgcolor="#000000" bgcolor="#FFFFFF"
             type="circle" x="946" y="1138" width="8" height="8"/>
    </entry>
    <entry id="81" name="cpd:C00008" type="compound"
        link="https://www.kegg.jp/dbget-bin/www_bget?C00008">
        <graphics name="C00008" fgcolor="#000000" bgcolor="#FFFFFF"
             type="circle" x="928" y="1103" width="8" height="8"/>
    </entry>
    <entry id="82" name="cpd:C00009" type="compound"
        link="https://www.kegg.jp/dbget-bin/www_bget?C00009">
        <graphics name="C00009" fgcolor="#000000" bgcolor="#FFFFFF"
             type="circle" x="960" y="1103" width="8" height="8"/>
    </entry>
    <entry id="89" name="cpd:C03758" type="compound"
        link="https://www.kegg.jp/dbget-bin/www_bget?C03758">
        <graphics name="C03758" fgcolor="#000000" bgcolor="#FFFFFF"
             type="circle" x="1128" y="819" width="8" height="8"/>
    </entry>
    <entry id="98" name="cpd:C00704 cpd:C00027" type="compound"
        link="https://www.kegg.jp/dbget-bin/www_bget?C00704+C00027">
        <graphics name="C00704..." fgcolor="#000000" bgcolor="#FFFFFF"
             type="circle" x="1129" y="873" width="8" height="8"/>
    </entry>
    <entry id="100" name="cpd:C00002" type="compound"
        link="https://www.kegg.jp/dbget-bin/www_bget?C00002">
        <graphics name="C00002" fgcolor="#000000" bgcolor="#FFFFFF"
             type="circle" x="685" y="325" width="8" height="8"/>
    </entry>
    <entry id="101" name="cpd:C00020" type="compound"
        link="https://www.kegg.jp/dbget-bin/www_bget?C00020">
        <graphics name="C00020" fgcolor="#000000" bgcolor="#FFFFFF"
             type="circle" x="662" y="271" width="8" height="8"/>
    </entry>
    <entry id="102" name="cpd:C00013" type="compound"
        link="https://www.kegg.jp/dbget-bin/www_bget?C00013">
        <graphics name="C00013" fgcolor="#000000" bgcolor="#FFFFFF"
             type="circle" x="695" y="271" width="8" height="8"/>
    </entry>
    <entry id="104" name="cpd:C11310" type="compound"
        link="https://www.kegg.jp/dbget-bin/www_bget?C11310">
        <graphics name="C11310" fgcolor="#000000" bgcolor="#FFFFFF"
             type="circle" x="567" y="952" width="8" height="8"/>
    </entry>
    <entry id="122" name="path:hsa00190" type="map"
        link="https://www.kegg.jp/dbget-bin/www_bget?hsa00190">
        <graphics name="Oxidative phosphorylation" fgcolor="#000000" bgcolor="#FFFFFF"
             type="roundrectangle" x="760" y="1145" width="113" height="34"/>
    </entry>
    <entry id="124" name="cpd:C00002" type="compound"
        link="https://www.kegg.jp/dbget-bin/www_bget?C00002">
        <graphics name="C00002" fgcolor="#000000" bgcolor="#FFFFFF"
             type="circle" x="1121" y="139" width="8" height="8"/>
    </entry>
    <entry id="125" name="cpd:C00008" type="compound"
        link="https://www.kegg.jp/dbget-bin/www_bget?C00008">
        <graphics name="C00008" fgcolor="#000000" bgcolor="#FFFFFF"
             type="circle" x="1179" y="140" width="8" height="8"/>
    </entry>
    <entry id="126" name="cpd:C00009" type="compound"
        link="https://www.kegg.jp/dbget-bin/www_bget?C00009">
        <graphics name="C00009" fgcolor="#000000" bgcolor="#FFFFFF"
             type="circle" x="1208" y="140" width="8" height="8"/>
    </entry>
    <entry id="128" name="cpd:C00355" type="compound"
        link="https://www.kegg.jp/dbget-bin/www_bget?C00355">
        <graphics name="C00355" fgcolor="#000000" bgcolor="#FFFFFF"
             type="circle" x="1128" y="756" width="8" height="8"/>
    </entry>
    <entry id="139" name="hsa:118424 hsa:51465 hsa:7326 hsa:7327" type="gene"
        link="https://www.kegg.jp/dbget-bin/www_bget?hsa:118424+hsa:51465+hsa:7326+hsa:7327">
        <graphics name="UBE2J2, NCUBE-2, NCUBE2, PRO2121, UBC6..." fgcolor="#000000" bgcolor="#BFFFBF"
             type="rectangle" x="825" y="276" width="46" height="17"/>
    </entry>
    <entry id="142" name="path:hsa00350" type="map"
        link="https://www.kegg.jp/dbget-bin/www_bget?hsa00350">
        <graphics name="Tyrosine metabolism" fgcolor="#000000" bgcolor="#FFFFFF"
             type="roundrectangle" x="1353" y="720" width="113" height="34"/>
    </entry>
    <entry id="143" name="path:hsa05012" type="map"
        link="https://www.kegg.jp/dbget-bin/www_bget?hsa05012">
        <graphics name="TITLE:Parkinson disease" fgcolor="#000000" bgcolor="#FFFFFF"
             type="roundrectangle" x="130" y="58" width="180" height="25"/>
    </entry>
    <entry id="147" name="cpd:C00082" type="compound"
        link="https://www.kegg.jp/dbget-bin/www_bget?C00082">
        <graphics name="C00082" fgcolor="#000000" bgcolor="#FFFFFF"
             type="circle" x="1128" y="691" width="8" height="8"/>
    </entry>
    <entry id="149" name="hsa:7054" type="gene"
        link="https://www.kegg.jp/dbget-bin/www_bget?hsa:7054">
        <graphics name="TH, DYT14, DYT5b, TYH" fgcolor="#000000" bgcolor="#BFFFBF"
             type="rectangle" x="1164" y="720" width="46" height="17"/>
    </entry>
    <entry id="150" name="hsa:6531" type="gene"
        link="https://www.kegg.jp/dbget-bin/www_bget?hsa:6531">
        <graphics name="SLC6A3, DAT, DAT1, PKDYS, PKDYS1" fgcolor="#000000" bgcolor="#BFFFBF"
             type="rectangle" x="616" y="749" width="46" height="17"/>
    </entry>
    <entry id="152" name="hsa:842" type="gene"
        link="https://www.kegg.jp/dbget-bin/www_bget?hsa:842">
        <graphics name="CASP9, APAF-3, APAF3, ICE-LAP6, MCH6, PPP1R56" fgcolor="#000000" bgcolor="#BFFFBF"
             type="rectangle" x="1435" y="1019" width="46" height="17"/>
    </entry>
    <entry id="153" name="hsa:836" type="gene"
        link="https://www.kegg.jp/dbget-bin/www_bget?hsa:836">
        <graphics name="CASP3, CPP32, CPP32B, SCA-1" fgcolor="#000000" bgcolor="#BFFFBF"
             type="rectangle" x="1435" y="969" width="46" height="17"/>
    </entry>
    <entry id="155" name="hsa:317" type="gene"
        link="https://www.kegg.jp/dbget-bin/www_bget?hsa:317">
        <graphics name="APAF1, APAF-1, CED4" fgcolor="#000000" bgcolor="#BFFFBF"
             type="rectangle" x="1370" y="1048" width="46" height="17"/>
    </entry>
    <entry id="159" name="hsa:6570 hsa:6571" type="gene"
        link="https://www.kegg.jp/dbget-bin/www_bget?hsa:6570+hsa:6571">
        <graphics name="SLC18A1, CGAT, VAT1, VMAT1..." fgcolor="#000000" bgcolor="#BFFFBF"
             type="rectangle" x="909" y="863" width="46" height="17"/>
    </entry>
    <entry id="160" name="hsa:6531" type="gene"
        link="https://www.kegg.jp/dbget-bin/www_bget?hsa:6531">
        <graphics name="SLC6A3, DAT, DAT1, PKDYS, PKDYS1" fgcolor="#000000" bgcolor="#BFFFBF"
             type="rectangle" x="616" y="952" width="46" height="17"/>
    </entry>
    <entry id="163" name="path:hsa04728" type="map"
        link="https://www.kegg.jp/dbget-bin/www_bget?hsa04728">
        <graphics name="Dopaminergic synapse" fgcolor="#000000" bgcolor="#FFFFFF"
             type="roundrectangle" x="515" y="686" width="92" height="34"/>
    </entry>
    <entry id="168" name="hsa:135" type="gene"
        link="https://www.kegg.jp/dbget-bin/www_bget?hsa:135">
        <graphics name="ADORA2A, A2aR, ADORA2, RDC8" fgcolor="#000000" bgcolor="#BFFFBF"
             type="rectangle" x="407" y="648" width="46" height="17"/>
    </entry>
    <entry id="169" name="hsa:1813" type="gene"
        link="https://www.kegg.jp/dbget-bin/www_bget?hsa:1813">
        <graphics name="DRD2, D2DR, D2R" fgcolor="#000000" bgcolor="#BFFFBF"
             type="rectangle" x="407" y="743" width="46" height="17"/>
    </entry>
    <entry id="170" name="hsa:1812" type="gene"
        link="https://www.kegg.jp/dbget-bin/www_bget?hsa:1812">
        <graphics name="DRD1, DADR, DRD1A" fgcolor="#000000" bgcolor="#BFFFBF"
             type="rectangle" x="407" y="1023" width="46" height="17"/>
    </entry>
    <entry id="171" name="hsa:2774 hsa:2778" type="gene"
        link="https://www.kegg.jp/dbget-bin/www_bget?hsa:2774+hsa:2778">
        <graphics name="GNAL, DYT25, HG1O..." fgcolor="#000000" bgcolor="#BFFFBF"
             type="rectangle" x="330" y="648" width="46" height="17"/>
    </entry>
    <entry id="172" name="hsa:2770 hsa:2771 hsa:2773" type="gene"
        link="https://www.kegg.jp/dbget-bin/www_bget?hsa:2770+hsa:2771+hsa:2773">
        <graphics name="GNAI1, Gi, HG1B, NEDHISB..." fgcolor="#000000" bgcolor="#BFFFBF"
             type="rectangle" x="330" y="743" width="46" height="17"/>
    </entry>
    <entry id="173" name="hsa:2774 hsa:2778" type="gene"
        link="https://www.kegg.jp/dbget-bin/www_bget?hsa:2774+hsa:2778">
        <graphics name="GNAL, DYT25, HG1O..." fgcolor="#000000" bgcolor="#BFFFBF"
             type="rectangle" x="330" y="1023" width="46" height="17"/>
    </entry>
    <entry id="174" name="hsa:111" type="gene"
        link="https://www.kegg.jp/dbget-bin/www_bget?hsa:111">
        <graphics name="ADCY5, AC5, DSKOD, FDFM" fgcolor="#000000" bgcolor="#BFFFBF"
             type="rectangle" x="294" y="693" width="46" height="17"/>
    </entry>
    <entry id="175" name="hsa:111" type="gene"
        link="https://www.kegg.jp/dbget-bin/www_bget?hsa:111">
        <graphics name="ADCY5, AC5, DSKOD, FDFM" fgcolor="#000000" bgcolor="#BFFFBF"
             type="rectangle" x="294" y="982" width="46" height="17"/>
    </entry>
    <entry id="176" name="hsa:5566 hsa:5567 hsa:5568" type="gene"
        link="https://www.kegg.jp/dbget-bin/www_bget?hsa:5566+hsa:5567+hsa:5568">
        <graphics name="PRKACA, CAFD1, PKACA, PPNAD4..." fgcolor="#000000" bgcolor="#BFFFBF"
             type="rectangle" x="178" y="693" width="46" height="17"/>
    </entry>
    <entry id="177" name="hsa:5566 hsa:5567 hsa:5568" type="gene"
        link="https://www.kegg.jp/dbget-bin/www_bget?hsa:5566+hsa:5567+hsa:5568">
        <graphics name="PRKACA, CAFD1, PKACA, PPNAD4..." fgcolor="#000000" bgcolor="#BFFFBF"
             type="rectangle" x="178" y="982" width="46" height="17"/>
    </entry>
    <entry id="189" name="cpd:C03758" type="compound"
        link="https://www.kegg.jp/dbget-bin/www_bget?C03758">
        <graphics name="C03758" fgcolor="#000000" bgcolor="#FFFFFF"
             type="circle" x="568" y="831" width="8" height="8"/>
    </entry>
    <entry id="202" name="cpd:C00575" type="compound"
        link="https://www.kegg.jp/dbget-bin/www_bget?C00575">
        <graphics name="C00575" fgcolor="#000000" bgcolor="#FFFFFF"
             type="circle" x="236" y="692" width="8" height="8"/>
    </entry>
    <entry id="203" name="cpd:C00575" type="compound"
        link="https://www.kegg.jp/dbget-bin/www_bget?C00575">
        <graphics name="C00575" fgcolor="#000000" bgcolor="#FFFFFF"
             type="circle" x="236" y="981" width="8" height="8"/>
    </entry>
    <entry id="219" name="cpd:C00212" type="compound"
        link="https://www.kegg.jp/dbget-bin/www_bget?C00212">
        <graphics name="C00212" fgcolor="#000000" bgcolor="#FFFFFF"
             type="circle" x="465" y="647" width="8" height="8"/>
    </entry>
    <entry id="229" name="hsa:6622" type="gene"
        link="https://www.kegg.jp/dbget-bin/www_bget?hsa:6622">
        <graphics name="SNCA, NACP, PARK1, PARK4, PD1" fgcolor="#000000" bgcolor="#BFFFBF"
             type="rectangle" x="1250" y="720" width="46" height="17"/>
    </entry>
    <entry id="232" name="hsa:9451" type="gene"
        link="https://www.kegg.jp/dbget-bin/www_bget?hsa:9451">
        <graphics name="EIF2AK3, PEK, PERK, WRS" fgcolor="#000000" bgcolor="#BFFFBF"
             type="rectangle" x="1050" y="654" width="46" height="17"/>
    </entry>
    <entry id="233" name="hsa:2081" type="gene"
        link="https://www.kegg.jp/dbget-bin/www_bget?hsa:2081">
        <graphics name="ERN1, IRE1, IRE1P, IRE1a, hIRE1p" fgcolor="#000000" bgcolor="#BFFFBF"
             type="rectangle" x="1050" y="611" width="46" height="17"/>
    </entry>
    <entry id="234" name="hsa:22926" type="gene"
        link="https://www.kegg.jp/dbget-bin/www_bget?hsa:22926">
        <graphics name="ATF6, ACHM7, ATF6A" fgcolor="#000000" bgcolor="#BFFFBF"
             type="rectangle" x="1050" y="567" width="46" height="17"/>
    </entry>
    <entry id="235" name="path:hsa04141" type="map"
        link="https://www.kegg.jp/dbget-bin/www_bget?hsa04141">
        <graphics name="Protein processing in endoplasmic reticulum" fgcolor="#000000" bgcolor="#FFFFFF"
             type="roundrectangle" x="1167" y="527" width="151" height="34"/>
    </entry>
    <entry id="236" name="hsa:1965" type="gene"
        link="https://www.kegg.jp/dbget-bin/www_bget?hsa:1965">
        <graphics name="EIF2S1, EIF-2, EIF-2A, EIF-2alpha, EIF2, EIF2A" fgcolor="#000000" bgcolor="#BFFFBF"
             type="rectangle" x="1135" y="654" width="46" height="17"/>
    </entry>
    <entry id="237" name="hsa:468" type="gene"
        link="https://www.kegg.jp/dbget-bin/www_bget?hsa:468">
        <graphics name="ATF4, CREB-2, CREB2, TAXREB67, TXREB" fgcolor="#000000" bgcolor="#BFFFBF"
             type="rectangle" x="1219" y="654" width="46" height="17"/>
    </entry>
    <entry id="241" name="hsa:7494" type="gene"
        link="https://www.kegg.jp/dbget-bin/www_bget?hsa:7494">
        <graphics name="XBP1, TREB-5, TREB5, XBP-1, XBP2" fgcolor="#000000" bgcolor="#BFFFBF"
             type="rectangle" x="1219" y="611" width="46" height="17"/>
    </entry>
    <entry id="243" name="hsa:1649" type="gene"
        link="https://www.kegg.jp/dbget-bin/www_bget?hsa:1649">
        <graphics name="DDIT3, AltDDIT3, C/EBPzeta, CEBPZ, CHOP, CHOP-10, CHOP10, GADD153" fgcolor="#000000" bgcolor="#BFFFBF"
             type="rectangle" x="1394" y="567" width="46" height="17"/>
    </entry>
    <entry id="244" name="hsa:1649" type="gene"
        link="https://www.kegg.jp/dbget-bin/www_bget?hsa:1649">
        <graphics name="DDIT3, AltDDIT3, C/EBPzeta, CEBPZ, CHOP, CHOP-10, CHOP10, GADD153" fgcolor="#000000" bgcolor="#BFFFBF"
             type="rectangle" x="1394" y="654" width="46" height="17"/>
    </entry>
    <entry id="248" name="hsa:3309" type="gene"
        link="https://www.kegg.jp/dbget-bin/www_bget?hsa:3309">
        <graphics name="HSPA5, BIP, GRP78, HEL-S-89n" fgcolor="#000000" bgcolor="#BFFFBF"
             type="rectangle" x="980" y="611" width="46" height="17"/>
    </entry>
    <entry id="255" name="hsa:6622" type="gene"
        link="https://www.kegg.jp/dbget-bin/www_bget?hsa:6622">
        <graphics name="SNCA, NACP, PARK1, PARK4, PD1" fgcolor="#000000" bgcolor="#BFFFBF"
             type="rectangle" x="947" y="571" width="46" height="17"/>
    </entry>
    <entry id="260" name="hsa:143471 hsa:5682 hsa:5683 hsa:5684 hsa:5685 hsa:5686 hsa:5687 hsa:5688 hsa:5689 hsa:5690 hsa:5691 hsa:5692 hsa:5693 hsa:5694 hsa:5695" type="gene"
        link="https://www.kegg.jp/dbget-bin/www_bget?hsa:143471+hsa:5682+hsa:5683+hsa:5684+hsa:5685+hsa:5686+hsa:5687+hsa:5688+hsa:5689+hsa:5690+hsa:5691+hsa:5692+hsa:5693+hsa:5694+hsa:5695">
        <graphics name="PSMA8, PSMA7L..." fgcolor="#000000" bgcolor="#BFFFBF"
             type="rectangle" x="1292" y="176" width="46" height="17"/>
    </entry>
    <entry id="261" name="hsa:10213 hsa:11047 hsa:5700 hsa:5701 hsa:5702 hsa:5704 hsa:5705 hsa:5706 hsa:5707 hsa:5708 hsa:5709 hsa:5710 hsa:5713 hsa:5714 hsa:5715 hsa:5717 hsa:5718 hsa:5719 hsa:7979 hsa:9861" type="gene"
        link="https://www.kegg.jp/dbget-bin/www_bget?hsa:10213+hsa:11047+hsa:5700+hsa:5701+hsa:5702+hsa:5704+hsa:5705+hsa:5706+hsa:5707+hsa:5708+hsa:5709+hsa:5710+hsa:5713+hsa:5714+hsa:5715+hsa:5717+hsa:5718+hsa:5719+hsa:7979+hsa:9861">
        <graphics name="PSMD14, PAD1, POH1, RPN11..." fgcolor="#000000" bgcolor="#BFFFBF"
             type="rectangle" x="1292" y="193" width="46" height="17"/>
    </entry>
    <entry id="264" name="cpd:C01245" type="compound"
        link="https://www.kegg.jp/dbget-bin/www_bget?C01245">
        <graphics name="C01245" fgcolor="#000000" bgcolor="#FFFFFF"
             type="circle" x="842" y="656" width="8" height="8"/>
    </entry>
    <entry id="265" name="cpd:C00076" type="compound"
        link="https://www.kegg.jp/dbget-bin/www_bget?C00076">
        <graphics name="C00076" fgcolor="#000000" bgcolor="#FFFFFF"
             type="circle" x="795" y="613" width="8" height="8"/>
    </entry>
    <entry id="266" name="cpd:C00165" type="compound"
        link="https://www.kegg.jp/dbget-bin/www_bget?C00165">
        <graphics name="C00165" fgcolor="#000000" bgcolor="#FFFFFF"
             type="circle" x="844" y="693" width="8" height="8"/>
    </entry>
    <entry id="267" name="hsa:3708 hsa:3709 hsa:3710" type="gene"
        link="https://www.kegg.jp/dbget-bin/www_bget?hsa:3708+hsa:3709+hsa:3710">
        <graphics name="ITPR1, ACV, CLA4, INSP3R1, IP3R, IP3R1, PPP1R94, SCA15, SCA16, SCA29..." fgcolor="#000000" bgcolor="#BFFFBF"
             type="rectangle" x="878" y="627" width="46" height="17"/>
    </entry>
    <entry id="268" name="path:hsa04020" type="map"
        link="https://www.kegg.jp/dbget-bin/www_bget?hsa04020">
        <graphics name="Calcium signaling pathway" fgcolor="#000000" bgcolor="#FFFFFF"
             type="roundrectangle" x="704" y="639" width="101" height="34"/>
    </entry>
    <entry id="271" name="hsa:5335" type="gene"
        link="https://www.kegg.jp/dbget-bin/www_bget?hsa:5335">
        <graphics name="PLCG1, NCKAP3, PLC-II, PLC1, PLC148, PLCgamma1" fgcolor="#000000" bgcolor="#BFFFBF"
             type="rectangle" x="781" y="683" width="46" height="17"/>
    </entry>
    <entry id="272" name="hsa:6622" type="gene"
        link="https://www.kegg.jp/dbget-bin/www_bget?hsa:6622">
        <graphics name="SNCA, NACP, PARK1, PARK4, PD1" fgcolor="#000000" bgcolor="#BFFFBF"
             type="rectangle" x="616" y="608" width="46" height="17"/>
    </entry>
    <entry id="273" name="hsa:5071" type="gene"
        link="https://www.kegg.jp/dbget-bin/www_bget?hsa:5071">
        <graphics name="PRKN, AR-JP, LPRS2, PARK2, PDJ" fgcolor="#000000" bgcolor="#BFFFBF"
             type="rectangle" x="679" y="683" width="46" height="17"/>
    </entry>
    <entry id="276" name="cpd:C00076" type="compound"
        link="https://www.kegg.jp/dbget-bin/www_bget?C00076">
        <graphics name="C00076" fgcolor="#000000" bgcolor="#FFFFFF"
             type="circle" x="560" y="607" width="8" height="8"/>
    </entry>
    <entry id="278" name="hsa:163688 hsa:51806 hsa:801 hsa:805 hsa:808 hsa:810 hsa:91860" type="gene"
        link="https://www.kegg.jp/dbget-bin/www_bget?hsa:163688+hsa:51806+hsa:801+hsa:805+hsa:808+hsa:810+hsa:91860">
        <graphics name="CALML6, CAGLP..." fgcolor="#000000" bgcolor="#BFFFBF"
             type="rectangle" x="740" y="512" width="46" height="17"/>
    </entry>
    <entry id="279" name="hsa:815 hsa:816 hsa:817 hsa:818" type="gene"
        link="https://www.kegg.jp/dbget-bin/www_bget?hsa:815+hsa:816+hsa:817+hsa:818">
        <graphics name="CAMK2A, CAMKA, CaMKIINalpha, CaMKIIalpha, MRD53, MRT63..." fgcolor="#000000" bgcolor="#BFFFBF"
             type="rectangle" x="818" y="512" width="46" height="17"/>
    </entry>
    <entry id="280" name="hsa:4137" type="gene"
        link="https://www.kegg.jp/dbget-bin/www_bget?hsa:4137">
        <graphics name="MAPT, DDPAC, FTDP-17, MAPTL, MSTD, MTBT1, MTBT2, PPND, PPP1R103, TAU, tau-40" fgcolor="#000000" bgcolor="#BFFFBF"
             type="rectangle" x="896" y="512" width="46" height="17"/>
    </entry>
    <entry id="284" name="hsa:6263" type="gene"
        link="https://www.kegg.jp/dbget-bin/www_bget?hsa:6263">
        <graphics name="RYR3, RYR-3" fgcolor="#000000" bgcolor="#BFFFBF"
             type="rectangle" x="878" y="599" width="46" height="17"/>
    </entry>
    <entry id="292" name="hsa:147700 hsa:3798 hsa:3799 hsa:3800 hsa:3831 hsa:64837 hsa:89953" type="gene"
        link="https://www.kegg.jp/dbget-bin/www_bget?hsa:147700+hsa:3798+hsa:3799+hsa:3800+hsa:3831+hsa:64837+hsa:89953">
        <graphics name="KLC3, KLC2, KLC2L, KLCt, KNS2B..." fgcolor="#000000" bgcolor="#BFFFBF"
             type="rectangle" x="840" y="1338" width="46" height="17"/>
    </entry>
    <entry id="295" name="hsa:10376 hsa:112714 hsa:113457 hsa:51807 hsa:7277 hsa:7278 hsa:7846 hsa:79861 hsa:84790" type="gene"
        link="https://www.kegg.jp/dbget-bin/www_bget?hsa:10376+hsa:112714+hsa:113457+hsa:51807+hsa:7277+hsa:7278+hsa:7846+hsa:79861+hsa:84790">
        <graphics name="TUBA1B, K-ALPHA-1..." fgcolor="#000000" bgcolor="#BFFFBF"
             type="rectangle" x="751" y="1359" width="46" height="17"/>
    </entry>
    <entry id="296" name="hsa:10381 hsa:10382 hsa:10383 hsa:203068 hsa:347688 hsa:347733 hsa:7280 hsa:81027 hsa:84617" type="gene"
        link="https://www.kegg.jp/dbget-bin/www_bget?hsa:10381+hsa:10382+hsa:10383+hsa:203068+hsa:347688+hsa:347733+hsa:7280+hsa:81027+hsa:84617">
        <graphics name="TUBB3, CDCBM, CDCBM1, CFEOM3, CFEOM3A, FEOM3, TUBB4, beta-4..." fgcolor="#000000" bgcolor="#BFFFBF"
             type="rectangle" x="797" y="1359" width="46" height="17"/>
    </entry>
    <entry id="300" name="hsa:6622" type="gene"
        link="https://www.kegg.jp/dbget-bin/www_bget?hsa:6622">
        <graphics name="SNCA, NACP, PARK1, PARK4, PD1" fgcolor="#000000" bgcolor="#BFFFBF"
             type="rectangle" x="755" y="1323" width="46" height="17"/>
    </entry>
    <entry id="303" name="cpd:C15231" type="compound"
        link="https://www.kegg.jp/dbget-bin/www_bget?C15231">
        <graphics name="C15231" fgcolor="#000000" bgcolor="#FFFFFF"
             type="circle" x="543" y="1055" width="8" height="8"/>
    </entry>
    <entry id="304" name="hsa:65018" type="gene"
        link="https://www.kegg.jp/dbget-bin/www_bget?hsa:65018">
        <graphics name="PINK1, BRPK, PARK6" fgcolor="#000000" bgcolor="#BFFFBF"
             type="rectangle" x="762" y="1006" width="46" height="17"/>
    </entry>
    <entry id="307" name="hsa:5071" type="gene"
        link="https://www.kegg.jp/dbget-bin/www_bget?hsa:5071">
        <graphics name="PRKN, AR-JP, LPRS2, PARK2, PDJ" fgcolor="#000000" bgcolor="#BFFFBF"
             type="rectangle" x="1006" y="1192" width="46" height="17"/>
    </entry>
    <entry id="308" name="path:hsa04137" type="map"
        link="https://www.kegg.jp/dbget-bin/www_bget?hsa04137">
        <graphics name="Mitophagy - animal" fgcolor="#000000" bgcolor="#FFFFFF"
             type="roundrectangle" x="910" y="1221" width="113" height="25"/>
    </entry>
    <entry id="314" name="hsa:65018" type="gene"
        link="https://www.kegg.jp/dbget-bin/www_bget?hsa:65018">
        <graphics name="PINK1, BRPK, PARK6" fgcolor="#000000" bgcolor="#BFFFBF"
             type="rectangle" x="1250" y="1149" width="46" height="17"/>
    </entry>
    <entry id="315" name="hsa:5071" type="gene"
        link="https://www.kegg.jp/dbget-bin/www_bget?hsa:5071">
        <graphics name="PRKN, AR-JP, LPRS2, PARK2, PDJ" fgcolor="#000000" bgcolor="#BFFFBF"
             type="rectangle" x="1330" y="1129" width="46" height="17"/>
    </entry>
    <entry id="316" name="hsa:581" type="gene"
        link="https://www.kegg.jp/dbget-bin/www_bget?hsa:581">
        <graphics name="BAX, BCL2L4" fgcolor="#000000" bgcolor="#BFFFBF"
             type="rectangle" x="1250" y="1104" width="46" height="17"/>
    </entry>
    <entry id="323" name="hsa:6622" type="gene"
        link="https://www.kegg.jp/dbget-bin/www_bget?hsa:6622">
        <graphics name="SNCA, NACP, PARK1, PARK4, PD1" fgcolor="#000000" bgcolor="#BFFFBF"
             type="rectangle" x="844" y="950" width="46" height="17"/>
    </entry>
    <entry id="326" name="hsa:11315" type="gene"
        link="https://www.kegg.jp/dbget-bin/www_bget?hsa:11315">
        <graphics name="PARK7, DJ-1, DJ1, GATD2, HEL-S-67p" fgcolor="#000000" bgcolor="#BFFFBF"
             type="rectangle" x="1143" y="1139" width="46" height="17"/>
    </entry>
    <entry id="327" name="hsa:598" type="gene"
        link="https://www.kegg.jp/dbget-bin/www_bget?hsa:598">
        <graphics name="BCL2L1, BCL-XL/S, BCL2L, BCLX, Bcl-X, PPP1R52" fgcolor="#000000" bgcolor="#BFFFBF"
             type="rectangle" x="1185" y="1183" width="46" height="17"/>
    </entry>
    <entry id="332" name="hsa:10131" type="gene"
        link="https://www.kegg.jp/dbget-bin/www_bget?hsa:10131">
        <graphics name="TRAP1, HSP_75, HSP75, HSP90L, TRAP-1" fgcolor="#000000" bgcolor="#BFFFBF"
             type="rectangle" x="1172" y="1030" width="46" height="17"/>
    </entry>
    <entry id="335" name="hsa:65018" type="gene"
        link="https://www.kegg.jp/dbget-bin/www_bget?hsa:65018">
        <graphics name="PINK1, BRPK, PARK6" fgcolor="#000000" bgcolor="#BFFFBF"
             type="rectangle" x="1250" y="984" width="46" height="17"/>
    </entry>
    <entry id="338" name="hsa:7157" type="gene"
        link="https://www.kegg.jp/dbget-bin/www_bget?hsa:7157">
        <graphics name="TP53, BCC7, BMFS5, LFS1, P53, TRP53" fgcolor="#000000" bgcolor="#BFFFBF"
             type="rectangle" x="1352" y="1330" width="46" height="17"/>
    </entry>
    <entry id="343" name="hsa:1616" type="gene"
        link="https://www.kegg.jp/dbget-bin/www_bget?hsa:1616">
        <graphics name="DAXX, BING2, DAP6, EAP1, SMIM40" fgcolor="#000000" bgcolor="#BFFFBF"
             type="rectangle" x="1156" y="1406" width="46" height="17"/>
    </entry>
    <entry id="344" name="hsa:4217" type="gene"
        link="https://www.kegg.jp/dbget-bin/www_bget?hsa:4217">
        <graphics name="MAP3K5, ASK1, MAPKKK5, MEKK5" fgcolor="#000000" bgcolor="#BFFFBF"
             type="rectangle" x="1156" y="1423" width="46" height="17"/>
    </entry>
    <entry id="345" name="hsa:5599 hsa:5601 hsa:5602" type="gene"
        link="https://www.kegg.jp/dbget-bin/www_bget?hsa:5599+hsa:5601+hsa:5602">
        <graphics name="MAPK8, JNK, JNK-46, JNK1, JNK1A2, JNK21B1/2, PRKM8, SAPK1, SAPK1c..." fgcolor="#000000" bgcolor="#BFFFBF"
             type="rectangle" x="1240" y="1415" width="46" height="17"/>
    </entry>
    <entry id="347" name="hsa:4780" type="gene"
        link="https://www.kegg.jp/dbget-bin/www_bget?hsa:4780">
        <graphics name="NFE2L2, HEBP1, IMDDHH, NRF2, Nrf-2" fgcolor="#000000" bgcolor="#BFFFBF"
             type="rectangle" x="1352" y="1372" width="46" height="17"/>
    </entry>
    <entry id="361" name="hsa:1843" type="gene"
        link="https://www.kegg.jp/dbget-bin/www_bget?hsa:1843">
        <graphics name="DUSP1, CL100, HVH1, MKP-1, MKP1, PTPN10" fgcolor="#000000" bgcolor="#BFFFBF"
             type="rectangle" x="1467" y="1330" width="46" height="17"/>
    </entry>
    <entry id="362" name="hsa:25828 hsa:7295" type="gene"
        link="https://www.kegg.jp/dbget-bin/www_bget?hsa:25828+hsa:7295">
        <graphics name="TXN2, COXPD29, MT-TRX, MTRX, TRX2, TXN..." fgcolor="#000000" bgcolor="#BFFFBF"
             type="rectangle" x="1467" y="1372" width="46" height="17"/>
    </entry>
    <entry id="364" name="hsa:6570 hsa:6571" type="gene"
        link="https://www.kegg.jp/dbget-bin/www_bget?hsa:6570+hsa:6571">
        <graphics name="SLC18A1, CGAT, VAT1, VMAT1..." fgcolor="#000000" bgcolor="#BFFFBF"
             type="rectangle" x="951" y="810" width="46" height="17"/>
    </entry>
    <entry id="365" name="hsa:6622" type="gene"
        link="https://www.kegg.jp/dbget-bin/www_bget?hsa:6622">
        <graphics name="SNCA, NACP, PARK1, PARK4, PD1" fgcolor="#000000" bgcolor="#BFFFBF"
             type="rectangle" x="998" y="773" width="46" height="17"/>
    </entry>
    <entry id="368" name="hsa:5071" type="gene"
        link="https://www.kegg.jp/dbget-bin/www_bget?hsa:5071">
        <graphics name="PRKN, AR-JP, LPRS2, PARK2, PDJ" fgcolor="#000000" bgcolor="#BFFFBF"
             type="rectangle" x="798" y="776" width="46" height="17"/>
    </entry>
    <entry id="372" name="cpd:C17755" type="compound"
        link="https://www.kegg.jp/dbget-bin/www_bget?C17755">
        <graphics name="C17755" fgcolor="#000000" bgcolor="#FFFFFF"
             type="circle" x="1235" y="819" width="8" height="8"/>
    </entry>
    <entry id="374" name="hsa:4128 hsa:4129" type="gene"
        link="https://www.kegg.jp/dbget-bin/www_bget?hsa:4128+hsa:4129">
        <graphics name="MAOA, BRNRS, MAO-A..." fgcolor="#000000" bgcolor="#BFFFBF"
             type="rectangle" x="1196" y="782" width="46" height="17"/>
    </entry>
    <entry id="375" name="hsa:5071" type="gene"
        link="https://www.kegg.jp/dbget-bin/www_bget?hsa:5071">
        <graphics name="PRKN, AR-JP, LPRS2, PARK2, PDJ" fgcolor="#000000" bgcolor="#BFFFBF"
             type="rectangle" x="1231" y="747" width="46" height="17"/>
    </entry>
    <entry id="382" name="hsa:90550" type="gene"
        link="https://www.kegg.jp/dbget-bin/www_bget?hsa:90550">
        <graphics name="MCU, C10orf42, CCDC109A, HsMCU" fgcolor="#000000" bgcolor="#BFFFBF"
             type="rectangle" x="965" y="966" width="46" height="17"/>
    </entry>
    <entry id="383" name="cpd:C00076" type="compound"
        link="https://www.kegg.jp/dbget-bin/www_bget?C00076">
        <graphics name="C00076" fgcolor="#000000" bgcolor="#FFFFFF"
             type="circle" x="966" y="914" width="8" height="8"/>
    </entry>
    <entry id="398" name="hsa:55669 hsa:9927" type="gene"
        link="https://www.kegg.jp/dbget-bin/www_bget?hsa:55669+hsa:9927">
        <graphics name="MFN1, hfzo1, hfzo2..." fgcolor="#000000" bgcolor="#BFFFBF"
             type="rectangle" x="1089" y="1183" width="46" height="17"/>
    </entry>
    <entry id="402" name="hsa:6622" type="gene"
        link="https://www.kegg.jp/dbget-bin/www_bget?hsa:6622">
        <graphics name="SNCA, NACP, PARK1, PARK4, PD1" fgcolor="#000000" bgcolor="#BFFFBF"
             type="rectangle" x="1102" y="290" width="46" height="17"/>
    </entry>
    <entry id="404" name="cpd:C04043" type="compound"
        link="https://www.kegg.jp/dbget-bin/www_bget?C04043">
        <graphics name="C04043" fgcolor="#000000" bgcolor="#FFFFFF"
             type="circle" x="1235" y="795" width="8" height="8"/>
    </entry>
    <entry id="706" name="cpd:C14701" type="compound"
        link="https://www.kegg.jp/dbget-bin/www_bget?C14701">
        <graphics name="C14701" fgcolor="#000000" bgcolor="none"
             type="circle" x="544" y="1419" width="8" height="8"/>
    </entry>
    <entry id="707" name="cpd:C14701" type="compound"
        link="https://www.kegg.jp/dbget-bin/www_bget?C14701">
        <graphics name="C14701" fgcolor="#000000" bgcolor="#FFFFFF"
             type="circle" x="885" y="1420" width="8" height="8"/>
    </entry>
    <entry id="708" name="cpd:C14701" type="compound"
        link="https://www.kegg.jp/dbget-bin/www_bget?C14701">
        <graphics name="C14701" fgcolor="#000000" bgcolor="#FFFFFF"
             type="circle" x="885" y="1492" width="8" height="8"/>
    </entry>
    <entry id="711" name="hsa:6531" type="gene"
        link="https://www.kegg.jp/dbget-bin/www_bget?hsa:6531">
        <graphics name="SLC6A3, DAT, DAT1, PKDYS, PKDYS1" fgcolor="#000000" bgcolor="#BFFFBF"
             type="rectangle" x="616" y="1422" width="46" height="17"/>
    </entry>
    <entry id="712" name="cpd:C00704" type="compound"
        link="https://www.kegg.jp/dbget-bin/www_bget?C00704">
        <graphics name="C00704" fgcolor="#000000" bgcolor="#FFFFFF"
             type="circle" x="939" y="1420" width="8" height="8"/>
    </entry>
    <entry id="713" name="cpd:C00007" type="compound"
        link="https://www.kegg.jp/dbget-bin/www_bget?C00007">
        <graphics name="C00007" fgcolor="#000000" bgcolor="#FFFFFF"
             type="circle" x="943" y="1492" width="8" height="8"/>
    </entry>
    <entry id="714" name="hsa:9817" type="gene"
        link="https://www.kegg.jp/dbget-bin/www_bget?hsa:9817">
        <graphics name="KEAP1, INrf2, KLHL19" fgcolor="#000000" bgcolor="#BFFFBF"
             type="rectangle" x="1239" y="1372" width="46" height="17"/>
    </entry>
    <entry id="715" name="hsa:25828 hsa:7295" type="gene"
        link="https://www.kegg.jp/dbget-bin/www_bget?hsa:25828+hsa:7295">
        <graphics name="TXN2, COXPD29, MT-TRX, MTRX, TRX2, TXN..." fgcolor="#000000" bgcolor="#BFFFBF"
             type="rectangle" x="1140" y="1469" width="46" height="17"/>
    </entry>
    <entry id="724" name="hsa:201266 hsa:221074 hsa:23516 hsa:25800 hsa:27173 hsa:283375 hsa:29985 hsa:29986 hsa:4891 hsa:55334 hsa:55630 hsa:57181 hsa:64116 hsa:7922 hsa:91252" type="gene"
        link="https://www.kegg.jp/dbget-bin/www_bget?hsa:201266+hsa:221074+hsa:23516+hsa:25800+hsa:27173+hsa:283375+hsa:29985+hsa:29986+hsa:4891+hsa:55334+hsa:55630+hsa:57181+hsa:64116+hsa:7922+hsa:91252">
        <graphics name="SLC39A11, C17orf26, ZIP-11, ZIP11..." fgcolor="#000000" bgcolor="#BFFFBF"
             type="rectangle" x="616" y="1026" width="46" height="17"/>
    </entry>
    <entry id="727" name="cpd:C00027" type="compound"
        link="https://www.kegg.jp/dbget-bin/www_bget?C00027">
        <graphics name="C00027" fgcolor="#000000" bgcolor="#FFFFFF"
             type="circle" x="1000" y="1420" width="8" height="8"/>
    </entry>
    <entry id="728" name="cpd:C16844" type="compound"
        link="https://www.kegg.jp/dbget-bin/www_bget?C16844">
        <graphics name="C16844" fgcolor="#000000" bgcolor="#FFFFFF"
             type="circle" x="1057" y="1420" width="8" height="8"/>
    </entry>
    <entry id="732" name="cpd:C22381" type="compound"
        link="https://www.kegg.jp/dbget-bin/www_bget?C22381">
        <graphics name="C22381" fgcolor="#000000" bgcolor="#FFFFFF"
             type="circle" x="1082" y="1370" width="8" height="8"/>
    </entry>
    <entry id="735" name="hsa:6647" type="gene"
        link="https://www.kegg.jp/dbget-bin/www_bget?hsa:6647">
        <graphics name="SOD1, ALS, ALS1, HEL-S-44, IPOA, SOD, STAHP, hSod1, homodimer" fgcolor="#000000" bgcolor="#BFFFBF"
             type="rectangle" x="967" y="1438" width="46" height="17"/>
    </entry>
    <entry id="742" name="cpd:C00034" type="compound"
        link="https://www.kegg.jp/dbget-bin/www_bget?C00034">
        <graphics name="C00034" fgcolor="#000000" bgcolor="#FFFFFF"
             type="circle" x="543" y="1025" width="8" height="8"/>
    </entry>
    <entry id="743" name="undefined" type="group">
        <graphics fgcolor="#000000" bgcolor="#FFFFFF"
             type="rectangle" x="1292" y="184" width="46" height="34"/>
        <component id="260"/>
        <component id="261"/>
    </entry>
    <entry id="744" name="undefined" type="group">
        <graphics fgcolor="#000000" bgcolor="#FFFFFF"
             type="rectangle" x="1156" y="1414" width="46" height="34"/>
        <component id="343"/>
        <component id="344"/>
    </entry>
    <relation entry1="219" entry2="168" type="PCrel">
        <subtype name="activation" value="--&gt;"/>
    </relation>
    <relation entry1="168" entry2="171" type="PPrel">
        <subtype name="activation" value="--&gt;"/>
    </relation>
    <relation entry1="171" entry2="174" type="PPrel">
        <subtype name="activation" value="--&gt;"/>
    </relation>
    <relation entry1="174" entry2="202" type="PCrel">
        <subtype name="activation" value="--&gt;"/>
    </relation>
    <relation entry1="202" entry2="176" type="PCrel">
        <subtype name="activation" value="--&gt;"/>
    </relation>
    <relation entry1="276" entry2="278" type="PCrel">
        <subtype name="activation" value="--&gt;"/>
    </relation>
    <relation entry1="278" entry2="279" type="PPrel">
        <subtype name="activation" value="--&gt;"/>
    </relation>
    <relation entry1="233" entry2="241" type="PPrel">
        <subtype name="activation" value="--&gt;"/>
    </relation>
    <relation entry1="232" entry2="236" type="PPrel">
        <subtype name="activation" value="--&gt;"/>
    </relation>
    <relation entry1="236" entry2="237" type="PPrel">
        <subtype name="activation" value="--&gt;"/>
    </relation>
    <relation entry1="25" entry2="152" type="PPrel">
        <subtype name="activation" value="--&gt;"/>
    </relation>
    <relation entry1="155" entry2="152" type="PPrel">
        <subtype name="activation" value="--&gt;"/>
    </relation>
    <relation entry1="152" entry2="153" type="PPrel">
        <subtype name="activation" value="--&gt;"/>
    </relation>
    <relation entry1="279" entry2="280" type="PPrel">
        <subtype name="activation" value="--&gt;"/>
        <subtype name="phosphorylation" value="+p"/>
    </relation>
    <relation entry1="21" entry2="743" type="PPrel">
        <subtype name="inhibition" value="--|"/>
    </relation>
    <relation entry1="255" entry2="248" type="PPrel">
        <subtype name="inhibition" value="--|"/>
    </relation>
    <relation entry1="248" entry2="234" type="PPrel">
        <subtype name="inhibition" value="--|"/>
    </relation>
    <relation entry1="248" entry2="233" type="PPrel">
        <subtype name="inhibition" value="--|"/>
    </relation>
    <relation entry1="248" entry2="232" type="PPrel">
        <subtype name="inhibition" value="--|"/>
    </relation>
    <relation entry1="365" entry2="364" type="PPrel">
        <subtype name="inhibition" value="--|"/>
    </relation>
    <relation entry1="323" entry2="26" type="PPrel">
        <subtype name="inhibition" value="--|"/>
    </relation>
    <relation entry1="104" entry2="26" type="PCrel">
        <subtype name="inhibition" value="--|"/>
    </relation>
    <relation entry1="24" entry2="26" type="PCrel">
        <subtype name="inhibition" value="--|"/>
    </relation>
    <relation entry1="304" entry2="26" type="PPrel">
        <subtype name="inhibition" value="--|"/>
    </relation>
    <relation entry1="303" entry2="28" type="PCrel">
        <subtype name="inhibition" value="--|"/>
    </relation>
    <relation entry1="300" entry2="292" type="PPrel">
        <subtype name="inhibition" value="--|"/>
    </relation>
    <relation entry1="31" entry2="25" type="PPrel">
        <subtype name="inhibition" value="--|"/>
    </relation>
    <relation entry1="332" entry2="25" type="PPrel">
        <subtype name="inhibition" value="--|"/>
    </relation>
    <relation entry1="744" entry2="345" type="PPrel">
        <subtype name="activation" value="--&gt;"/>
    </relation>
    <relation entry1="189" entry2="169" type="PCrel">
        <subtype name="missing interaction" value="-/-"/>
    </relation>
    <relation entry1="169" entry2="172" type="PPrel">
        <subtype name="missing interaction" value="-/-"/>
    </relation>
    <relation entry1="172" entry2="174" type="PPrel">
        <subtype name="missing interaction" value="-/-"/>
    </relation>
    <relation entry1="189" entry2="170" type="PCrel">
        <subtype name="missing interaction" value="-/-"/>
    </relation>
    <relation entry1="170" entry2="173" type="PPrel">
        <subtype name="missing interaction" value="-/-"/>
    </relation>
    <relation entry1="173" entry2="175" type="PPrel">
        <subtype name="missing interaction" value="-/-"/>
    </relation>
    <relation entry1="175" entry2="203" type="PCrel">
        <subtype name="missing interaction" value="-/-"/>
    </relation>
    <relation entry1="203" entry2="177" type="PCrel">
        <subtype name="missing interaction" value="-/-"/>
    </relation>
    <relation entry1="15" entry2="13" type="PPrel">
        <subtype name="missing interaction" value="-/-"/>
    </relation>
    <relation entry1="15" entry2="743" type="PPrel">
        <subtype name="missing interaction" value="-/-"/>
    </relation>
    <relation entry1="229" entry2="149" type="PPrel">
        <subtype name="missing interaction" value="-/-"/>
    </relation>
    <relation entry1="375" entry2="374" type="PPrel">
        <subtype name="missing interaction" value="-/-"/>
    </relation>
    <relation entry1="335" entry2="31" type="PPrel">
        <subtype name="missing interaction" value="-/-"/>
    </relation>
    <relation entry1="315" entry2="316" type="PPrel">
        <subtype name="missing interaction" value="-/-"/>
    </relation>
    <relation entry1="314" entry2="315" type="PPrel">
        <subtype name="missing interaction" value="-/-"/>
    </relation>
    <relation entry1="326" entry2="327" type="PPrel">
        <subtype name="missing interaction" value="-/-"/>
    </relation>
    <relation entry1="327" entry2="316" type="PPrel">
        <subtype name="missing interaction" value="-/-"/>
    </relation>
    <relation entry1="20" entry2="307" type="PPrel">
        <subtype name="missing interaction" value="-/-"/>
    </relation>
    <relation entry1="307" entry2="398" type="PPrel">
        <subtype name="missing interaction" value="-/-"/>
    </relation>
    <relation entry1="19" entry2="744" type="PPrel">
        <subtype name="missing interaction" value="-/-"/>
    </relation>
    <relation entry1="343" entry2="19" type="PPrel">
        <subtype name="missing interaction" value="-/-"/>
    </relation>
    <relation entry1="343" entry2="338" type="PPrel">
        <subtype name="missing interaction" value="-/-"/>
    </relation>
    <relation entry1="19" entry2="347" type="PPrel">
        <subtype name="missing interaction" value="-/-"/>
    </relation>
    <relation entry1="234" entry2="243" type="GErel">
        <subtype name="expression" value="--&gt;"/>
    </relation>
    <relation entry1="237" entry2="244" type="GErel">
        <subtype name="expression" value="--&gt;"/>
    </relation>
    <relation entry1="338" entry2="361" type="GErel">
        <subtype name="expression" value="--&gt;"/>
    </relation>
    <relation entry1="347" entry2="362" type="GErel">
        <subtype name="expression" value="--&gt;"/>
    </relation>
    <relation entry1="15" entry2="402" type="PPrel">
        <subtype name="missing interaction" value="-/-"/>
    </relation>
    <relation entry1="15" entry2="18" type="PPrel">
        <subtype name="missing interaction" value="-/-"/>
    </relation>
    <relation entry1="15" entry2="16" type="PPrel">
        <subtype name="missing interaction" value="-/-"/>
    </relation>
    <relation entry1="15" entry2="17" type="PPrel">
        <subtype name="missing interaction" value="-/-"/>
    </relation>
    <relation entry1="11" entry2="12" type="PPrel">
        <subtype name="binding/association" value="---"/>
    </relation>
    <relation entry1="13" entry2="14" type="PPrel">
        <subtype name="binding/association" value="---"/>
    </relation>
    <relation entry1="59" entry2="60" type="PPrel">
        <subtype name="binding/association" value="---"/>
    </relation>
    <relation entry1="60" entry2="61" type="PPrel">
        <subtype name="binding/association" value="---"/>
    </relation>
    <relation entry1="45" entry2="46" type="PPrel">
        <subtype name="binding/association" value="---"/>
    </relation>
    <relation entry1="46" entry2="47" type="PPrel">
        <subtype name="binding/association" value="---"/>
    </relation>
    <relation entry1="273" entry2="271" type="PPrel">
        <subtype name="activation" value="--&gt;"/>
    </relation>
    <relation entry1="271" entry2="264" type="PCrel">
        <subtype name="activation" value="--&gt;"/>
    </relation>
    <relation entry1="264" entry2="267" type="PCrel">
        <subtype name="activation" value="--&gt;"/>
    </relation>
    <relation entry1="271" entry2="266" type="PCrel">
        <subtype name="activation" value="--&gt;"/>
    </relation>
    <relation entry1="267" entry2="265" type="PCrel">
        <subtype name="activation" value="--&gt;"/>
    </relation>
    <relation entry1="383" entry2="32" type="PCrel">
        <subtype name="activation" value="--&gt;"/>
    </relation>
    <relation entry1="32" entry2="25" type="PPrel">
        <subtype name="activation" value="--&gt;"/>
    </relation>
    <relation entry1="316" entry2="25" type="PPrel">
        <subtype name="activation" value="--&gt;"/>
    </relation>
    <relation entry1="295" entry2="296" type="PPrel">
        <subtype name="binding/association" value="---"/>
    </relation>
    <relation entry1="742" entry2="27" type="PCrel">
        <subtype name="inhibition" value="--|"/>
    </relation>
    <relation entry1="732" entry2="714" type="PCrel">
        <subtype name="inhibition" value="--|"/>
    </relation>
    <relation entry1="714" entry2="347" type="PPrel">
        <subtype name="inhibition" value="--|"/>
    </relation>
    <relation entry1="732" entry2="715" type="PCrel">
        <subtype name="inhibition" value="--|"/>
    </relation>
    <relation entry1="715" entry2="744" type="PPrel">
        <subtype name="inhibition" value="--|"/>
    </relation>
    <relation entry1="19" entry2="338" type="PPrel">
        <subtype name="missing interaction" value="-/-"/>
    </relation>
    <relation entry1="706" entry2="732" type="PCrel">
        <subtype name="activation" value="--&gt;"/>
        <subtype name="indirect effect" value="..&gt;"/>
    </relation>
</pathway>
