<?xml version="1.0"?>
<!DOCTYPE pathway SYSTEM "https://www.kegg.jp/kegg/xml/KGML_v0.7.2_.dtd">
<!-- Creation date: Sep 3, 2020 16:13:29 +0900 (GMT+9) -->
<pathway name="path:hsa05017" org="hsa" number="05017"
         title="Spinocerebellar ataxia"
         image="https://www.kegg.jp/kegg/pathway/hsa/hsa05017.png"
         link="https://www.kegg.jp/kegg-bin/show_pathway?hsa05017">
    <entry id="21" name="cpd:C01245" type="compound"
        link="https://www.kegg.jp/dbget-bin/www_bget?C01245">
        <graphics name="C01245" fgcolor="#000000" bgcolor="#FFFFFF"
             type="circle" x="597" y="288" width="8" height="8"/>
    </entry>
    <entry id="22" name="hsa:23236 hsa:5330 hsa:5331 hsa:5332" type="gene"
        link="https://www.kegg.jp/dbget-bin/www_bget?hsa:23236+hsa:5330+hsa:5331+hsa:5332">
        <graphics name="PLCB1, DEE12, EIEE12, PI-PLC, PLC-154, PLC-I, PLC-beta-1, PLC154, PLCB1A, PLCB1B..." fgcolor="#000000" bgcolor="#BFFFBF"
             type="rectangle" x="552" y="234" width="46" height="17"/>
    </entry>
    <entry id="23" name="hsa:2776" type="gene"
        link="https://www.kegg.jp/dbget-bin/www_bget?hsa:2776">
        <graphics name="GNAQ, CMC1, G-ALPHA-q, GAQ, SWS" fgcolor="#000000" bgcolor="#BFFFBF"
             type="rectangle" x="469" y="234" width="46" height="17"/>
    </entry>
    <entry id="24" name="cpd:C01330" type="compound"
        link="https://www.kegg.jp/dbget-bin/www_bget?C01330">
        <graphics name="C01330" fgcolor="#000000" bgcolor="#FFFFFF"
             type="circle" x="465" y="300" width="8" height="8"/>
    </entry>
    <entry id="25" name="hsa:5578 hsa:5579 hsa:5582" type="gene"
        link="https://www.kegg.jp/dbget-bin/www_bget?hsa:5578+hsa:5579+hsa:5582">
        <graphics name="PRKCA, AAG6, PKC-alpha, PKCA, PKCI+/-, PKCalpha, PRKACA..." fgcolor="#000000" bgcolor="#BFFFBF"
             type="rectangle" x="774" y="233" width="46" height="17"/>
    </entry>
    <entry id="26" name="cpd:C00165" type="compound"
        link="https://www.kegg.jp/dbget-bin/www_bget?C00165">
        <graphics name="C00165" fgcolor="#000000" bgcolor="#FFFFFF"
             type="circle" x="658" y="233" width="8" height="8"/>
    </entry>
    <entry id="27" name="hsa:2890 hsa:2891 hsa:2892" type="gene"
        link="https://www.kegg.jp/dbget-bin/www_bget?hsa:2890+hsa:2891+hsa:2892">
        <graphics name="GRIA1, GLUH1, GLUR1, GLURA, GluA1, HBGR1, MRD67, MRT76..." fgcolor="#000000" bgcolor="#BFFFBF"
             type="rectangle" x="396" y="301" width="46" height="17"/>
    </entry>
    <entry id="28" name="hsa:2911" type="gene"
        link="https://www.kegg.jp/dbget-bin/www_bget?hsa:2911">
        <graphics name="GRM1, GPRC1A, MGLU1, MGLUR1, PPP1R85, SCA44, SCAR13" fgcolor="#000000" bgcolor="#BFFFBF"
             type="rectangle" x="396" y="234" width="46" height="17"/>
    </entry>
    <entry id="32" name="cpd:C00025" type="compound"
        link="https://www.kegg.jp/dbget-bin/www_bget?C00025">
        <graphics name="C00025" fgcolor="#000000" bgcolor="#FFFFFF"
             type="circle" x="276" y="265" width="8" height="8"/>
    </entry>
    <entry id="37" name="path:hsa05017" type="map"
        link="https://www.kegg.jp/dbget-bin/www_bget?hsa05017">
        <graphics name="TITLE:Spinocerebellar ataxia" fgcolor="#000000" bgcolor="#FFFFFF"
             type="roundrectangle" x="154" y="58" width="227" height="25"/>
    </entry>
    <entry id="38" name="path:hsa04724" type="map"
        link="https://www.kegg.jp/dbget-bin/www_bget?hsa04724">
        <graphics name="Glutamatergic synapse" fgcolor="#000000" bgcolor="#FFFFFF"
             type="roundrectangle" x="320" y="126" width="92" height="34"/>
    </entry>
    <entry id="48" name="path:hsa04730" type="map"
        link="https://www.kegg.jp/dbget-bin/www_bget?hsa04730">
        <graphics name="Long-term depression" fgcolor="#000000" bgcolor="#FFFFFF"
             type="roundrectangle" x="771" y="137" width="92" height="34"/>
    </entry>
    <entry id="65" name="hsa:6261" type="gene"
        link="https://www.kegg.jp/dbget-bin/www_bget?hsa:6261">
        <graphics name="RYR1, CCO, KDS, MHS, MHS1, PPP1R137, RYDR, RYR, RYR-1, SKRR" fgcolor="#000000" bgcolor="#BFFFBF"
             type="rectangle" x="645" y="965" width="46" height="17"/>
    </entry>
    <entry id="66" name="cpd:C01245" type="compound"
        link="https://www.kegg.jp/dbget-bin/www_bget?C01245">
        <graphics name="C01245" fgcolor="#000000" bgcolor="#FFFFFF"
             type="circle" x="597" y="837" width="8" height="8"/>
    </entry>
    <entry id="67" name="hsa:23236 hsa:5330 hsa:5331 hsa:5332" type="gene"
        link="https://www.kegg.jp/dbget-bin/www_bget?hsa:23236+hsa:5330+hsa:5331+hsa:5332">
        <graphics name="PLCB1, DEE12, EIEE12, PI-PLC, PLC-154, PLC-I, PLC-beta-1, PLC154, PLCB1A, PLCB1B..." fgcolor="#000000" bgcolor="#BFFFBF"
             type="rectangle" x="552" y="783" width="46" height="17"/>
    </entry>
    <entry id="68" name="hsa:2776" type="gene"
        link="https://www.kegg.jp/dbget-bin/www_bget?hsa:2776">
        <graphics name="GNAQ, CMC1, G-ALPHA-q, GAQ, SWS" fgcolor="#000000" bgcolor="#BFFFBF"
             type="rectangle" x="469" y="783" width="46" height="17"/>
    </entry>
    <entry id="69" name="cpd:C01330" type="compound"
        link="https://www.kegg.jp/dbget-bin/www_bget?C01330">
        <graphics name="C01330" fgcolor="#000000" bgcolor="#FFFFFF"
             type="circle" x="467" y="849" width="8" height="8"/>
    </entry>
    <entry id="70" name="hsa:5578 hsa:5579 hsa:5582" type="gene"
        link="https://www.kegg.jp/dbget-bin/www_bget?hsa:5578+hsa:5579+hsa:5582">
        <graphics name="PRKCA, AAG6, PKC-alpha, PKCA, PKCI+/-, PKCalpha, PRKACA..." fgcolor="#000000" bgcolor="#BFFFBF"
             type="rectangle" x="774" y="782" width="46" height="17"/>
    </entry>
    <entry id="71" name="cpd:C00076" type="compound"
        link="https://www.kegg.jp/dbget-bin/www_bget?C00076">
        <graphics name="C00076" fgcolor="#000000" bgcolor="#FFFFFF"
             type="circle" x="463" y="930" width="8" height="8"/>
    </entry>
    <entry id="72" name="cpd:C00165" type="compound"
        link="https://www.kegg.jp/dbget-bin/www_bget?C00165">
        <graphics name="C00165" fgcolor="#000000" bgcolor="#FFFFFF"
             type="circle" x="658" y="782" width="8" height="8"/>
    </entry>
    <entry id="73" name="hsa:773" type="gene"
        link="https://www.kegg.jp/dbget-bin/www_bget?hsa:773">
        <graphics name="CACNA1A, APCA, BI, CACNL1A4, CAV2.1, DEE42, EA2, EIEE42, FHM, HPCA, MHP, MHP1, SCA6" fgcolor="#000000" bgcolor="#BFFFBF"
             type="rectangle" x="396" y="930" width="46" height="17"/>
    </entry>
    <entry id="74" name="hsa:2890 hsa:2891 hsa:2892" type="gene"
        link="https://www.kegg.jp/dbget-bin/www_bget?hsa:2890+hsa:2891+hsa:2892">
        <graphics name="GRIA1, GLUH1, GLUR1, GLURA, GluA1, HBGR1, MRD67, MRT76..." fgcolor="#000000" bgcolor="#BFFFBF"
             type="rectangle" x="396" y="851" width="46" height="17"/>
    </entry>
    <entry id="75" name="hsa:2911" type="gene"
        link="https://www.kegg.jp/dbget-bin/www_bget?hsa:2911">
        <graphics name="GRM1, GPRC1A, MGLU1, MGLUR1, PPP1R85, SCA44, SCAR13" fgcolor="#000000" bgcolor="#BFFFBF"
             type="rectangle" x="396" y="783" width="46" height="17"/>
    </entry>
    <entry id="76" name="hsa:3708 hsa:3709 hsa:3710" type="gene"
        link="https://www.kegg.jp/dbget-bin/www_bget?hsa:3708+hsa:3709+hsa:3710">
        <graphics name="ITPR1, ACV, CLA4, INSP3R1, IP3R, IP3R1, PPP1R94, SCA15, SCA16, SCA29..." fgcolor="#000000" bgcolor="#BFFFBF"
             type="rectangle" x="643" y="899" width="46" height="17"/>
    </entry>
    <entry id="80" name="cpd:C00025" type="compound"
        link="https://www.kegg.jp/dbget-bin/www_bget?C00025">
        <graphics name="C00025" fgcolor="#000000" bgcolor="#FFFFFF"
             type="circle" x="276" y="814" width="8" height="8"/>
    </entry>
    <entry id="85" name="path:hsa04020" type="map"
        link="https://www.kegg.jp/dbget-bin/www_bget?hsa04020">
        <graphics name="Calcium signaling pathway" fgcolor="#000000" bgcolor="#FFFFFF"
             type="roundrectangle" x="795" y="937" width="101" height="34"/>
    </entry>
    <entry id="86" name="path:hsa04724" type="map"
        link="https://www.kegg.jp/dbget-bin/www_bget?hsa04724">
        <graphics name="Glutamatergic synapse" fgcolor="#000000" bgcolor="#FFFFFF"
             type="roundrectangle" x="320" y="667" width="92" height="34"/>
    </entry>
    <entry id="100" name="path:hsa04730" type="map"
        link="https://www.kegg.jp/dbget-bin/www_bget?hsa04730">
        <graphics name="Long-term depression" fgcolor="#000000" bgcolor="#FFFFFF"
             type="roundrectangle" x="771" y="682" width="92" height="34"/>
    </entry>
    <entry id="101" name="hsa:2259" type="gene"
        link="https://www.kegg.jp/dbget-bin/www_bget?hsa:2259">
        <graphics name="FGF14, FGF-14, FHF-4, FHF4, SCA27" fgcolor="#000000" bgcolor="#BFFFBF"
             type="rectangle" x="127" y="814" width="46" height="17"/>
    </entry>
    <entry id="108" name="hsa:6261" type="gene"
        link="https://www.kegg.jp/dbget-bin/www_bget?hsa:6261">
        <graphics name="RYR1, CCO, KDS, MHS, MHS1, PPP1R137, RYDR, RYR, RYR-1, SKRR" fgcolor="#000000" bgcolor="#BFFFBF"
             type="rectangle" x="643" y="414" width="46" height="17"/>
    </entry>
    <entry id="109" name="cpd:C00076" type="compound"
        link="https://www.kegg.jp/dbget-bin/www_bget?C00076">
        <graphics name="C00076" fgcolor="#000000" bgcolor="#FFFFFF"
             type="circle" x="463" y="382" width="8" height="8"/>
    </entry>
    <entry id="110" name="hsa:773" type="gene"
        link="https://www.kegg.jp/dbget-bin/www_bget?hsa:773">
        <graphics name="CACNA1A, APCA, BI, CACNL1A4, CAV2.1, DEE42, EA2, EIEE42, FHM, HPCA, MHP, MHP1, SCA6" fgcolor="#000000" bgcolor="#BFFFBF"
             type="rectangle" x="396" y="382" width="46" height="17"/>
    </entry>
    <entry id="111" name="hsa:3708 hsa:3709 hsa:3710" type="gene"
        link="https://www.kegg.jp/dbget-bin/www_bget?hsa:3708+hsa:3709+hsa:3710">
        <graphics name="ITPR1, ACV, CLA4, INSP3R1, IP3R, IP3R1, PPP1R94, SCA15, SCA16, SCA29..." fgcolor="#000000" bgcolor="#BFFFBF"
             type="rectangle" x="641" y="348" width="46" height="17"/>
    </entry>
    <entry id="112" name="path:hsa04020" type="map"
        link="https://www.kegg.jp/dbget-bin/www_bget?hsa04020">
        <graphics name="Calcium signaling pathway" fgcolor="#000000" bgcolor="#FFFFFF"
             type="roundrectangle" x="795" y="389" width="101" height="34"/>
    </entry>
    <entry id="117" name="hsa:342371 hsa:6310" type="gene"
        link="https://www.kegg.jp/dbget-bin/www_bget?hsa:342371+hsa:6310">
        <graphics name="ATXN1L, BOAT, BOAT1..." fgcolor="#000000" bgcolor="#BFFFBF"
             type="rectangle" x="1120" y="1126" width="46" height="17"/>
    </entry>
    <entry id="118" name="hsa:10524" type="gene"
        link="https://www.kegg.jp/dbget-bin/www_bget?hsa:10524">
        <graphics name="KAT5, ESA1, HTATIP, HTATIP1, NEDFASB, PLIP, TIP, TIP60, ZC2HC5, cPLA2" fgcolor="#000000" bgcolor="#BFFFBF"
             type="rectangle" x="1141" y="1161" width="46" height="17"/>
    </entry>
    <entry id="119" name="hsa:6095" type="gene"
        link="https://www.kegg.jp/dbget-bin/www_bget?hsa:6095">
        <graphics name="RORA, IDDECA, NR1F1, ROR1, ROR2, ROR3, RZR-ALPHA, RZRA" fgcolor="#000000" bgcolor="#BFFFBF"
             type="rectangle" x="1187" y="1161" width="46" height="17"/>
    </entry>
    <entry id="122" name="hsa:7222" type="gene"
        link="https://www.kegg.jp/dbget-bin/www_bget?hsa:7222">
        <graphics name="TRPC3, SCA41, TRP3" fgcolor="#000000" bgcolor="#BFFFBF"
             type="rectangle" x="396" y="148" width="46" height="17"/>
    </entry>
    <entry id="125" name="cpd:C00076" type="compound"
        link="https://www.kegg.jp/dbget-bin/www_bget?C00076">
        <graphics name="C00076" fgcolor="#000000" bgcolor="#FFFFFF"
             type="circle" x="466" y="147" width="8" height="8"/>
    </entry>
    <entry id="127" name="hsa:7222" type="gene"
        link="https://www.kegg.jp/dbget-bin/www_bget?hsa:7222">
        <graphics name="TRPC3, SCA41, TRP3" fgcolor="#000000" bgcolor="#BFFFBF"
             type="rectangle" x="396" y="698" width="46" height="17"/>
    </entry>
    <entry id="129" name="cpd:C00076" type="compound"
        link="https://www.kegg.jp/dbget-bin/www_bget?C00076">
        <graphics name="C00076" fgcolor="#000000" bgcolor="#FFFFFF"
             type="circle" x="469" y="697" width="8" height="8"/>
    </entry>
    <entry id="131" name="hsa:11273 hsa:4287 hsa:6311 hsa:92552" type="gene"
        link="https://www.kegg.jp/dbget-bin/www_bget?hsa:11273+hsa:4287+hsa:6311+hsa:92552">
        <graphics name="ATXN2L, A2D, A2LG, A2LP, A2RP..." fgcolor="#000000" bgcolor="#BFFFBF"
             type="rectangle" x="604" y="386" width="46" height="17"/>
    </entry>
    <entry id="138" name="hsa:6712" type="gene"
        link="https://www.kegg.jp/dbget-bin/www_bget?hsa:6712">
        <graphics name="SPTBN2, GTRAP41, SCA5, SCAR14" fgcolor="#000000" bgcolor="#BFFFBF"
             type="rectangle" x="475" y="819" width="46" height="17"/>
    </entry>
    <entry id="154" name="cpd:C00025" type="compound"
        link="https://www.kegg.jp/dbget-bin/www_bget?C00025">
        <graphics name="C00025" fgcolor="#000000" bgcolor="#FFFFFF"
             type="circle" x="285" y="1214" width="8" height="8"/>
    </entry>
    <entry id="160" name="hsa:4287 hsa:92552" type="gene"
        link="https://www.kegg.jp/dbget-bin/www_bget?hsa:4287+hsa:92552">
        <graphics name="ATXN3, AT3, ATX3, JOS, MJD, MJD1, SCA3..." fgcolor="#000000" bgcolor="#BFFFBF"
             type="rectangle" x="556" y="1140" width="46" height="17"/>
    </entry>
    <entry id="161" name="path:hsa04210" type="map"
        link="https://www.kegg.jp/dbget-bin/www_bget?hsa04210">
        <graphics name="Apoptosis" fgcolor="#000000" bgcolor="#FFFFFF"
             type="roundrectangle" x="898" y="1193" width="92" height="25"/>
    </entry>
    <entry id="162" name="hsa:2081" type="gene"
        link="https://www.kegg.jp/dbget-bin/www_bget?hsa:2081">
        <graphics name="ERN1, IRE1, IRE1P, IRE1a, hIRE1p" fgcolor="#000000" bgcolor="#BFFFBF"
             type="rectangle" x="556" y="1193" width="46" height="17"/>
    </entry>
    <entry id="163" name="hsa:7186" type="gene"
        link="https://www.kegg.jp/dbget-bin/www_bget?hsa:7186">
        <graphics name="TRAF2, MGC:45012, RNF117, TRAP, TRAP3" fgcolor="#000000" bgcolor="#BFFFBF"
             type="rectangle" x="602" y="1193" width="46" height="17"/>
    </entry>
    <entry id="164" name="hsa:4217" type="gene"
        link="https://www.kegg.jp/dbget-bin/www_bget?hsa:4217">
        <graphics name="MAP3K5, ASK1, MAPKKK5, MEKK5" fgcolor="#000000" bgcolor="#BFFFBF"
             type="rectangle" x="685" y="1193" width="46" height="17"/>
    </entry>
    <entry id="165" name="hsa:5599 hsa:5601 hsa:5602" type="gene"
        link="https://www.kegg.jp/dbget-bin/www_bget?hsa:5599+hsa:5601+hsa:5602">
        <graphics name="MAPK8, JNK, JNK-46, JNK1, JNK1A2, JNK21B1/2, PRKM8, SAPK1, SAPK1c..." fgcolor="#000000" bgcolor="#BFFFBF"
             type="rectangle" x="768" y="1193" width="46" height="17"/>
    </entry>
    <entry id="166" name="path:hsa03050" type="map"
        link="https://www.kegg.jp/dbget-bin/www_bget?hsa03050">
        <graphics name="Proteasome" fgcolor="#000000" bgcolor="#FFFFFF"
             type="roundrectangle" x="735" y="1139" width="92" height="25"/>
    </entry>
    <entry id="167" name="path:hsa04141" type="map"
        link="https://www.kegg.jp/dbget-bin/www_bget?hsa04141">
        <graphics name="Protein processing in endoplasmic reticulum" fgcolor="#000000" bgcolor="#FFFFFF"
             type="roundrectangle" x="503" y="1254" width="151" height="34"/>
    </entry>
    <entry id="174" name="cpd:C04549" type="compound"
        link="https://www.kegg.jp/dbget-bin/www_bget?C04549">
        <graphics name="C04549" fgcolor="#000000" bgcolor="#FFFFFF"
             type="circle" x="900" y="1412" width="8" height="8"/>
    </entry>
    <entry id="180" name="hsa:2475" type="gene"
        link="https://www.kegg.jp/dbget-bin/www_bget?hsa:2475">
        <graphics name="MTOR, FRAP, FRAP1, FRAP2, RAFT1, RAPT1, SKS" fgcolor="#000000" bgcolor="#BFFFBF"
             type="rectangle" x="478" y="1378" width="46" height="17"/>
    </entry>
    <entry id="181" name="hsa:8408 hsa:9706" type="gene"
        link="https://www.kegg.jp/dbget-bin/www_bget?hsa:8408+hsa:9706">
        <graphics name="ULK1, ATG1, ATG1A, UNC51, Unc51.1, hATG1..." fgcolor="#000000" bgcolor="#BFFFBF"
             type="rectangle" x="573" y="1378" width="46" height="17"/>
    </entry>
    <entry id="182" name="hsa:9776" type="gene"
        link="https://www.kegg.jp/dbget-bin/www_bget?hsa:9776">
        <graphics name="ATG13, KIAA0652, PARATARG8" fgcolor="#000000" bgcolor="#BFFFBF"
             type="rectangle" x="573" y="1395" width="46" height="17"/>
    </entry>
    <entry id="183" name="hsa:9821" type="gene"
        link="https://www.kegg.jp/dbget-bin/www_bget?hsa:9821">
        <graphics name="RB1CC1, ATG17, CC1, FIP200, PPP1R131" fgcolor="#000000" bgcolor="#BFFFBF"
             type="rectangle" x="619" y="1395" width="46" height="17"/>
    </entry>
    <entry id="184" name="hsa:60673" type="gene"
        link="https://www.kegg.jp/dbget-bin/www_bget?hsa:60673">
        <graphics name="ATG101, C12orf44" fgcolor="#000000" bgcolor="#BFFFBF"
             type="rectangle" x="619" y="1378" width="46" height="17"/>
    </entry>
    <entry id="185" name="hsa:23130 hsa:55102" type="gene"
        link="https://www.kegg.jp/dbget-bin/www_bget?hsa:23130+hsa:55102">
        <graphics name="ATG2A, BLTP4A..." fgcolor="#000000" bgcolor="#BFFFBF"
             type="rectangle" x="971" y="1378" width="46" height="17"/>
    </entry>
    <entry id="186" name="hsa:26100 hsa:55062" type="gene"
        link="https://www.kegg.jp/dbget-bin/www_bget?hsa:26100+hsa:55062">
        <graphics name="WIPI2, ATG18B, Atg21, CGI-50, IDDSSA, WIPI-2..." fgcolor="#000000" bgcolor="#BFFFBF"
             type="rectangle" x="971" y="1413" width="46" height="17"/>
    </entry>
    <entry id="187" name="hsa:55626" type="gene"
        link="https://www.kegg.jp/dbget-bin/www_bget?hsa:55626">
        <graphics name="AMBRA1, DCAF3, WDR94" fgcolor="#000000" bgcolor="#BFFFBF"
             type="rectangle" x="697" y="1343" width="46" height="17"/>
    </entry>
    <entry id="188" name="hsa:441925 hsa:8678" type="gene"
        link="https://www.kegg.jp/dbget-bin/www_bget?hsa:441925+hsa:8678">
        <graphics name="BECN2, BECN1L1, BECN1P1..." fgcolor="#000000" bgcolor="#BFFFBF"
             type="rectangle" x="782" y="1396" width="46" height="17"/>
    </entry>
    <entry id="189" name="hsa:30849" type="gene"
        link="https://www.kegg.jp/dbget-bin/www_bget?hsa:30849">
        <graphics name="PIK3R4, VPS15, p150" fgcolor="#000000" bgcolor="#BFFFBF"
             type="rectangle" x="782" y="1413" width="46" height="17"/>
    </entry>
    <entry id="190" name="hsa:29982" type="gene"
        link="https://www.kegg.jp/dbget-bin/www_bget?hsa:29982">
        <graphics name="NRBF2, COPR, COPR1, COPR2, NRBF-2" fgcolor="#000000" bgcolor="#BFFFBF"
             type="rectangle" x="828" y="1396" width="46" height="17"/>
    </entry>
    <entry id="191" name="hsa:5289" type="gene"
        link="https://www.kegg.jp/dbget-bin/www_bget?hsa:5289">
        <graphics name="PIK3C3, VPS34, hVps34" fgcolor="#000000" bgcolor="#BFFFBF"
             type="rectangle" x="828" y="1413" width="46" height="17"/>
    </entry>
    <entry id="192" name="hsa:22863" type="gene"
        link="https://www.kegg.jp/dbget-bin/www_bget?hsa:22863">
        <graphics name="ATG14, ATG14L, BARKOR, KIAA0831" fgcolor="#000000" bgcolor="#BFFFBF"
             type="rectangle" x="828" y="1379" width="46" height="17"/>
    </entry>
    <entry id="194" name="path:hsa04140" type="map"
        link="https://www.kegg.jp/dbget-bin/www_bget?hsa04140">
        <graphics name="Autophagy - animal" fgcolor="#000000" bgcolor="#FFFFFF"
             type="roundrectangle" x="478" y="1414" width="89" height="34"/>
    </entry>
    <entry id="206" name="hsa:4287 hsa:92552" type="gene"
        link="https://www.kegg.jp/dbget-bin/www_bget?hsa:4287+hsa:92552">
        <graphics name="ATXN3, AT3, ATX3, JOS, MJD, MJD1, SCA3..." fgcolor="#000000" bgcolor="#BFFFBF"
             type="rectangle" x="710" y="1315" width="46" height="17"/>
    </entry>
    <entry id="209" name="hsa:4287 hsa:92552" type="gene"
        link="https://www.kegg.jp/dbget-bin/www_bget?hsa:4287+hsa:92552">
        <graphics name="ATXN3, AT3, ATX3, JOS, MJD, MJD1, SCA3..." fgcolor="#000000" bgcolor="#BFFFBF"
             type="rectangle" x="850" y="1132" width="46" height="17"/>
    </entry>
    <entry id="211" name="hsa:4287 hsa:92552" type="gene"
        link="https://www.kegg.jp/dbget-bin/www_bget?hsa:4287+hsa:92552">
        <graphics name="ATXN3, AT3, ATX3, JOS, MJD, MJD1, SCA3..." fgcolor="#000000" bgcolor="#BFFFBF"
             type="rectangle" x="1169" y="1520" width="46" height="17"/>
    </entry>
    <entry id="214" name="hsa:56652" type="gene"
        link="https://www.kegg.jp/dbget-bin/www_bget?hsa:56652">
        <graphics name="TWNK, ATXN8, C10orf2, IOSCA, MTDPS7, PEO, PEO1, PEOA3, PRLTS5, SANDO, SCA8, TWINL" fgcolor="#000000" bgcolor="#BFFFBF"
             type="rectangle" x="1169" y="1549" width="46" height="17"/>
    </entry>
    <entry id="215" name="hsa:6315" type="gene"
        link="https://www.kegg.jp/dbget-bin/www_bget?hsa:6315">
        <graphics name="ATXN8OS, KLHL1AS, NCRNA00003, SCA8" fgcolor="#000000" bgcolor="#BFFFBF"
             type="rectangle" x="1169" y="1571" width="46" height="17"/>
    </entry>
    <entry id="216" name="hsa:25814" type="gene"
        link="https://www.kegg.jp/dbget-bin/www_bget?hsa:25814">
        <graphics name="ATXN10, ATX10, E46L, HUMEEP, SCA10" fgcolor="#000000" bgcolor="#BFFFBF"
             type="rectangle" x="1169" y="1602" width="46" height="17"/>
    </entry>
    <entry id="217" name="hsa:146227" type="gene"
        link="https://www.kegg.jp/dbget-bin/www_bget?hsa:146227">
        <graphics name="BEAN1, BEAN, SCA31" fgcolor="#000000" bgcolor="#BFFFBF"
             type="rectangle" x="1169" y="1637" width="46" height="17"/>
    </entry>
    <entry id="221" name="hsa:10939" type="gene"
        link="https://www.kegg.jp/dbget-bin/www_bget?hsa:10939">
        <graphics name="AFG3L2, OPA12, SCA28, SPAX5" fgcolor="#000000" bgcolor="#BFFFBF"
             type="rectangle" x="577" y="579" width="46" height="17"/>
    </entry>
    <entry id="222" name="hsa:115209" type="gene"
        link="https://www.kegg.jp/dbget-bin/www_bget?hsa:115209">
        <graphics name="OMA1, 2010001O09Rik, DAB1, MPRP-1, MPRP1, YKR087C, ZMPOMA1, peptidase" fgcolor="#000000" bgcolor="#BFFFBF"
             type="rectangle" x="673" y="579" width="46" height="17"/>
    </entry>
    <entry id="223" name="hsa:4976" type="gene"
        link="https://www.kegg.jp/dbget-bin/www_bget?hsa:4976">
        <graphics name="OPA1, BERHS, MGM1, MTDPS14, NPG, NTG, largeG" fgcolor="#000000" bgcolor="#BFFFBF"
             type="rectangle" x="751" y="579" width="46" height="17"/>
    </entry>
    <entry id="231" name="hsa:3748" type="gene"
        link="https://www.kegg.jp/dbget-bin/www_bget?hsa:3748">
        <graphics name="KCNC3, KSHIIID, KV3.3, SCA13" fgcolor="#000000" bgcolor="#BFFFBF"
             type="rectangle" x="396" y="1495" width="46" height="17"/>
    </entry>
    <entry id="232" name="cpd:C00238" type="compound"
        link="https://www.kegg.jp/dbget-bin/www_bget?C00238">
        <graphics name="C00238" fgcolor="#000000" bgcolor="#FFFFFF"
             type="circle" x="453" y="1494" width="8" height="8"/>
    </entry>
    <entry id="236" name="hsa:342371 hsa:6310" type="gene"
        link="https://www.kegg.jp/dbget-bin/www_bget?hsa:342371+hsa:6310">
        <graphics name="ATXN1L, BOAT, BOAT1..." fgcolor="#000000" bgcolor="#BFFFBF"
             type="rectangle" x="1171" y="1236" width="46" height="17"/>
    </entry>
    <entry id="237" name="hsa:23152" type="gene"
        link="https://www.kegg.jp/dbget-bin/www_bget?hsa:23152">
        <graphics name="CIC, MRD45" fgcolor="#000000" bgcolor="#BFFFBF"
             type="rectangle" x="1171" y="1253" width="46" height="17"/>
    </entry>
    <entry id="246" name="hsa:3708" type="gene"
        link="https://www.kegg.jp/dbget-bin/www_bget?hsa:3708">
        <graphics name="ITPR1, ACV, CLA4, INSP3R1, IP3R, IP3R1, PPP1R94, SCA15, SCA16, SCA29" fgcolor="#000000" bgcolor="#BFFFBF"
             type="rectangle" x="1329" y="1121" width="46" height="17"/>
    </entry>
    <entry id="247" name="hsa:487 hsa:488 hsa:489" type="gene"
        link="https://www.kegg.jp/dbget-bin/www_bget?hsa:487+hsa:488+hsa:489">
        <graphics name="ATP2A1, ATP2A, SERCA1..." fgcolor="#000000" bgcolor="#BFFFBF"
             type="rectangle" x="1329" y="1143" width="46" height="17"/>
    </entry>
    <entry id="248" name="hsa:23369 hsa:9698" type="gene"
        link="https://www.kegg.jp/dbget-bin/www_bget?hsa:23369+hsa:9698">
        <graphics name="PUM2, PUMH2, PUML2..." fgcolor="#000000" bgcolor="#BFFFBF"
             type="rectangle" x="1029" y="1304" width="46" height="17"/>
    </entry>
    <entry id="249" name="hsa:342371 hsa:6310" type="gene"
        link="https://www.kegg.jp/dbget-bin/www_bget?hsa:342371+hsa:6310">
        <graphics name="ATXN1L, BOAT, BOAT1..." fgcolor="#000000" bgcolor="#BFFFBF"
             type="rectangle" x="1172" y="1304" width="46" height="17"/>
    </entry>
    <entry id="257" name="hsa:3752" type="gene"
        link="https://www.kegg.jp/dbget-bin/www_bget?hsa:3752">
        <graphics name="KCND3, BRGDA9, KCND3L, KCND3S, KSHIVB, KV4.3, SCA19, SCA22" fgcolor="#000000" bgcolor="#BFFFBF"
             type="rectangle" x="396" y="1571" width="46" height="17"/>
    </entry>
    <entry id="259" name="cpd:C00238" type="compound"
        link="https://www.kegg.jp/dbget-bin/www_bget?C00238">
        <graphics name="C00238" fgcolor="#000000" bgcolor="#FFFFFF"
             type="circle" x="453" y="1571" width="8" height="8"/>
    </entry>
    <entry id="262" name="hsa:116443 hsa:116444 hsa:2902 hsa:2903 hsa:2904 hsa:2905 hsa:2906" type="gene"
        link="https://www.kegg.jp/dbget-bin/www_bget?hsa:116443+hsa:116444+hsa:2902+hsa:2903+hsa:2904+hsa:2905+hsa:2906">
        <graphics name="GRIN3A, GluN3A, NMDAR-L, NMDAR3A, NR3A..." fgcolor="#000000" bgcolor="#BFFFBF"
             type="rectangle" x="396" y="415" width="46" height="17"/>
    </entry>
    <entry id="263" name="cpd:C01330" type="compound"
        link="https://www.kegg.jp/dbget-bin/www_bget?C01330">
        <graphics name="C01330" fgcolor="#000000" bgcolor="#FFFFFF"
             type="circle" x="445" y="421" width="8" height="8"/>
    </entry>
    <entry id="264" name="cpd:C00076" type="compound"
        link="https://www.kegg.jp/dbget-bin/www_bget?C00076">
        <graphics name="C00076" fgcolor="#000000" bgcolor="#FFFFFF"
             type="circle" x="463" y="412" width="8" height="8"/>
    </entry>
    <entry id="267" name="hsa:116443 hsa:116444 hsa:2902 hsa:2903 hsa:2904 hsa:2905 hsa:2906" type="gene"
        link="https://www.kegg.jp/dbget-bin/www_bget?hsa:116443+hsa:116444+hsa:2902+hsa:2903+hsa:2904+hsa:2905+hsa:2906">
        <graphics name="GRIN3A, GluN3A, NMDAR-L, NMDAR3A, NR3A..." fgcolor="#000000" bgcolor="#BFFFBF"
             type="rectangle" x="396" y="959" width="46" height="17"/>
    </entry>
    <entry id="268" name="cpd:C01330" type="compound"
        link="https://www.kegg.jp/dbget-bin/www_bget?C01330">
        <graphics name="C01330" fgcolor="#000000" bgcolor="#FFFFFF"
             type="circle" x="447" y="965" width="8" height="8"/>
    </entry>
    <entry id="269" name="cpd:C00076" type="compound"
        link="https://www.kegg.jp/dbget-bin/www_bget?C00076">
        <graphics name="C00076" fgcolor="#000000" bgcolor="#FFFFFF"
             type="circle" x="465" y="956" width="8" height="8"/>
    </entry>
    <entry id="270" name="hsa:5173" type="gene"
        link="https://www.kegg.jp/dbget-bin/www_bget?hsa:5173">
        <graphics name="PDYN, ADCA, PENKB, SCA23" fgcolor="#000000" bgcolor="#BFFFBF"
             type="rectangle" x="320" y="450" width="46" height="17"/>
    </entry>
    <entry id="272" name="hsa:10528" type="gene"
        link="https://www.kegg.jp/dbget-bin/www_bget?hsa:10528">
        <graphics name="NOP56, NOL5A, SCA36" fgcolor="#000000" bgcolor="#BFFFBF"
             type="rectangle" x="1169" y="1667" width="46" height="17"/>
    </entry>
    <entry id="273" name="hsa:7436" type="gene"
        link="https://www.kegg.jp/dbget-bin/www_bget?hsa:7436">
        <graphics name="VLDLR, CAMRQ1, CARMQ1, CHRMQ1, VLDL-R, VLDLRCH" fgcolor="#000000" bgcolor="#BFFFBF"
             type="rectangle" x="396" y="1642" width="46" height="17"/>
    </entry>
    <entry id="274" name="hsa:1600" type="gene"
        link="https://www.kegg.jp/dbget-bin/www_bget?hsa:1600">
        <graphics name="DAB1, SCA37" fgcolor="#000000" bgcolor="#BFFFBF"
             type="rectangle" x="477" y="1642" width="46" height="17"/>
    </entry>
    <entry id="275" name="hsa:5290 hsa:5291 hsa:5293 hsa:5295 hsa:5296 hsa:8503" type="gene"
        link="https://www.kegg.jp/dbget-bin/www_bget?hsa:5290+hsa:5291+hsa:5293+hsa:5295+hsa:5296+hsa:8503">
        <graphics name="PIK3CA, CCM4, CLAPO, CLOVE, CWS5, MCAP, MCM, MCMTC, PI3K, PI3K-alpha, p110-alpha..." fgcolor="#000000" bgcolor="#BFFFBF"
             type="rectangle" x="558" y="1642" width="46" height="17"/>
    </entry>
    <entry id="276" name="hsa:10000 hsa:207 hsa:208" type="gene"
        link="https://www.kegg.jp/dbget-bin/www_bget?hsa:10000+hsa:207+hsa:208">
        <graphics name="AKT3, MPPH, MPPH2, PKB-GAMMA, PKBG, PRKBG, RAC-PK-gamma, RAC-gamma, STK-2..." fgcolor="#000000" bgcolor="#BFFFBF"
             type="rectangle" x="639" y="1641" width="46" height="17"/>
    </entry>
    <entry id="277" name="hsa:5649" type="gene"
        link="https://www.kegg.jp/dbget-bin/www_bget?hsa:5649">
        <graphics name="RELN, ETL7, LIS2, PRO1598, RL" fgcolor="#000000" bgcolor="#BFFFBF"
             type="rectangle" x="314" y="1642" width="46" height="17"/>
    </entry>
    <entry id="283" name="hsa:7222" type="gene"
        link="https://www.kegg.jp/dbget-bin/www_bget?hsa:7222">
        <graphics name="TRPC3, SCA41, TRP3" fgcolor="#000000" bgcolor="#BFFFBF"
             type="rectangle" x="1329" y="1165" width="46" height="17"/>
    </entry>
    <entry id="284" name="hsa:6511" type="gene"
        link="https://www.kegg.jp/dbget-bin/www_bget?hsa:6511">
        <graphics name="SLC1A6, EAAT4" fgcolor="#000000" bgcolor="#BFFFBF"
             type="rectangle" x="1329" y="1188" width="46" height="17"/>
    </entry>
    <entry id="285" name="hsa:2911" type="gene"
        link="https://www.kegg.jp/dbget-bin/www_bget?hsa:2911">
        <graphics name="GRM1, GPRC1A, MGLU1, MGLUR1, PPP1R85, SCA44, SCAR13" fgcolor="#000000" bgcolor="#BFFFBF"
             type="rectangle" x="1329" y="1210" width="46" height="17"/>
    </entry>
    <entry id="287" name="hsa:387332 hsa:6908 hsa:9519" type="gene"
        link="https://www.kegg.jp/dbget-bin/www_bget?hsa:387332+hsa:6908+hsa:9519">
        <graphics name="TBPL2, TBP2, TRF3..." fgcolor="#000000" bgcolor="#BFFFBF"
             type="rectangle" x="1210" y="1428" width="46" height="17"/>
    </entry>
    <entry id="288" name="hsa:11317 hsa:3516" type="gene"
        link="https://www.kegg.jp/dbget-bin/www_bget?hsa:11317+hsa:3516">
        <graphics name="RBPJL, RBPL, RBPSUHL, SUHL..." fgcolor="#000000" bgcolor="#BFFFBF"
             type="rectangle" x="1296" y="1345" width="46" height="17"/>
    </entry>
    <entry id="289" name="hsa:6667" type="gene"
        link="https://www.kegg.jp/dbget-bin/www_bget?hsa:6667">
        <graphics name="SP1" fgcolor="#000000" bgcolor="#BFFFBF"
             type="rectangle" x="1296" y="1379" width="46" height="17"/>
    </entry>
    <entry id="290" name="hsa:2959" type="gene"
        link="https://www.kegg.jp/dbget-bin/www_bget?hsa:2959">
        <graphics name="GTF2B, TF2B, TFIIB" fgcolor="#000000" bgcolor="#BFFFBF"
             type="rectangle" x="1296" y="1412" width="46" height="17"/>
    </entry>
    <entry id="291" name="hsa:4800" type="gene"
        link="https://www.kegg.jp/dbget-bin/www_bget?hsa:4800">
        <graphics name="NFYA, CBF-A, CBF-B, HAP2, NF-YA" fgcolor="#000000" bgcolor="#BFFFBF"
             type="rectangle" x="1296" y="1446" width="46" height="17"/>
    </entry>
    <entry id="292" name="hsa:7494" type="gene"
        link="https://www.kegg.jp/dbget-bin/www_bget?hsa:7494">
        <graphics name="XBP1, TREB-5, TREB5, XBP-1, XBP2" fgcolor="#000000" bgcolor="#BFFFBF"
             type="rectangle" x="1296" y="1478" width="46" height="17"/>
    </entry>
    <entry id="293" name="hsa:4654" type="gene"
        link="https://www.kegg.jp/dbget-bin/www_bget?hsa:4654">
        <graphics name="MYOD1, MYF3, MYOD, MYODRIF, PUM, bHLHc1" fgcolor="#000000" bgcolor="#BFFFBF"
             type="rectangle" x="1296" y="1509" width="46" height="17"/>
    </entry>
    <entry id="317" name="hsa:143471 hsa:5682 hsa:5683 hsa:5684 hsa:5685 hsa:5686 hsa:5687 hsa:5688 hsa:5689 hsa:5690 hsa:5691 hsa:5692 hsa:5693 hsa:5694 hsa:5695" type="gene"
        link="https://www.kegg.jp/dbget-bin/www_bget?hsa:143471+hsa:5682+hsa:5683+hsa:5684+hsa:5685+hsa:5686+hsa:5687+hsa:5688+hsa:5689+hsa:5690+hsa:5691+hsa:5692+hsa:5693+hsa:5694+hsa:5695">
        <graphics name="PSMA8, PSMA7L..." fgcolor="#000000" bgcolor="#BFFFBF"
             type="rectangle" x="653" y="1132" width="46" height="17"/>
    </entry>
    <entry id="318" name="hsa:10213 hsa:11047 hsa:5700 hsa:5701 hsa:5702 hsa:5704 hsa:5705 hsa:5706 hsa:5707 hsa:5708 hsa:5709 hsa:5710 hsa:5713 hsa:5714 hsa:5715 hsa:5717 hsa:5718 hsa:5719 hsa:7979 hsa:9861" type="gene"
        link="https://www.kegg.jp/dbget-bin/www_bget?hsa:10213+hsa:11047+hsa:5700+hsa:5701+hsa:5702+hsa:5704+hsa:5705+hsa:5706+hsa:5707+hsa:5708+hsa:5709+hsa:5710+hsa:5713+hsa:5714+hsa:5715+hsa:5717+hsa:5718+hsa:5719+hsa:7979+hsa:9861">
        <graphics name="PSMD14, PAD1, POH1, RPN11..." fgcolor="#000000" bgcolor="#BFFFBF"
             type="rectangle" x="653" y="1149" width="46" height="17"/>
    </entry>
    <entry id="320" name="hsa:54205" type="gene"
        link="https://www.kegg.jp/dbget-bin/www_bget?hsa:54205">
        <graphics name="CYCS, CYC, HCS, THC4" fgcolor="#000000" bgcolor="#BFFFBF"
             type="rectangle" x="907" y="513" width="46" height="17"/>
    </entry>
    <entry id="321" name="hsa:90550" type="gene"
        link="https://www.kegg.jp/dbget-bin/www_bget?hsa:90550">
        <graphics name="MCU, C10orf42, CCDC109A, HsMCU" fgcolor="#000000" bgcolor="#BFFFBF"
             type="rectangle" x="567" y="513" width="46" height="17"/>
    </entry>
    <entry id="322" name="hsa:10105 hsa:291 hsa:292 hsa:293 hsa:7416 hsa:7417 hsa:7419 hsa:83447" type="gene"
        link="https://www.kegg.jp/dbget-bin/www_bget?hsa:10105+hsa:291+hsa:292+hsa:293+hsa:7416+hsa:7417+hsa:7419+hsa:83447">
        <graphics name="PPIF, CYP3, CyP-M, Cyp-D, CypD..." fgcolor="#000000" bgcolor="#BFFFBF"
             type="rectangle" x="793" y="513" width="46" height="17"/>
    </entry>
    <entry id="323" name="undefined" type="group">
        <graphics fgcolor="#000000" bgcolor="#FFFFFF"
             type="rectangle" x="579" y="1193" width="92" height="17"/>
        <component id="162"/>
        <component id="163"/>
    </entry>
    <entry id="324" name="undefined" type="group">
        <graphics fgcolor="#000000" bgcolor="#FFFFFF"
             type="rectangle" x="1164" y="1161" width="92" height="17"/>
        <component id="118"/>
        <component id="119"/>
    </entry>
    <entry id="325" name="undefined" type="group">
        <graphics fgcolor="#000000" bgcolor="#FFFFFF"
             type="rectangle" x="653" y="1140" width="46" height="34"/>
        <component id="317"/>
        <component id="318"/>
    </entry>
    <relation entry1="32" entry2="28" type="PCrel">
        <subtype name="activation" value="--&gt;"/>
    </relation>
    <relation entry1="28" entry2="23" type="PPrel">
        <subtype name="activation" value="--&gt;"/>
    </relation>
    <relation entry1="23" entry2="22" type="PPrel">
        <subtype name="activation" value="--&gt;"/>
    </relation>
    <relation entry1="22" entry2="26" type="PCrel">
        <subtype name="activation" value="--&gt;"/>
    </relation>
    <relation entry1="26" entry2="25" type="PCrel">
        <subtype name="activation" value="--&gt;"/>
    </relation>
    <relation entry1="22" entry2="21" type="PCrel">
        <subtype name="activation" value="--&gt;"/>
    </relation>
    <relation entry1="21" entry2="111" type="PCrel">
        <subtype name="activation" value="--&gt;"/>
    </relation>
    <relation entry1="32" entry2="27" type="PCrel">
        <subtype name="activation" value="--&gt;"/>
    </relation>
    <relation entry1="131" entry2="111" type="PPrel">
        <subtype name="activation" value="--&gt;"/>
    </relation>
    <relation entry1="270" entry2="262" type="PPrel">
        <subtype name="activation" value="--&gt;"/>
    </relation>
    <relation entry1="222" entry2="223" type="PPrel">
        <subtype name="activation" value="--&gt;"/>
    </relation>
    <relation entry1="80" entry2="75" type="PCrel">
        <subtype name="activation" value="--&gt;"/>
    </relation>
    <relation entry1="75" entry2="68" type="PPrel">
        <subtype name="activation" value="--&gt;"/>
    </relation>
    <relation entry1="68" entry2="67" type="PPrel">
        <subtype name="activation" value="--&gt;"/>
    </relation>
    <relation entry1="67" entry2="72" type="PCrel">
        <subtype name="activation" value="--&gt;"/>
    </relation>
    <relation entry1="72" entry2="70" type="PCrel">
        <subtype name="activation" value="--&gt;"/>
    </relation>
    <relation entry1="67" entry2="66" type="PCrel">
        <subtype name="activation" value="--&gt;"/>
    </relation>
    <relation entry1="66" entry2="76" type="PCrel">
        <subtype name="activation" value="--&gt;"/>
    </relation>
    <relation entry1="323" entry2="164" type="PPrel">
        <subtype name="activation" value="--&gt;"/>
    </relation>
    <relation entry1="164" entry2="165" type="PPrel">
        <subtype name="activation" value="--&gt;"/>
    </relation>
    <relation entry1="277" entry2="273" type="PPrel">
        <subtype name="activation" value="--&gt;"/>
    </relation>
    <relation entry1="274" entry2="275" type="PPrel">
        <subtype name="activation" value="--&gt;"/>
    </relation>
    <relation entry1="275" entry2="276" type="PPrel">
        <subtype name="activation" value="--&gt;"/>
    </relation>
    <relation entry1="25" entry2="122" type="PPrel">
        <subtype name="missing interaction" value="-/-"/>
    </relation>
    <relation entry1="248" entry2="249" type="PPrel">
        <subtype name="missing interaction" value="-/-"/>
    </relation>
    <relation entry1="287" entry2="292" type="PPrel">
        <subtype name="missing interaction" value="-/-"/>
    </relation>
    <relation entry1="287" entry2="293" type="PPrel">
        <subtype name="missing interaction" value="-/-"/>
    </relation>
    <relation entry1="324" entry2="246" type="PPrel">
        <subtype name="missing interaction" value="-/-"/>
    </relation>
    <relation entry1="324" entry2="247" type="PPrel">
        <subtype name="missing interaction" value="-/-"/>
    </relation>
    <relation entry1="324" entry2="283" type="PPrel">
        <subtype name="missing interaction" value="-/-"/>
    </relation>
    <relation entry1="324" entry2="284" type="PPrel">
        <subtype name="missing interaction" value="-/-"/>
    </relation>
    <relation entry1="324" entry2="285" type="PPrel">
        <subtype name="missing interaction" value="-/-"/>
    </relation>
    <relation entry1="70" entry2="127" type="PPrel">
        <subtype name="inhibition" value="--|"/>
    </relation>
    <relation entry1="138" entry2="75" type="PPrel">
        <subtype name="inhibition" value="--|"/>
    </relation>
    <relation entry1="117" entry2="118" type="PPrel">
        <subtype name="inhibition" value="--|"/>
    </relation>
    <relation entry1="287" entry2="288" type="PPrel">
        <subtype name="inhibition" value="--|"/>
    </relation>
    <relation entry1="287" entry2="289" type="PPrel">
        <subtype name="inhibition" value="--|"/>
    </relation>
    <relation entry1="287" entry2="290" type="PPrel">
        <subtype name="inhibition" value="--|"/>
    </relation>
    <relation entry1="287" entry2="291" type="PPrel">
        <subtype name="inhibition" value="--|"/>
    </relation>
    <relation entry1="206" entry2="188" type="PPrel">
        <subtype name="missing interaction" value="-/-"/>
    </relation>
    <relation entry1="273" entry2="274" type="PPrel">
        <subtype name="binding/association" value="---"/>
    </relation>
    <relation entry1="185" entry2="186" type="PPrel">
        <subtype name="binding/association" value="---"/>
    </relation>
    <relation entry1="187" entry2="188" type="PPrel">
        <subtype name="activation" value="--&gt;"/>
        <subtype name="phosphorylation" value="+p"/>
    </relation>
    <relation entry1="191" entry2="174" type="PCrel">
        <subtype name="activation" value="--&gt;"/>
    </relation>
    <relation entry1="174" entry2="186" type="PCrel">
        <subtype name="activation" value="--&gt;"/>
    </relation>
    <relation entry1="80" entry2="74" type="PCrel">
        <subtype name="activation" value="--&gt;"/>
    </relation>
    <relation entry1="71" entry2="65" type="PCrel">
        <subtype name="activation" value="--&gt;"/>
    </relation>
    <relation entry1="180" entry2="181" type="PPrel">
        <subtype name="inhibition" value="--|"/>
        <subtype name="phosphorylation" value="+p"/>
    </relation>
    <relation entry1="109" entry2="108" type="PCrel">
        <subtype name="activation" value="--&gt;"/>
    </relation>
    <relation entry1="160" entry2="325" type="PPrel">
        <subtype name="inhibition" value="--|"/>
        <subtype name="indirect effect" value="..&gt;"/>
    </relation>
</pathway>
