<?xml version="1.0"?>
<!DOCTYPE pathway SYSTEM "https://www.kegg.jp/kegg/xml/KGML_v0.7.2_.dtd">
<!-- Creation date: Dec 14, 2022 11:35:34 +0900 (GMT+9) -->
<pathway name="path:hsa01232" org="hsa" number="01232"
         title="Nucleotide metabolism"
         image="https://www.kegg.jp/kegg/pathway/hsa/hsa01232.png"
         link="https://www.kegg.jp/kegg-bin/show_pathway?hsa01232">
    <entry id="2" name="cpd:C00130" type="compound"
        link="https://www.kegg.jp/dbget-bin/www_bget?C00130">
        <graphics name="C00130" fgcolor="#000000" bgcolor="#FFFFFF"
             type="circle" x="448" y="503" width="8" height="8"/>
    </entry>
    <entry id="3" name="cpd:C00104" type="compound"
        link="https://www.kegg.jp/dbget-bin/www_bget?C00104">
        <graphics name="C00104" fgcolor="#000000" bgcolor="#FFFFFF"
             type="circle" x="576" y="503" width="8" height="8"/>
    </entry>
    <entry id="4" name="cpd:C00081" type="compound"
        link="https://www.kegg.jp/dbget-bin/www_bget?C00081">
        <graphics name="C00081" fgcolor="#000000" bgcolor="#FFFFFF"
             type="circle" x="705" y="503" width="8" height="8"/>
    </entry>
    <entry id="5" name="hsa:124583 hsa:131870 hsa:377841 hsa:953 hsa:955 hsa:956 hsa:957 hsa:9583" type="gene" reaction="rn:R00961"
        link="https://www.kegg.jp/dbget-bin/www_bget?hsa:124583+hsa:131870+hsa:377841+hsa:953+hsa:955+hsa:956+hsa:957+hsa:9583">
        <graphics name="CANT1, DBQD, DBQD1, EDM7, SCAN-1, SCAN1, SHAPY..." fgcolor="#66CC66" bgcolor="#FFFFFF"
             type="line" coords="572,503,454,503"/>
    </entry>
    <entry id="6" name="hsa:377841 hsa:953 hsa:956" type="gene" reaction="rn:R00719"
        link="https://www.kegg.jp/dbget-bin/www_bget?hsa:377841+hsa:953+hsa:956">
        <graphics name="ENTPD8, E-NTPDase, GLSR2492, NTPDase-8, UNQ2492..." fgcolor="#66CC66" bgcolor="#FFFFFF"
             type="line" coords="700,507,582,507"/>
    </entry>
    <entry id="7" name="cpd:C00020" type="compound"
        link="https://www.kegg.jp/dbget-bin/www_bget?C00020">
        <graphics name="C00020" fgcolor="#000000" bgcolor="#FFFFFF"
             type="circle" x="448" y="367" width="8" height="8"/>
    </entry>
    <entry id="8" name="cpd:C00008" type="compound"
        link="https://www.kegg.jp/dbget-bin/www_bget?C00008">
        <graphics name="C00008" fgcolor="#000000" bgcolor="#FFFFFF"
             type="circle" x="576" y="367" width="8" height="8"/>
    </entry>
    <entry id="9" name="cpd:C00002" type="compound"
        link="https://www.kegg.jp/dbget-bin/www_bget?C00002">
        <graphics name="C00002" fgcolor="#000000" bgcolor="#FFFFFF"
             type="circle" x="705" y="367" width="8" height="8"/>
    </entry>
    <entry id="10" name="hsa:377841 hsa:953 hsa:956" type="gene" reaction="rn:R00122"
        link="https://www.kegg.jp/dbget-bin/www_bget?hsa:377841+hsa:953+hsa:956">
        <graphics name="ENTPD8, E-NTPDase, GLSR2492, NTPDase-8, UNQ2492..." fgcolor="#66CC66" bgcolor="#FFFFFF"
             type="line" coords="571,372,453,372"/>
    </entry>
    <entry id="11" name="hsa:377841 hsa:84284 hsa:953 hsa:954 hsa:956" type="gene" reaction="rn:R00086"
        link="https://www.kegg.jp/dbget-bin/www_bget?hsa:377841+hsa:84284+hsa:953+hsa:954+hsa:956">
        <graphics name="ENTPD8, E-NTPDase, GLSR2492, NTPDase-8, UNQ2492..." fgcolor="#66CC66" bgcolor="#FFFFFF"
             type="line" coords="700,372,582,372"/>
    </entry>
    <entry id="12" name="hsa:270 hsa:271 hsa:272" type="gene" reaction="rn:R00181"
        link="https://www.kegg.jp/dbget-bin/www_bget?hsa:270+hsa:271+hsa:272">
        <graphics name="AMPD1, MAD, MADA, MMDD..." fgcolor="#66CC66" bgcolor="#FFFFFF"
             type="line" coords="453,375,453,496"/>
    </entry>
    <entry id="13" name="hsa:132" type="gene" reaction="rn:R00185"
        link="https://www.kegg.jp/dbget-bin/www_bget?hsa:132">
        <graphics name="ADK, AK" fgcolor="#66CC66" bgcolor="#FFFFFF"
             type="line" coords="325,363,443,363"/>
    </entry>
    <entry id="14" name="cpd:C00294" type="compound"
        link="https://www.kegg.jp/dbget-bin/www_bget?C00294">
        <graphics name="C00294" fgcolor="#000000" bgcolor="#FFFFFF"
             type="circle" x="320" y="503" width="8" height="8"/>
    </entry>
    <entry id="15" name="cpd:C00212" type="compound"
        link="https://www.kegg.jp/dbget-bin/www_bget?C00212">
        <graphics name="C00212" fgcolor="#000000" bgcolor="#FFFFFF"
             type="circle" x="320" y="367" width="8" height="8"/>
    </entry>
    <entry id="16" name="ko:K00892 ko:K22026" type="ortholog" reaction="rn:R01131"
        link="https://www.kegg.jp/dbget-bin/www_bget?K00892+K22026">
        <graphics name="K00892..." fgcolor="#000000" bgcolor="#FFFFFF"
             type="line" coords="326,498,444,498"/>
    </entry>
    <entry id="17" name="ko:K01239" type="ortholog" reaction="rn:R01245"
        link="https://www.kegg.jp/dbget-bin/www_bget?K01239">
        <graphics name="K01239" fgcolor="#000000" bgcolor="#FFFFFF"
             type="line" coords="315,372,197,372"/>
    </entry>
    <entry id="18" name="hsa:144811 hsa:4860" type="gene" reaction="rn:R01863"
        link="https://www.kegg.jp/dbget-bin/www_bget?hsa:144811+hsa:4860">
        <graphics name="LACC1, C13orf31, FAMIN, JUVAR..." fgcolor="#66CC66" bgcolor="#FFFFFF"
             type="line" coords="196,498,314,498"/>
    </entry>
    <entry id="19" name="cpd:C00147" type="compound"
        link="https://www.kegg.jp/dbget-bin/www_bget?C00147">
        <graphics name="C00147" fgcolor="#000000" bgcolor="#FFFFFF"
             type="circle" x="191" y="367" width="8" height="8"/>
    </entry>
    <entry id="20" name="cpd:C00262" type="compound"
        link="https://www.kegg.jp/dbget-bin/www_bget?C00262">
        <graphics name="C00262" fgcolor="#000000" bgcolor="#FFFFFF"
             type="circle" x="191" y="503" width="8" height="8"/>
    </entry>
    <entry id="21" name="cpd:C00242" type="compound"
        link="https://www.kegg.jp/dbget-bin/www_bget?C00242">
        <graphics name="C00242" fgcolor="#000000" bgcolor="#FFFFFF"
             type="circle" x="191" y="743" width="8" height="8"/>
    </entry>
    <entry id="22" name="cpd:C00035" type="compound"
        link="https://www.kegg.jp/dbget-bin/www_bget?C00035">
        <graphics name="C00035" fgcolor="#000000" bgcolor="#FFFFFF"
             type="circle" x="576" y="743" width="8" height="8"/>
    </entry>
    <entry id="23" name="cpd:C00144" type="compound"
        link="https://www.kegg.jp/dbget-bin/www_bget?C00144">
        <graphics name="C00144" fgcolor="#000000" bgcolor="#FFFFFF"
             type="circle" x="448" y="743" width="8" height="8"/>
    </entry>
    <entry id="24" name="cpd:C00387" type="compound"
        link="https://www.kegg.jp/dbget-bin/www_bget?C00387">
        <graphics name="C00387" fgcolor="#000000" bgcolor="#FFFFFF"
             type="circle" x="318" y="743" width="8" height="8"/>
    </entry>
    <entry id="25" name="cpd:C00044" type="compound"
        link="https://www.kegg.jp/dbget-bin/www_bget?C00044">
        <graphics name="C00044" fgcolor="#000000" bgcolor="#FFFFFF"
             type="circle" x="705" y="743" width="8" height="8"/>
    </entry>
    <entry id="26" name="ko:K01239" type="ortholog" reaction="rn:R01677"
        link="https://www.kegg.jp/dbget-bin/www_bget?K01239">
        <graphics name="K01239" fgcolor="#000000" bgcolor="#FFFFFF"
             type="line" coords="314,747,196,747"/>
    </entry>
    <entry id="27" name="hsa:100526794 hsa:22978 hsa:284958 hsa:30833 hsa:4907 hsa:56953 hsa:84618 hsa:93034" type="gene" reaction="rn:R01227"
        link="https://www.kegg.jp/dbget-bin/www_bget?hsa:100526794+hsa:22978+hsa:284958+hsa:30833+hsa:4907+hsa:56953+hsa:84618+hsa:93034">
        <graphics name="NT5C1B-RDH14, AIRP, NT5C1B, cN-IB, cN1B..." fgcolor="#66CC66" bgcolor="#FFFFFF"
             type="line" coords="442,747,324,747"/>
    </entry>
    <entry id="28" name="hsa:2987" type="gene" reaction="rn:R00332"
        link="https://www.kegg.jp/dbget-bin/www_bget?hsa:2987">
        <graphics name="GUK1, GMK" fgcolor="#66CC66" bgcolor="#FFFFFF"
             type="line" coords="453,738,571,738"/>
    </entry>
    <entry id="29" name="hsa:10201 hsa:221264 hsa:29922 hsa:4830 hsa:4831 hsa:4832 hsa:4833 hsa:654364" type="gene" reaction="rn:R00330"
        link="https://www.kegg.jp/dbget-bin/www_bget?hsa:10201+hsa:221264+hsa:29922+hsa:4830+hsa:4831+hsa:4832+hsa:4833+hsa:654364">
        <graphics name="NME6, IPIA-ALPHA, NDK_6, NM23-H6..." fgcolor="#66CC66" bgcolor="#FFFFFF"
             type="line" coords="581,738,699,738"/>
    </entry>
    <entry id="30" name="hsa:4860" type="gene" reaction="rn:R02297"
        link="https://www.kegg.jp/dbget-bin/www_bget?hsa:4860">
        <graphics name="PNP, NP, PRO1837, PUNP" fgcolor="#66CC66" bgcolor="#FFFFFF"
             type="line" coords="196,618,314,618"/>
    </entry>
    <entry id="31" name="hsa:100526794 hsa:22978 hsa:284958 hsa:30833 hsa:4907 hsa:56953 hsa:84618 hsa:93034" type="gene" reaction="rn:R02719"
        link="https://www.kegg.jp/dbget-bin/www_bget?hsa:100526794+hsa:22978+hsa:284958+hsa:30833+hsa:4907+hsa:56953+hsa:84618+hsa:93034">
        <graphics name="NT5C1B-RDH14, AIRP, NT5C1B, cN-IB, cN1B..." fgcolor="#66CC66" bgcolor="#FFFFFF"
             type="line" coords="442,623,324,623"/>
    </entry>
    <entry id="32" name="cpd:C00385" type="compound"
        link="https://www.kegg.jp/dbget-bin/www_bget?C00385">
        <graphics name="C00385" fgcolor="#000000" bgcolor="#FFFFFF"
             type="circle" x="191" y="623" width="8" height="8"/>
    </entry>
    <entry id="33" name="cpd:C01762" type="compound"
        link="https://www.kegg.jp/dbget-bin/www_bget?C01762">
        <graphics name="C01762" fgcolor="#000000" bgcolor="#FFFFFF"
             type="circle" x="318" y="623" width="8" height="8"/>
    </entry>
    <entry id="34" name="cpd:C00655" type="compound"
        link="https://www.kegg.jp/dbget-bin/www_bget?C00655">
        <graphics name="C00655" fgcolor="#000000" bgcolor="#FFFFFF"
             type="circle" x="448" y="623" width="8" height="8"/>
    </entry>
    <entry id="35" name="cpd:C00700" type="compound"
        link="https://www.kegg.jp/dbget-bin/www_bget?C00700">
        <graphics name="C00700" fgcolor="#000000" bgcolor="#FFFFFF"
             type="circle" x="705" y="623" width="8" height="8"/>
    </entry>
    <entry id="36" name="cpd:C01337" type="compound"
        link="https://www.kegg.jp/dbget-bin/www_bget?C01337">
        <graphics name="C01337" fgcolor="#000000" bgcolor="#FFFFFF"
             type="circle" x="576" y="623" width="8" height="8"/>
    </entry>
    <entry id="37" name="cpd:C00559" type="compound"
        link="https://www.kegg.jp/dbget-bin/www_bget?C00559">
        <graphics name="C00559" fgcolor="#000000" bgcolor="#FFFFFF"
             type="circle" x="320" y="247" width="8" height="8"/>
    </entry>
    <entry id="38" name="cpd:C00360" type="compound"
        link="https://www.kegg.jp/dbget-bin/www_bget?C00360">
        <graphics name="C00360" fgcolor="#000000" bgcolor="#FFFFFF"
             type="circle" x="448" y="247" width="8" height="8"/>
    </entry>
    <entry id="39" name="cpd:C00206" type="compound"
        link="https://www.kegg.jp/dbget-bin/www_bget?C00206">
        <graphics name="C00206" fgcolor="#000000" bgcolor="#FFFFFF"
             type="circle" x="576" y="247" width="8" height="8"/>
    </entry>
    <entry id="40" name="cpd:C00131" type="compound"
        link="https://www.kegg.jp/dbget-bin/www_bget?C00131">
        <graphics name="C00131" fgcolor="#000000" bgcolor="#FFFFFF"
             type="circle" x="705" y="247" width="8" height="8"/>
    </entry>
    <entry id="41" name="hsa:102157402 hsa:122481 hsa:158067 hsa:203 hsa:204 hsa:205 hsa:221264 hsa:26289" type="gene" reaction="rn:R01547"
        link="https://www.kegg.jp/dbget-bin/www_bget?hsa:102157402+hsa:122481+hsa:158067+hsa:203+hsa:204+hsa:205+hsa:221264+hsa:26289">
        <graphics name="AK6, AD-004, CGI-137, CINAP, CIP, hCINAP..." fgcolor="#66CC66" bgcolor="#FFFFFF"
             type="line" coords="454,247,570,247"/>
    </entry>
    <entry id="42" name="hsa:10201 hsa:221264 hsa:29922 hsa:4830 hsa:4831 hsa:4832 hsa:4833 hsa:654364" type="gene" reaction="rn:R01137"
        link="https://www.kegg.jp/dbget-bin/www_bget?hsa:10201+hsa:221264+hsa:29922+hsa:4830+hsa:4831+hsa:4832+hsa:4833+hsa:654364">
        <graphics name="NME6, IPIA-ALPHA, NDK_6, NM23-H6..." fgcolor="#66CC66" bgcolor="#FFFFFF"
             type="line" coords="582,247,699,247"/>
    </entry>
    <entry id="43" name="hsa:1633" type="gene" reaction="rn:R02089"
        link="https://www.kegg.jp/dbget-bin/www_bget?hsa:1633">
        <graphics name="DCK" fgcolor="#66CC66" bgcolor="#FFFFFF"
             type="line" coords="325,242,443,242"/>
    </entry>
    <entry id="44" name="cpd:C01345" type="compound"
        link="https://www.kegg.jp/dbget-bin/www_bget?C01345">
        <graphics name="C01345" fgcolor="#000000" bgcolor="#FFFFFF"
             type="circle" x="705" y="127" width="8" height="8"/>
    </entry>
    <entry id="45" name="cpd:C01344" type="compound"
        link="https://www.kegg.jp/dbget-bin/www_bget?C01344">
        <graphics name="C01344" fgcolor="#000000" bgcolor="#FFFFFF"
             type="circle" x="576" y="127" width="8" height="8"/>
    </entry>
    <entry id="46" name="cpd:C06196" type="compound"
        link="https://www.kegg.jp/dbget-bin/www_bget?C06196">
        <graphics name="C06196" fgcolor="#000000" bgcolor="#FFFFFF"
             type="circle" x="448" y="127" width="8" height="8"/>
    </entry>
    <entry id="47" name="hsa:10201 hsa:221264 hsa:29922 hsa:4830 hsa:4831 hsa:4832 hsa:4833 hsa:654364" type="gene" reaction="rn:R03530"
        link="https://www.kegg.jp/dbget-bin/www_bget?hsa:10201+hsa:221264+hsa:29922+hsa:4830+hsa:4831+hsa:4832+hsa:4833+hsa:654364">
        <graphics name="NME6, IPIA-ALPHA, NDK_6, NM23-H6..." fgcolor="#66CC66" bgcolor="#FFFFFF"
             type="line" coords="582,127,699,127"/>
    </entry>
    <entry id="48" name="hsa:131870" type="gene" reaction="rn:R10235"
        link="https://www.kegg.jp/dbget-bin/www_bget?hsa:131870">
        <graphics name="NUDT16" fgcolor="#66CC66" bgcolor="#FFFFFF"
             type="line" coords="454,127,572,127"/>
    </entry>
    <entry id="49" name="cpd:C05512" type="compound"
        link="https://www.kegg.jp/dbget-bin/www_bget?C05512">
        <graphics name="C05512" fgcolor="#000000" bgcolor="#FFFFFF"
             type="circle" x="320" y="127" width="8" height="8"/>
    </entry>
    <entry id="50" name="cpd:C00330" type="compound"
        link="https://www.kegg.jp/dbget-bin/www_bget?C00330">
        <graphics name="C00330" fgcolor="#000000" bgcolor="#FFFFFF"
             type="circle" x="318" y="863" width="8" height="8"/>
    </entry>
    <entry id="51" name="cpd:C00362" type="compound"
        link="https://www.kegg.jp/dbget-bin/www_bget?C00362">
        <graphics name="C00362" fgcolor="#000000" bgcolor="#FFFFFF"
             type="circle" x="448" y="863" width="8" height="8"/>
    </entry>
    <entry id="52" name="cpd:C00286" type="compound"
        link="https://www.kegg.jp/dbget-bin/www_bget?C00286">
        <graphics name="C00286" fgcolor="#000000" bgcolor="#FFFFFF"
             type="circle" x="705" y="863" width="8" height="8"/>
    </entry>
    <entry id="53" name="cpd:C00361" type="compound"
        link="https://www.kegg.jp/dbget-bin/www_bget?C00361">
        <graphics name="C00361" fgcolor="#000000" bgcolor="#FFFFFF"
             type="circle" x="576" y="863" width="8" height="8"/>
    </entry>
    <entry id="54" name="hsa:100526794 hsa:22978 hsa:284958 hsa:30833 hsa:4907 hsa:51020 hsa:56953 hsa:84618 hsa:93034" type="gene" reaction="rn:R01968"
        link="https://www.kegg.jp/dbget-bin/www_bget?hsa:100526794+hsa:22978+hsa:284958+hsa:30833+hsa:4907+hsa:51020+hsa:56953+hsa:84618+hsa:93034">
        <graphics name="NT5C1B-RDH14, AIRP, NT5C1B, cN-IB, cN1B..." fgcolor="#66CC66" bgcolor="#FFFFFF"
             type="line" coords="442,868,324,868"/>
    </entry>
    <entry id="55" name="hsa:2987" type="gene" reaction="rn:R02090"
        link="https://www.kegg.jp/dbget-bin/www_bget?hsa:2987">
        <graphics name="GUK1, GMK" fgcolor="#66CC66" bgcolor="#FFFFFF"
             type="line" coords="454,863,570,863"/>
    </entry>
    <entry id="56" name="hsa:10201 hsa:221264 hsa:29922 hsa:4830 hsa:4831 hsa:4832 hsa:4833 hsa:654364" type="gene" reaction="rn:R01857"
        link="https://www.kegg.jp/dbget-bin/www_bget?hsa:10201+hsa:221264+hsa:29922+hsa:4830+hsa:4831+hsa:4832+hsa:4833+hsa:654364">
        <graphics name="NME6, IPIA-ALPHA, NDK_6, NM23-H6..." fgcolor="#66CC66" bgcolor="#FFFFFF"
             type="line" coords="582,863,699,863"/>
    </entry>
    <entry id="57" name="hsa:122622 hsa:159" type="gene" reaction="rn:R01135"
        link="https://www.kegg.jp/dbget-bin/www_bget?hsa:122622+hsa:159">
        <graphics name="ADSS1, ADSSL1, MPD5..." fgcolor="#66CC66" bgcolor="#FFFFFF"
             type="line" coords="445,496,445,441"/>
    </entry>
    <entry id="58" name="hsa:158" type="gene" reaction="rn:R01083"
        link="https://www.kegg.jp/dbget-bin/www_bget?hsa:158">
        <graphics name="ADSL, AMPS, ASASE, ASL" fgcolor="#66CC66" bgcolor="#FFFFFF"
             type="line" coords="445,431,445,376"/>
    </entry>
    <entry id="59" name="cpd:C03794" type="compound"
        link="https://www.kegg.jp/dbget-bin/www_bget?C03794">
        <graphics name="C03794" fgcolor="#000000" bgcolor="#FFFFFF"
             type="circle" x="445" y="435" width="8" height="8"/>
    </entry>
    <entry id="60" name="hsa:100526794 hsa:22978 hsa:284958 hsa:30833 hsa:4907 hsa:56953 hsa:84618 hsa:93034" type="gene" reaction="rn:R00183"
        link="https://www.kegg.jp/dbget-bin/www_bget?hsa:100526794+hsa:22978+hsa:284958+hsa:30833+hsa:4907+hsa:56953+hsa:84618+hsa:93034">
        <graphics name="NT5C1B-RDH14, AIRP, NT5C1B, cN-IB, cN1B..." fgcolor="#66CC66" bgcolor="#FFFFFF"
             type="line" coords="443,372,325,372"/>
    </entry>
    <entry id="61" name="hsa:102157402 hsa:122481 hsa:158067 hsa:203 hsa:204 hsa:205 hsa:221264 hsa:26289 hsa:50808" type="gene" reaction="rn:R00127 rn:R00333"
        link="https://www.kegg.jp/dbget-bin/www_bget?hsa:102157402+hsa:122481+hsa:158067+hsa:203+hsa:204+hsa:205+hsa:221264+hsa:26289+hsa:50808">
        <graphics name="AK6, AD-004, CGI-137, CINAP, CIP, hCINAP..." fgcolor="#66CC66" bgcolor="#FFFFFF"
             type="line" coords="571,363,453,363"/>
    </entry>
    <entry id="62" name="hsa:10201 hsa:221264 hsa:29922 hsa:4830 hsa:4831 hsa:4832 hsa:4833 hsa:654364" type="gene" reaction="rn:R00331"
        link="https://www.kegg.jp/dbget-bin/www_bget?hsa:10201+hsa:221264+hsa:29922+hsa:4830+hsa:4831+hsa:4832+hsa:4833+hsa:654364">
        <graphics name="NME6, IPIA-ALPHA, NDK_6, NM23-H6..." fgcolor="#66CC66" bgcolor="#FFFFFF"
             type="line" coords="700,363,582,363"/>
    </entry>
    <entry id="63" name="hsa:5167 hsa:5169" type="gene" reaction="rn:R00087"
        link="https://www.kegg.jp/dbget-bin/www_bget?hsa:5167+hsa:5169">
        <graphics name="ENPP1, ARHR2, COLED, M6S1, NPP1, NPPS, PC-1, PCA1, PDNP1..." fgcolor="#66CC66" bgcolor="#FFFFFF"
             type="line" coords="700,358,700,339,700,339,700,337,699,336,699,334,698,333,697,332,696,331,694,331,693,330,691,330,691,330,460,330,460,330,458,330,457,331,455,331,454,332,453,333,452,334,452,336,451,337,451,339,451,339,451,360"/>
    </entry>
    <entry id="64" name="hsa:144811 hsa:4860" type="gene" reaction="rn:R01561"
        link="https://www.kegg.jp/dbget-bin/www_bget?hsa:144811+hsa:4860">
        <graphics name="LACC1, C13orf31, FAMIN, JUVAR..." fgcolor="#66CC66" bgcolor="#FFFFFF"
             type="line" coords="315,363,197,363"/>
    </entry>
    <entry id="65" name="ko:K01241 ko:K06966 ko:K18931" type="ortholog" reaction="rn:R00182 rn:R10836"
        link="https://www.kegg.jp/dbget-bin/www_bget?K01241+K06966+K18931">
        <graphics name="K01241..." fgcolor="#000000" bgcolor="#FFFFFF"
             type="line" coords="445,359,445,339,445,339,445,337,444,336,444,334,443,333,441,332,440,331,439,331,437,330,436,330,436,330,204,330,204,330,202,330,201,331,199,331,198,332,197,333,196,334,196,336,195,337,195,339,195,339,195,361"/>
    </entry>
    <entry id="66" name="hsa:353" type="gene" reaction="rn:R00190"
        link="https://www.kegg.jp/dbget-bin/www_bget?hsa:353">
        <graphics name="APRT, AMP, APRTD" fgcolor="#66CC66" bgcolor="#FFFFFF"
             type="line" coords="197,376,197,398,197,398,197,399,198,401,198,402,199,403,200,405,201,406,203,406,204,407,206,407,206,407,430,407,430,407,431,407,433,406,434,406,435,405,437,403,438,402,438,401,439,399,439,398,439,398,439,376"/>
    </entry>
    <entry id="67" name="hsa:50484 hsa:6240 hsa:6241" type="gene" reaction="rn:R02017"
        link="https://www.kegg.jp/dbget-bin/www_bget?hsa:50484+hsa:6240+hsa:6241">
        <graphics name="RRM2B, MTDPS8A, MTDPS8B, P53R2, RCDFRD..." fgcolor="#66CC66" bgcolor="#FFFFFF"
             type="line" coords="576,363,576,253"/>
    </entry>
    <entry id="68" name="ko:K00527 ko:K00524 ko:K21636" type="ortholog" reaction="rn:R02014 rn:R11634"
        link="https://www.kegg.jp/dbget-bin/www_bget?K00527+K00524+K21636">
        <graphics name="K00527..." fgcolor="#000000" bgcolor="#FFFFFF"
             type="line" coords="705,363,705,253"/>
    </entry>
    <entry id="69" name="hsa:100526794 hsa:22978 hsa:284958 hsa:30833 hsa:4907 hsa:51020 hsa:56953 hsa:84618 hsa:93034" type="gene" reaction="rn:R02088"
        link="https://www.kegg.jp/dbget-bin/www_bget?hsa:100526794+hsa:22978+hsa:284958+hsa:30833+hsa:4907+hsa:51020+hsa:56953+hsa:84618+hsa:93034">
        <graphics name="NT5C1B-RDH14, AIRP, NT5C1B, cN-IB, cN1B..." fgcolor="#66CC66" bgcolor="#FFFFFF"
             type="line" coords="443,252,325,252"/>
    </entry>
    <entry id="70" name="hsa:100526794 hsa:22978 hsa:284958 hsa:30833 hsa:4907 hsa:56953 hsa:84618 hsa:93034" type="gene" reaction="rn:R01126"
        link="https://www.kegg.jp/dbget-bin/www_bget?hsa:100526794+hsa:22978+hsa:284958+hsa:30833+hsa:4907+hsa:56953+hsa:84618+hsa:93034">
        <graphics name="NT5C1B-RDH14, AIRP, NT5C1B, cN-IB, cN1B..." fgcolor="#66CC66" bgcolor="#FFFFFF"
             type="line" coords="444,507,326,507"/>
    </entry>
    <entry id="71" name="hsa:100 hsa:144811 hsa:51816" type="gene" reaction="rn:R01560"
        link="https://www.kegg.jp/dbget-bin/www_bget?hsa:100+hsa:144811+hsa:51816">
        <graphics name="ADA, ADA1..." fgcolor="#66CC66" bgcolor="#FFFFFF"
             type="line" coords="320,371,320,497"/>
    </entry>
    <entry id="72" name="ko:K01239 ko:K25589" type="ortholog" reaction="rn:R01770"
        link="https://www.kegg.jp/dbget-bin/www_bget?K01239+K25589">
        <graphics name="K01239..." fgcolor="#000000" bgcolor="#FFFFFF"
             type="line" coords="314,507,196,507"/>
    </entry>
    <entry id="73" name="hsa:3251" type="gene" reaction="rn:R01132"
        link="https://www.kegg.jp/dbget-bin/www_bget?hsa:3251">
        <graphics name="HPRT1, HGPRT, HPRT" fgcolor="#66CC66" bgcolor="#FFFFFF"
             type="line" coords="196,512,196,534,196,534,196,535,197,537,197,538,198,539,199,541,200,542,202,542,203,543,205,543,205,543,433,543,433,543,435,543,436,542,438,542,439,541,440,539,441,538,441,537,442,535,442,534,442,534,442,513"/>
    </entry>
    <entry id="74" name="hsa:10201 hsa:221264 hsa:29922 hsa:4830 hsa:4831 hsa:4832 hsa:4833 hsa:654364" type="gene" reaction="rn:R00722"
        link="https://www.kegg.jp/dbget-bin/www_bget?hsa:10201+hsa:221264+hsa:29922+hsa:4830+hsa:4831+hsa:4832+hsa:4833+hsa:654364">
        <graphics name="NME6, IPIA-ALPHA, NDK_6, NM23-H6..." fgcolor="#66CC66" bgcolor="#FFFFFF"
             type="line" coords="700,498,582,498"/>
    </entry>
    <entry id="75" name="hsa:3704" type="gene" reaction="rn:R00720"
        link="https://www.kegg.jp/dbget-bin/www_bget?hsa:3704">
        <graphics name="ITPA, C20orf37, DEE35, HLC14-06-P, ITPase, My049, NTPase, dJ794I6.3" fgcolor="#66CC66" bgcolor="#FFFFFF"
             type="line" coords="705,498,705,474,705,474,705,473,704,471,704,470,703,469,701,467,700,466,699,466,697,465,696,465,696,465,472,465,472,465,470,465,469,466,467,466,466,467,465,469,464,470,464,471,463,473,463,474,463,474,463,496"/>
    </entry>
    <entry id="76" name="hsa:3704" type="gene" reaction="rn:R03531"
        link="https://www.kegg.jp/dbget-bin/www_bget?hsa:3704">
        <graphics name="ITPA, C20orf37, DEE35, HLC14-06-P, ITPase, My049, NTPase, dJ794I6.3" fgcolor="#66CC66" bgcolor="#FFFFFF"
             type="line" coords="705,122,705,100,705,100,705,99,704,97,704,96,703,95,701,93,700,92,699,92,697,91,696,91,696,91,457,91,457,91,455,91,454,92,452,92,451,93,450,95,449,96,449,97,448,99,448,100,448,100,448,121"/>
    </entry>
    <entry id="77" name="hsa:100 hsa:51816" type="gene" reaction="rn:R02556"
        link="https://www.kegg.jp/dbget-bin/www_bget?hsa:100+hsa:51816">
        <graphics name="ADA, ADA1..." fgcolor="#66CC66" bgcolor="#FFFFFF"
             type="line" coords="320,243,320,133"/>
    </entry>
    <entry id="78" name="hsa:377841 hsa:953 hsa:956" type="gene" reaction="rn:R00335"
        link="https://www.kegg.jp/dbget-bin/www_bget?hsa:377841+hsa:953+hsa:956">
        <graphics name="ENTPD8, E-NTPDase, GLSR2492, NTPDase-8, UNQ2492..." fgcolor="#66CC66" bgcolor="#FFFFFF"
             type="line" coords="699,747,581,747"/>
    </entry>
    <entry id="79" name="ko:K00527 ko:K00524 ko:K21636" type="ortholog" reaction="rn:R02020 rn:R11633"
        link="https://www.kegg.jp/dbget-bin/www_bget?K00527+K00524+K21636">
        <graphics name="K00527..." fgcolor="#000000" bgcolor="#FFFFFF"
             type="line" coords="705,747,705,857"/>
    </entry>
    <entry id="80" name="hsa:50484 hsa:6240 hsa:6241" type="gene" reaction="rn:R02019"
        link="https://www.kegg.jp/dbget-bin/www_bget?hsa:50484+hsa:6240+hsa:6241">
        <graphics name="RRM2B, MTDPS8A, MTDPS8B, P53R2, RCDFRD..." fgcolor="#66CC66" bgcolor="#FFFFFF"
             type="line" coords="576,747,576,857"/>
    </entry>
    <entry id="81" name="hsa:3614 hsa:3615" type="gene" reaction="rn:R01130"
        link="https://www.kegg.jp/dbget-bin/www_bget?hsa:3614+hsa:3615">
        <graphics name="IMPDH1, IMPD, IMPD1, IMPDH-I, LCA11, RP10, sWSS2608..." fgcolor="#66CC66" bgcolor="#FFFFFF"
             type="line" coords="448,507,448,615"/>
    </entry>
    <entry id="82" name="ko:K01239" type="ortholog" reaction="rn:R02143"
        link="https://www.kegg.jp/dbget-bin/www_bget?K01239">
        <graphics name="K01239" fgcolor="#000000" bgcolor="#FFFFFF"
             type="line" coords="314,627,196,627"/>
    </entry>
    <entry id="83" name="hsa:3251" type="gene" reaction="rn:R02142"
        link="https://www.kegg.jp/dbget-bin/www_bget?hsa:3251">
        <graphics name="HPRT1, HGPRT, HPRT" fgcolor="#66CC66" bgcolor="#FFFFFF"
             type="line" coords="197,633,197,651,197,651,197,653,198,654,198,656,199,657,200,658,201,659,203,659,204,660,206,660,206,660,433,660,433,660,435,660,436,659,438,659,439,658,440,657,441,656,441,654,442,653,442,651,442,651,442,629"/>
    </entry>
    <entry id="84" name="hsa:7498" type="gene" reaction="rn:R01769 rn:R01768"
        link="https://www.kegg.jp/dbget-bin/www_bget?hsa:7498">
        <graphics name="XDH, XAN1, XO, XOR" fgcolor="#66CC66" bgcolor="#FFFFFF"
             type="line" coords="191,507,191,617"/>
    </entry>
    <entry id="85" name="ko:K00892 ko:K22026" type="ortholog" reaction="rn:R01228"
        link="https://www.kegg.jp/dbget-bin/www_bget?K00892+K22026">
        <graphics name="K00892..." fgcolor="#000000" bgcolor="#FFFFFF"
             type="line" coords="324,738,442,738"/>
    </entry>
    <entry id="86" name="hsa:144811 hsa:4860" type="gene" reaction="rn:R02147"
        link="https://www.kegg.jp/dbget-bin/www_bget?hsa:144811+hsa:4860">
        <graphics name="LACC1, C13orf31, FAMIN, JUVAR..." fgcolor="#66CC66" bgcolor="#FFFFFF"
             type="line" coords="196,738,314,738"/>
    </entry>
    <entry id="87" name="hsa:3251" type="gene" reaction="rn:R01229"
        link="https://www.kegg.jp/dbget-bin/www_bget?hsa:3251">
        <graphics name="HPRT1, HGPRT, HPRT" fgcolor="#66CC66" bgcolor="#FFFFFF"
             type="line" coords="196,751,196,771,196,771,196,773,197,774,197,776,198,777,199,778,200,779,202,779,203,780,205,780,205,780,439,780,439,780,441,780,442,779,444,779,445,778,446,777,447,776,447,774,448,773,448,771,448,771,448,749"/>
    </entry>
    <entry id="88" name="hsa:124583 hsa:377841 hsa:953 hsa:955 hsa:956 hsa:957 hsa:9583" type="gene" reaction="rn:R00328"
        link="https://www.kegg.jp/dbget-bin/www_bget?hsa:124583+hsa:377841+hsa:953+hsa:955+hsa:956+hsa:957+hsa:9583">
        <graphics name="CANT1, DBQD, DBQD1, EDM7, SCAN-1, SCAN1, SHAPY..." fgcolor="#66CC66" bgcolor="#FFFFFF"
             type="line" coords="571,747,453,747"/>
    </entry>
    <entry id="89" name="hsa:5167 hsa:5169" type="gene" reaction="rn:R00426"
        link="https://www.kegg.jp/dbget-bin/www_bget?hsa:5167+hsa:5169">
        <graphics name="ENPP1, ARHR2, COLED, M6S1, NPP1, NPPS, PC-1, PCA1, PDNP1..." fgcolor="#66CC66" bgcolor="#FFFFFF"
             type="line" coords="705,736,705,719,705,719,705,717,704,716,704,714,703,713,701,712,700,711,699,711,697,710,696,710,696,710,463,710,463,710,461,710,460,711,458,711,457,712,456,713,455,714,455,716,454,717,454,719,454,719,454,735"/>
    </entry>
    <entry id="91" name="ko:K01129" type="ortholog" reaction="rn:R01856"
        link="https://www.kegg.jp/dbget-bin/www_bget?K01129">
        <graphics name="K01129" fgcolor="#000000" bgcolor="#FFFFFF"
             type="line" coords="705,867,705,893,705,893,705,895,704,896,704,898,703,899,701,900,700,901,699,901,697,902,696,902,696,902,327,902,327,902,325,902,324,901,322,901,321,900,320,899,319,898,319,896,318,895,318,893,318,893,318,869"/>
    </entry>
    <entry id="92" name="hsa:1633 hsa:1716" type="gene" reaction="rn:R01967"
        link="https://www.kegg.jp/dbget-bin/www_bget?hsa:1633+hsa:1716">
        <graphics name="DCK..." fgcolor="#66CC66" bgcolor="#FFFFFF"
             type="line" coords="324,859,442,859"/>
    </entry>
    <entry id="93" name="hsa:4860" type="gene" reaction="rn:R01969"
        link="https://www.kegg.jp/dbget-bin/www_bget?hsa:4860">
        <graphics name="PNP, NP, PRO1837, PUNP" fgcolor="#66CC66" bgcolor="#FFFFFF"
             type="line" coords="191,749,191,854,191,854,191,855,192,857,192,858,193,859,194,861,195,862,197,862,198,863,200,863,200,863,312,863"/>
    </entry>
    <entry id="94" name="hsa:9615" type="gene" reaction="rn:R01676"
        link="https://www.kegg.jp/dbget-bin/www_bget?hsa:9615">
        <graphics name="GDA, CYPIN, GAH, GUANASE, NEDASIN" fgcolor="#66CC66" bgcolor="#FFFFFF"
             type="line" coords="191,739,191,629"/>
    </entry>
    <entry id="95" name="hsa:4860" type="gene" reaction="rn:R02557"
        link="https://www.kegg.jp/dbget-bin/www_bget?hsa:4860">
        <graphics name="PNP, NP, PRO1837, PUNP" fgcolor="#66CC66" bgcolor="#FFFFFF"
             type="line" coords="314,247,196,247,196,247,194,247,193,248,191,248,190,249,189,251,188,252,188,253,187,255,187,256,187,256,187,361"/>
    </entry>
    <entry id="96" name="hsa:4860" type="gene" reaction="rn:R02748"
        link="https://www.kegg.jp/dbget-bin/www_bget?hsa:4860">
        <graphics name="PNP, NP, PRO1837, PUNP" fgcolor="#66CC66" bgcolor="#FFFFFF"
             type="line" coords="314,127,141,127,141,127,139,127,138,128,136,128,135,129,134,131,133,132,133,133,132,135,132,136,132,136,132,494,132,494,132,495,133,497,133,498,134,499,135,501,136,502,138,502,139,503,141,503,141,503,185,503"/>
    </entry>
    <entry id="97" name="hsa:8833" type="gene" reaction="rn:R01230 rn:R01231"
        link="https://www.kegg.jp/dbget-bin/www_bget?hsa:8833">
        <graphics name="GMPS, GATD7" fgcolor="#66CC66" bgcolor="#FFFFFF"
             type="line" coords="448,627,448,735"/>
    </entry>
    <entry id="98" name="hsa:2766 hsa:51292" type="gene" reaction="rn:R01134"
        link="https://www.kegg.jp/dbget-bin/www_bget?hsa:2766+hsa:51292">
        <graphics name="GMPR, GMPR_1, GMPR1..." fgcolor="#66CC66" bgcolor="#FFFFFF"
             type="line" coords="457,733,488,733,488,733,489,733,491,732,492,732,493,731,495,729,496,728,496,727,497,725,497,724,497,724,497,520,497,520,497,519,496,517,496,516,495,515,493,513,492,512,491,512,489,511,488,511,488,511,454,511"/>
    </entry>
    <entry id="99" name="ko:K01486 ko:K21053" type="ortholog" reaction="rn:R01244"
        link="https://www.kegg.jp/dbget-bin/www_bget?K01486+K21053">
        <graphics name="K01486..." fgcolor="#000000" bgcolor="#FFFFFF"
             type="line" coords="191,371,191,497"/>
    </entry>
    <entry id="100" name="hsa:3704" type="gene" reaction="rn:R02720"
        link="https://www.kegg.jp/dbget-bin/www_bget?hsa:3704">
        <graphics name="ITPA, C20orf37, DEE35, HLC14-06-P, ITPase, My049, NTPase, dJ794I6.3" fgcolor="#66CC66" bgcolor="#FFFFFF"
             type="line" coords="705,619,705,597,705,597,705,595,704,594,704,592,703,591,701,590,700,589,699,589,697,588,696,588,696,588,465,588,465,588,463,588,462,589,460,589,459,590,458,591,457,592,457,594,456,595,456,597,456,597,456,615"/>
    </entry>
    <entry id="103" name="cpd:C00105" type="compound"
        link="https://www.kegg.jp/dbget-bin/www_bget?C00105">
        <graphics name="C00105" fgcolor="#000000" bgcolor="#FFFFFF"
             type="circle" x="448" y="1042" width="8" height="8"/>
    </entry>
    <entry id="104" name="cpd:C00015" type="compound"
        link="https://www.kegg.jp/dbget-bin/www_bget?C00015">
        <graphics name="C00015" fgcolor="#000000" bgcolor="#FFFFFF"
             type="circle" x="576" y="1042" width="8" height="8"/>
    </entry>
    <entry id="105" name="cpd:C00075" type="compound"
        link="https://www.kegg.jp/dbget-bin/www_bget?C00075">
        <graphics name="C00075" fgcolor="#000000" bgcolor="#FFFFFF"
             type="circle" x="705" y="1042" width="8" height="8"/>
    </entry>
    <entry id="106" name="hsa:129607 hsa:51727" type="gene" reaction="rn:R00158"
        link="https://www.kegg.jp/dbget-bin/www_bget?hsa:129607+hsa:51727">
        <graphics name="CMPK2, NDK, TMPK2, TYKi, UMP-CMPK2..." fgcolor="#66CC66" bgcolor="#FFFFFF"
             type="line" coords="571,1037,453,1037"/>
    </entry>
    <entry id="107" name="hsa:10201 hsa:221264 hsa:29922 hsa:4830 hsa:4831 hsa:4832 hsa:4833 hsa:654364" type="gene" reaction="rn:R00156"
        link="https://www.kegg.jp/dbget-bin/www_bget?hsa:10201+hsa:221264+hsa:29922+hsa:4830+hsa:4831+hsa:4832+hsa:4833+hsa:654364">
        <graphics name="NME6, IPIA-ALPHA, NDK_6, NM23-H6..." fgcolor="#66CC66" bgcolor="#FFFFFF"
             type="line" coords="582,1037,700,1037"/>
    </entry>
    <entry id="108" name="cpd:C00299" type="compound"
        link="https://www.kegg.jp/dbget-bin/www_bget?C00299">
        <graphics name="C00299" fgcolor="#000000" bgcolor="#FFFFFF"
             type="circle" x="318" y="1042" width="8" height="8"/>
    </entry>
    <entry id="109" name="hsa:54963 hsa:7371 hsa:83549" type="gene" reaction="rn:R00964 rn:R00968"
        link="https://www.kegg.jp/dbget-bin/www_bget?hsa:54963+hsa:7371+hsa:83549">
        <graphics name="UCKL1, UCK1L, URKL1..." fgcolor="#66CC66" bgcolor="#FFFFFF"
             type="line" coords="324,1037,442,1037"/>
    </entry>
    <entry id="110" name="hsa:151531 hsa:7378" type="gene" reaction="rn:R01876"
        link="https://www.kegg.jp/dbget-bin/www_bget?hsa:151531+hsa:7378">
        <graphics name="UPP2, UDRPASE2, UP2, UPASE2..." fgcolor="#66CC66" bgcolor="#FFFFFF"
             type="line" coords="196,1037,314,1037"/>
    </entry>
    <entry id="111" name="cpd:C00106" type="compound"
        link="https://www.kegg.jp/dbget-bin/www_bget?C00106">
        <graphics name="C00106" fgcolor="#000000" bgcolor="#FFFFFF"
             type="circle" x="191" y="1042" width="8" height="8"/>
    </entry>
    <entry id="112" name="cpd:C00055" type="compound"
        link="https://www.kegg.jp/dbget-bin/www_bget?C00055">
        <graphics name="C00055" fgcolor="#000000" bgcolor="#FFFFFF"
             type="circle" x="448" y="1162" width="8" height="8"/>
    </entry>
    <entry id="113" name="cpd:C00112" type="compound"
        link="https://www.kegg.jp/dbget-bin/www_bget?C00112">
        <graphics name="C00112" fgcolor="#000000" bgcolor="#FFFFFF"
             type="circle" x="576" y="1162" width="8" height="8"/>
    </entry>
    <entry id="114" name="cpd:C00063" type="compound"
        link="https://www.kegg.jp/dbget-bin/www_bget?C00063">
        <graphics name="C00063" fgcolor="#000000" bgcolor="#FFFFFF"
             type="circle" x="705" y="1162" width="8" height="8"/>
    </entry>
    <entry id="115" name="cpd:C00475" type="compound"
        link="https://www.kegg.jp/dbget-bin/www_bget?C00475">
        <graphics name="C00475" fgcolor="#000000" bgcolor="#FFFFFF"
             type="circle" x="318" y="1162" width="8" height="8"/>
    </entry>
    <entry id="116" name="cpd:C00380" type="compound"
        link="https://www.kegg.jp/dbget-bin/www_bget?C00380">
        <graphics name="C00380" fgcolor="#000000" bgcolor="#FFFFFF"
             type="circle" x="191" y="1162" width="8" height="8"/>
    </entry>
    <entry id="117" name="cpd:C00239" type="compound"
        link="https://www.kegg.jp/dbget-bin/www_bget?C00239">
        <graphics name="C00239" fgcolor="#000000" bgcolor="#FFFFFF"
             type="circle" x="448" y="1282" width="8" height="8"/>
    </entry>
    <entry id="118" name="cpd:C00705" type="compound"
        link="https://www.kegg.jp/dbget-bin/www_bget?C00705">
        <graphics name="C00705" fgcolor="#000000" bgcolor="#FFFFFF"
             type="circle" x="576" y="1282" width="8" height="8"/>
    </entry>
    <entry id="119" name="cpd:C00458" type="compound"
        link="https://www.kegg.jp/dbget-bin/www_bget?C00458">
        <graphics name="C00458" fgcolor="#000000" bgcolor="#FFFFFF"
             type="circle" x="705" y="1282" width="8" height="8"/>
    </entry>
    <entry id="120" name="hsa:129607 hsa:51727" type="gene" reaction="rn:R01665"
        link="https://www.kegg.jp/dbget-bin/www_bget?hsa:129607+hsa:51727">
        <graphics name="CMPK2, NDK, TMPK2, TYKi, UMP-CMPK2..." fgcolor="#66CC66" bgcolor="#FFFFFF"
             type="line" coords="570,1282,454,1282"/>
    </entry>
    <entry id="121" name="hsa:10201 hsa:221264 hsa:29922 hsa:4830 hsa:4831 hsa:4832 hsa:4833 hsa:654364" type="gene" reaction="rn:R02326"
        link="https://www.kegg.jp/dbget-bin/www_bget?hsa:10201+hsa:221264+hsa:29922+hsa:4830+hsa:4831+hsa:4832+hsa:4833+hsa:654364">
        <graphics name="NME6, IPIA-ALPHA, NDK_6, NM23-H6..." fgcolor="#66CC66" bgcolor="#FFFFFF"
             type="line" coords="582,1282,699,1282"/>
    </entry>
    <entry id="122" name="cpd:C00881" type="compound"
        link="https://www.kegg.jp/dbget-bin/www_bget?C00881">
        <graphics name="C00881" fgcolor="#000000" bgcolor="#FFFFFF"
             type="circle" x="318" y="1282" width="8" height="8"/>
    </entry>
    <entry id="123" name="cpd:C00365" type="compound"
        link="https://www.kegg.jp/dbget-bin/www_bget?C00365">
        <graphics name="C00365" fgcolor="#000000" bgcolor="#FFFFFF"
             type="circle" x="448" y="1402" width="8" height="8"/>
    </entry>
    <entry id="124" name="cpd:C01346" type="compound"
        link="https://www.kegg.jp/dbget-bin/www_bget?C01346">
        <graphics name="C01346" fgcolor="#000000" bgcolor="#FFFFFF"
             type="circle" x="576" y="1402" width="8" height="8"/>
    </entry>
    <entry id="125" name="cpd:C00460" type="compound"
        link="https://www.kegg.jp/dbget-bin/www_bget?C00460">
        <graphics name="C00460" fgcolor="#000000" bgcolor="#FFFFFF"
             type="circle" x="705" y="1402" width="8" height="8"/>
    </entry>
    <entry id="126" name="hsa:10201 hsa:221264 hsa:29922 hsa:4830 hsa:4831 hsa:4832 hsa:4833 hsa:654364" type="gene" reaction="rn:R02331"
        link="https://www.kegg.jp/dbget-bin/www_bget?hsa:10201+hsa:221264+hsa:29922+hsa:4830+hsa:4831+hsa:4832+hsa:4833+hsa:654364">
        <graphics name="NME6, IPIA-ALPHA, NDK_6, NM23-H6..." fgcolor="#66CC66" bgcolor="#FFFFFF"
             type="line" coords="582,1402,699,1402"/>
    </entry>
    <entry id="127" name="cpd:C00526" type="compound"
        link="https://www.kegg.jp/dbget-bin/www_bget?C00526">
        <graphics name="C00526" fgcolor="#000000" bgcolor="#FFFFFF"
             type="circle" x="318" y="1402" width="8" height="8"/>
    </entry>
    <entry id="128" name="cpd:C00364" type="compound"
        link="https://www.kegg.jp/dbget-bin/www_bget?C00364">
        <graphics name="C00364" fgcolor="#000000" bgcolor="#FFFFFF"
             type="circle" x="448" y="1522" width="8" height="8"/>
    </entry>
    <entry id="129" name="cpd:C00363" type="compound"
        link="https://www.kegg.jp/dbget-bin/www_bget?C00363">
        <graphics name="C00363" fgcolor="#000000" bgcolor="#FFFFFF"
             type="circle" x="576" y="1522" width="8" height="8"/>
    </entry>
    <entry id="130" name="cpd:C00459" type="compound"
        link="https://www.kegg.jp/dbget-bin/www_bget?C00459">
        <graphics name="C00459" fgcolor="#000000" bgcolor="#FFFFFF"
             type="circle" x="705" y="1522" width="8" height="8"/>
    </entry>
    <entry id="131" name="cpd:C00214" type="compound"
        link="https://www.kegg.jp/dbget-bin/www_bget?C00214">
        <graphics name="C00214" fgcolor="#000000" bgcolor="#FFFFFF"
             type="circle" x="318" y="1522" width="8" height="8"/>
    </entry>
    <entry id="132" name="hsa:1890" type="gene" reaction="rn:R01570"
        link="https://www.kegg.jp/dbget-bin/www_bget?hsa:1890">
        <graphics name="TYMP, ECGF, ECGF1, MEDPS1, MNGIE, MTDPS1, PDECGF, TP, hPD-ECGF" fgcolor="#66CC66" bgcolor="#FFFFFF"
             type="line" coords="197,1522,312,1522"/>
    </entry>
    <entry id="133" name="cpd:C00178" type="compound"
        link="https://www.kegg.jp/dbget-bin/www_bget?C00178">
        <graphics name="C00178" fgcolor="#000000" bgcolor="#FFFFFF"
             type="circle" x="191" y="1522" width="8" height="8"/>
    </entry>
    <entry id="135" name="hsa:124583 hsa:377841 hsa:953 hsa:955 hsa:956 hsa:957 hsa:9583" type="gene" reaction="rn:R00155"
        link="https://www.kegg.jp/dbget-bin/www_bget?hsa:124583+hsa:377841+hsa:953+hsa:955+hsa:956+hsa:957+hsa:9583">
        <graphics name="CANT1, DBQD, DBQD1, EDM7, SCAN-1, SCAN1, SHAPY..." fgcolor="#66CC66" bgcolor="#FFFFFF"
             type="line" coords="571,1046,453,1046"/>
    </entry>
    <entry id="136" name="hsa:100526794 hsa:22978 hsa:284958 hsa:30833 hsa:4907 hsa:56953 hsa:84618 hsa:93034" type="gene" reaction="rn:R00963"
        link="https://www.kegg.jp/dbget-bin/www_bget?hsa:100526794+hsa:22978+hsa:284958+hsa:30833+hsa:4907+hsa:56953+hsa:84618+hsa:93034">
        <graphics name="NT5C1B-RDH14, AIRP, NT5C1B, cN-IB, cN1B..." fgcolor="#66CC66" bgcolor="#FFFFFF"
             type="line" coords="442,1046,324,1046"/>
    </entry>
    <entry id="137" name="ko:K01240 ko:K25589 ko:K10213 ko:K01250 ko:K12700" type="ortholog" reaction="rn:R01080"
        link="https://www.kegg.jp/dbget-bin/www_bget?K01240+K25589+K10213+K01250+K12700">
        <graphics name="K01240..." fgcolor="#000000" bgcolor="#FFFFFF"
             type="line" coords="314,1046,196,1046"/>
    </entry>
    <entry id="138" name="hsa:377841 hsa:953 hsa:956" type="gene" reaction="rn:R00159"
        link="https://www.kegg.jp/dbget-bin/www_bget?hsa:377841+hsa:953+hsa:956">
        <graphics name="ENTPD8, E-NTPDase, GLSR2492, NTPDase-8, UNQ2492..." fgcolor="#66CC66" bgcolor="#FFFFFF"
             type="line" coords="700,1046,582,1046"/>
    </entry>
    <entry id="139" name="hsa:10201 hsa:221264 hsa:29922 hsa:4830 hsa:4831 hsa:4832 hsa:4833 hsa:654364" type="gene" reaction="rn:R00570"
        link="https://www.kegg.jp/dbget-bin/www_bget?hsa:10201+hsa:221264+hsa:29922+hsa:4830+hsa:4831+hsa:4832+hsa:4833+hsa:654364">
        <graphics name="NME6, IPIA-ALPHA, NDK_6, NM23-H6..." fgcolor="#66CC66" bgcolor="#FFFFFF"
             type="line" coords="582,1157,700,1157"/>
    </entry>
    <entry id="140" name="hsa:377841 hsa:953 hsa:956" type="gene" reaction="rn:R00569"
        link="https://www.kegg.jp/dbget-bin/www_bget?hsa:377841+hsa:953+hsa:956">
        <graphics name="ENTPD8, E-NTPDase, GLSR2492, NTPDase-8, UNQ2492..." fgcolor="#66CC66" bgcolor="#FFFFFF"
             type="line" coords="700,1166,582,1166"/>
    </entry>
    <entry id="141" name="hsa:129607 hsa:51727" type="gene" reaction="rn:R00512"
        link="https://www.kegg.jp/dbget-bin/www_bget?hsa:129607+hsa:51727">
        <graphics name="CMPK2, NDK, TMPK2, TYKi, UMP-CMPK2..." fgcolor="#66CC66" bgcolor="#FFFFFF"
             type="line" coords="453,1157,571,1157"/>
    </entry>
    <entry id="142" name="hsa:377841 hsa:953 hsa:956" type="gene" reaction="rn:R00514"
        link="https://www.kegg.jp/dbget-bin/www_bget?hsa:377841+hsa:953+hsa:956">
        <graphics name="ENTPD8, E-NTPDase, GLSR2492, NTPDase-8, UNQ2492..." fgcolor="#66CC66" bgcolor="#FFFFFF"
             type="line" coords="571,1166,453,1166"/>
    </entry>
    <entry id="143" name="hsa:54963 hsa:7371 hsa:83549" type="gene" reaction="rn:R00513 rn:R00517"
        link="https://www.kegg.jp/dbget-bin/www_bget?hsa:54963+hsa:7371+hsa:83549">
        <graphics name="UCKL1, UCK1L, URKL1..." fgcolor="#66CC66" bgcolor="#FFFFFF"
             type="line" coords="323,1157,441,1157"/>
    </entry>
    <entry id="144" name="hsa:100526794 hsa:115024 hsa:22978 hsa:284958 hsa:30833 hsa:4907 hsa:51251 hsa:56953 hsa:84618 hsa:93034" type="gene" reaction="rn:R00511"
        link="https://www.kegg.jp/dbget-bin/www_bget?hsa:100526794+hsa:115024+hsa:22978+hsa:284958+hsa:30833+hsa:4907+hsa:51251+hsa:56953+hsa:84618+hsa:93034">
        <graphics name="NT5C1B-RDH14, AIRP, NT5C1B, cN-IB, cN1B..." fgcolor="#66CC66" bgcolor="#FFFFFF"
             type="line" coords="442,1166,324,1166"/>
    </entry>
    <entry id="145" name="ko:K00756 ko:K09913" type="ortholog" reaction="rn:R02296"
        link="https://www.kegg.jp/dbget-bin/www_bget?K00756+K09913">
        <graphics name="K00756..." fgcolor="#000000" bgcolor="#FFFFFF"
             type="line" coords="196,1157,314,1157"/>
    </entry>
    <entry id="146" name="ko:K10213 ko:K01250 ko:K12700" type="ortholog" reaction="rn:R02137"
        link="https://www.kegg.jp/dbget-bin/www_bget?K10213+K01250+K12700">
        <graphics name="K10213..." fgcolor="#000000" bgcolor="#FFFFFF"
             type="line" coords="314,1166,196,1166"/>
    </entry>
    <entry id="148" name="hsa:1633" type="gene" reaction="rn:R01666"
        link="https://www.kegg.jp/dbget-bin/www_bget?hsa:1633">
        <graphics name="DCK" fgcolor="#66CC66" bgcolor="#FFFFFF"
             type="line" coords="324,1277,442,1277"/>
    </entry>
    <entry id="149" name="hsa:100526794 hsa:22978 hsa:284958 hsa:30833 hsa:4907 hsa:51020 hsa:56953 hsa:84618 hsa:93034" type="gene" reaction="rn:R01664"
        link="https://www.kegg.jp/dbget-bin/www_bget?hsa:100526794+hsa:22978+hsa:284958+hsa:30833+hsa:4907+hsa:51020+hsa:56953+hsa:84618+hsa:93034">
        <graphics name="NT5C1B-RDH14, AIRP, NT5C1B, cN-IB, cN1B..." fgcolor="#66CC66" bgcolor="#FFFFFF"
             type="line" coords="442,1286,324,1286"/>
    </entry>
    <entry id="151" name="hsa:1841" type="gene" reaction="rn:R02098"
        link="https://www.kegg.jp/dbget-bin/www_bget?hsa:1841">
        <graphics name="DTYMK, CDC8, CONPM, PP3731, TMPK, TYMK" fgcolor="#66CC66" bgcolor="#FFFFFF"
             type="line" coords="452,1402,570,1402"/>
    </entry>
    <entry id="152" name="hsa:7083 hsa:7084" type="gene" reaction="rn:R02099"
        link="https://www.kegg.jp/dbget-bin/www_bget?hsa:7083+hsa:7084">
        <graphics name="TK1, TK2..." fgcolor="#66CC66" bgcolor="#FFFFFF"
             type="line" coords="324,1398,442,1398"/>
    </entry>
    <entry id="153" name="hsa:100526794 hsa:22978 hsa:284958 hsa:30833 hsa:4907 hsa:51020 hsa:56953 hsa:84618 hsa:93034" type="gene" reaction="rn:R02102"
        link="https://www.kegg.jp/dbget-bin/www_bget?hsa:100526794+hsa:22978+hsa:284958+hsa:30833+hsa:4907+hsa:51020+hsa:56953+hsa:84618+hsa:93034">
        <graphics name="NT5C1B-RDH14, AIRP, NT5C1B, cN-IB, cN1B..." fgcolor="#66CC66" bgcolor="#FFFFFF"
             type="line" coords="441,1407,323,1407"/>
    </entry>
    <entry id="154" name="hsa:10201 hsa:221264 hsa:29922 hsa:4830 hsa:4831 hsa:4832 hsa:4833 hsa:654364" type="gene" reaction="rn:R02093"
        link="https://www.kegg.jp/dbget-bin/www_bget?hsa:10201+hsa:221264+hsa:29922+hsa:4830+hsa:4831+hsa:4832+hsa:4833+hsa:654364">
        <graphics name="NME6, IPIA-ALPHA, NDK_6, NM23-H6..." fgcolor="#66CC66" bgcolor="#FFFFFF"
             type="line" coords="581,1518,699,1518"/>
    </entry>
    <entry id="155" name="hsa:377841 hsa:953 hsa:956" type="gene" reaction="rn:R02095"
        link="https://www.kegg.jp/dbget-bin/www_bget?hsa:377841+hsa:953+hsa:956">
        <graphics name="ENTPD8, E-NTPDase, GLSR2492, NTPDase-8, UNQ2492..." fgcolor="#66CC66" bgcolor="#FFFFFF"
             type="line" coords="699,1527,581,1527"/>
    </entry>
    <entry id="156" name="hsa:1841" type="gene" reaction="rn:R02094"
        link="https://www.kegg.jp/dbget-bin/www_bget?hsa:1841">
        <graphics name="DTYMK, CDC8, CONPM, PP3731, TMPK, TYMK" fgcolor="#66CC66" bgcolor="#FFFFFF"
             type="line" coords="453,1518,571,1518"/>
    </entry>
    <entry id="157" name="hsa:377841 hsa:953 hsa:956" type="gene" reaction="rn:R02092"
        link="https://www.kegg.jp/dbget-bin/www_bget?hsa:377841+hsa:953+hsa:956">
        <graphics name="ENTPD8, E-NTPDase, GLSR2492, NTPDase-8, UNQ2492..." fgcolor="#66CC66" bgcolor="#FFFFFF"
             type="line" coords="571,1527,453,1527"/>
    </entry>
    <entry id="158" name="hsa:7083 hsa:7084" type="gene" reaction="rn:R01567"
        link="https://www.kegg.jp/dbget-bin/www_bget?hsa:7083+hsa:7084">
        <graphics name="TK1, TK2..." fgcolor="#66CC66" bgcolor="#FFFFFF"
             type="line" coords="323,1518,441,1518"/>
    </entry>
    <entry id="159" name="hsa:100526794 hsa:22978 hsa:284958 hsa:30833 hsa:4907 hsa:51020 hsa:56953 hsa:84618 hsa:93034" type="gene" reaction="rn:R01569"
        link="https://www.kegg.jp/dbget-bin/www_bget?hsa:100526794+hsa:22978+hsa:284958+hsa:30833+hsa:4907+hsa:51020+hsa:56953+hsa:84618+hsa:93034">
        <graphics name="NT5C1B-RDH14, AIRP, NT5C1B, cN-IB, cN1B..." fgcolor="#66CC66" bgcolor="#FFFFFF"
             type="line" coords="441,1527,323,1527"/>
    </entry>
    <entry id="161" name="hsa:5167 hsa:5169 hsa:8623" type="gene" reaction="rn:R00662"
        link="https://www.kegg.jp/dbget-bin/www_bget?hsa:5167+hsa:5169+hsa:8623">
        <graphics name="ENPP1, ARHR2, COLED, M6S1, NPP1, NPPS, PC-1, PCA1, PDNP1..." fgcolor="#66CC66" bgcolor="#FFFFFF"
             type="line" coords="705,1035,705,1013,705,1013,705,1011,704,1010,704,1008,703,1007,701,1006,700,1005,699,1005,697,1004,696,1004,696,1004,462,1004,462,1004,460,1004,459,1005,457,1005,456,1006,455,1007,454,1008,454,1010,453,1011,453,1013,453,1013,453,1035"/>
    </entry>
    <entry id="162" name="ko:K00761 ko:K02825" type="ortholog" reaction="rn:R00966"
        link="https://www.kegg.jp/dbget-bin/www_bget?K00761+K02825">
        <graphics name="K00761..." fgcolor="#000000" bgcolor="#FFFFFF"
             type="line" coords="448,1051,448,1071,448,1071,448,1073,447,1074,447,1076,446,1077,445,1078,444,1079,442,1079,441,1080,439,1080,439,1080,206,1080,206,1080,204,1080,203,1079,201,1079,200,1078,199,1077,198,1076,198,1074,197,1073,197,1071,197,1071,197,1049"/>
    </entry>
    <entry id="163" name="hsa:5167 hsa:5169 hsa:8623" type="gene" reaction="rn:R00515"
        link="https://www.kegg.jp/dbget-bin/www_bget?hsa:5167+hsa:5169+hsa:8623">
        <graphics name="ENPP1, ARHR2, COLED, M6S1, NPP1, NPPS, PC-1, PCA1, PDNP1..." fgcolor="#66CC66" bgcolor="#FFFFFF"
             type="line" coords="699,1153,699,1133,699,1133,699,1131,698,1130,698,1128,697,1127,695,1126,694,1125,693,1125,691,1124,690,1124,690,1124,461,1124,461,1124,459,1124,458,1125,456,1125,455,1126,454,1127,453,1128,453,1130,452,1131,452,1133,452,1133,452,1155"/>
    </entry>
    <entry id="164" name="ko:K06966 ko:K18931" type="ortholog" reaction="rn:R00510 rn:R10837"
        link="https://www.kegg.jp/dbget-bin/www_bget?K06966+K18931">
        <graphics name="K06966..." fgcolor="#000000" bgcolor="#FFFFFF"
             type="line" coords="446,1153,446,1133,446,1133,446,1131,445,1130,445,1128,444,1127,443,1126,442,1125,440,1125,439,1124,437,1124,437,1124,205,1124,205,1124,203,1124,202,1125,200,1125,199,1126,198,1127,197,1128,197,1130,196,1131,196,1133,196,1133,196,1155"/>
    </entry>
    <entry id="165" name="hsa:79077" type="gene" reaction="rn:R01668"
        link="https://www.kegg.jp/dbget-bin/www_bget?hsa:79077">
        <graphics name="DCTPP1, CDA03, RS21C6, XTP3TPA" fgcolor="#66CC66" bgcolor="#FFFFFF"
             type="line" coords="698,1274,698,1254,698,1254,698,1253,697,1251,697,1250,696,1249,695,1247,694,1246,692,1246,691,1245,689,1245,689,1245,457,1245,457,1245,455,1245,454,1246,452,1246,451,1247,450,1249,449,1250,449,1251,448,1253,448,1254,448,1254,448,1276"/>
    </entry>
    <entry id="166" name="hsa:1854" type="gene" reaction="rn:R02100"
        link="https://www.kegg.jp/dbget-bin/www_bget?hsa:1854">
        <graphics name="DUT, BMFDMS, dUTPase" fgcolor="#66CC66" bgcolor="#FFFFFF"
             type="line" coords="699,1395,699,1374,699,1374,699,1373,698,1371,698,1370,697,1369,695,1367,694,1366,693,1366,691,1365,690,1365,690,1365,466,1365,466,1365,464,1365,463,1366,461,1366,460,1367,459,1369,458,1370,458,1371,457,1373,457,1374,457,1374,457,1396"/>
    </entry>
    <entry id="167" name="hsa:5167 hsa:5169 hsa:8623" type="gene" reaction="rn:R11323"
        link="https://www.kegg.jp/dbget-bin/www_bget?hsa:5167+hsa:5169+hsa:8623">
        <graphics name="ENPP1, ARHR2, COLED, M6S1, NPP1, NPPS, PC-1, PCA1, PDNP1..." fgcolor="#66CC66" bgcolor="#FFFFFF"
             type="line" coords="705,1514,705,1494,705,1494,705,1493,704,1491,704,1490,703,1489,701,1487,700,1486,699,1486,697,1485,696,1485,696,1485,463,1485,463,1485,461,1485,460,1486,458,1486,457,1487,456,1489,455,1490,455,1491,454,1493,454,1494,454,1494,454,1516"/>
    </entry>
    <entry id="168" name="hsa:7298" type="gene" reaction="rn:R02101 rn:R06613"
        link="https://www.kegg.jp/dbget-bin/www_bget?hsa:7298">
        <graphics name="TYMS, DKCD, HST422, TMS, TS" fgcolor="#66CC66" bgcolor="#FFFFFF"
             type="line" coords="448,1406,448,1516"/>
    </entry>
    <entry id="169" name="hsa:50484 hsa:6240 hsa:6241" type="gene" reaction="rn:R02018"
        link="https://www.kegg.jp/dbget-bin/www_bget?hsa:50484+hsa:6240+hsa:6241">
        <graphics name="RRM2B, MTDPS8A, MTDPS8B, P53R2, RCDFRD..." fgcolor="#66CC66" bgcolor="#FFFFFF"
             type="line" coords="570,1052,544,1052,544,1052,543,1052,541,1053,540,1053,539,1054,537,1055,536,1056,536,1058,535,1059,535,1061,535,1061,535,1384,535,1384,535,1385,536,1387,536,1388,537,1389,539,1391,540,1392,541,1392,543,1393,544,1393,544,1393,570,1393"/>
    </entry>
    <entry id="170" name="hsa:978" type="gene" reaction="rn:R02485"
        link="https://www.kegg.jp/dbget-bin/www_bget?hsa:978">
        <graphics name="CDA, CDD" fgcolor="#66CC66" bgcolor="#FFFFFF"
             type="line" coords="318,1286,318,1396"/>
    </entry>
    <entry id="171" name="hsa:1635" type="gene" reaction="rn:R01663"
        link="https://www.kegg.jp/dbget-bin/www_bget?hsa:1635">
        <graphics name="DCTD" fgcolor="#66CC66" bgcolor="#FFFFFF"
             type="line" coords="448,1286,448,1396"/>
    </entry>
    <entry id="172" name="ko:K01494" type="ortholog" reaction="rn:R02325"
        link="https://www.kegg.jp/dbget-bin/www_bget?K01494">
        <graphics name="K01494" fgcolor="#000000" bgcolor="#FFFFFF"
             type="line" coords="705,1286,705,1396"/>
    </entry>
    <entry id="173" name="ko:K00527 ko:K00524 ko:K21636" type="ortholog" reaction="rn:R02022 rn:R11636"
        link="https://www.kegg.jp/dbget-bin/www_bget?K00527+K00524+K21636">
        <graphics name="K00527..." fgcolor="#000000" bgcolor="#FFFFFF"
             type="line" coords="705,1166,705,1276"/>
    </entry>
    <entry id="174" name="hsa:50484 hsa:6240 hsa:6241" type="gene" reaction="rn:R02024"
        link="https://www.kegg.jp/dbget-bin/www_bget?hsa:50484+hsa:6240+hsa:6241">
        <graphics name="RRM2B, MTDPS8A, MTDPS8B, P53R2, RCDFRD..." fgcolor="#66CC66" bgcolor="#FFFFFF"
             type="line" coords="576,1166,576,1276"/>
    </entry>
    <entry id="175" name="hsa:978" type="gene" reaction="rn:R01878"
        link="https://www.kegg.jp/dbget-bin/www_bget?hsa:978">
        <graphics name="CDA, CDD" fgcolor="#66CC66" bgcolor="#FFFFFF"
             type="line" coords="318,1048,318,1158"/>
    </entry>
    <entry id="176" name="hsa:1503 hsa:56474" type="gene" reaction="rn:R00571 rn:R00573"
        link="https://www.kegg.jp/dbget-bin/www_bget?hsa:1503+hsa:56474">
        <graphics name="CTPS1, CTPS, GATD5, GATD5A, IMD24..." fgcolor="#66CC66" bgcolor="#FFFFFF"
             type="line" coords="705,1156,705,1046"/>
    </entry>
    <entry id="178" name="ko:K01485 ko:K03365" type="ortholog" reaction="rn:R00974"
        link="https://www.kegg.jp/dbget-bin/www_bget?K01485+K03365">
        <graphics name="K01485..." fgcolor="#000000" bgcolor="#FFFFFF"
             type="line" coords="191,1048,191,1158"/>
    </entry>
    <entry id="179" name="hsa:151531 hsa:1890 hsa:7378" type="gene" reaction="rn:R02484"
        link="https://www.kegg.jp/dbget-bin/www_bget?hsa:151531+hsa:1890+hsa:7378">
        <graphics name="UPP2, UDRPASE2, UP2, UPASE2..." fgcolor="#66CC66" bgcolor="#FFFFFF"
             type="line" coords="312,1402,191,1402,191,1402,189,1402,188,1401,186,1401,185,1400,184,1399,183,1398,183,1396,182,1395,182,1393,182,1393,182,1048"/>
    </entry>
    <entry id="181" name="ko:K00527 ko:K00524 ko:K21636" type="ortholog" reaction="rn:R02023 rn:R11635"
        link="https://www.kegg.jp/dbget-bin/www_bget?K00527+K00524+K21636">
        <graphics name="K00527..." fgcolor="#000000" bgcolor="#FFFFFF"
             type="line" coords="710,1042,743,1042,743,1042,745,1042,746,1043,748,1043,749,1044,750,1045,751,1046,751,1048,752,1049,752,1051,752,1051,752,1393,752,1393,752,1395,751,1396,751,1398,750,1399,749,1400,748,1401,746,1401,745,1402,743,1402,743,1402,711,1402"/>
    </entry>
    <entry id="184" name="path:hsa01232" type="map"
        link="https://www.kegg.jp/dbget-bin/www_bget?hsa01232">
        <graphics name="TITLE:Nucleotide metabolism" fgcolor="#000000" bgcolor="#FFFFFF"
             type="roundrectangle" x="154" y="68" width="207" height="25"/>
    </entry>
    <entry id="185" name="ko:K01529" type="ortholog" reaction="rn:R12589"
        link="https://www.kegg.jp/dbget-bin/www_bget?K01529">
        <graphics name="K01529" fgcolor="#000000" bgcolor="#FFFFFF"
             type="line" coords="700,623,582,623"/>
    </entry>
    <entry id="188" name="cpd:C00119" type="compound"
        link="https://www.kegg.jp/dbget-bin/www_bget?C00119">
        <graphics name="C00119" fgcolor="#000000" bgcolor="#FFFFFF"
             type="circle" x="588" y="441" width="8" height="8"/>
    </entry>
    <entry id="190" name="cpd:C00064" type="compound"
        link="https://www.kegg.jp/dbget-bin/www_bget?C00064">
        <graphics name="C00064" fgcolor="#000000" bgcolor="#FFFFFF"
             type="circle" x="529" y="401" width="8" height="8"/>
    </entry>
    <entry id="191" name="cpd:C00119" type="compound"
        link="https://www.kegg.jp/dbget-bin/www_bget?C00119">
        <graphics name="C00119" fgcolor="#000000" bgcolor="#FFFFFF"
             type="circle" x="506" y="969" width="8" height="8"/>
    </entry>
    <entry id="194" name="ko:K06966" type="ortholog" reaction="rn:R12956"
        link="https://www.kegg.jp/dbget-bin/www_bget?K06966">
        <graphics name="K06966" fgcolor="#000000" bgcolor="#FFFFFF"
             type="line" coords="443,1514,443,1494,443,1494,443,1493,442,1491,442,1490,441,1489,439,1487,438,1486,437,1486,435,1485,434,1485,434,1485,200,1485,200,1485,198,1485,197,1486,195,1486,194,1487,193,1489,192,1490,192,1491,191,1493,191,1494,191,1494,191,1516"/>
    </entry>
    <entry id="195" name="ko:K06966 ko:K18931" type="ortholog" reaction="rn:R12955 rn:R10838"
        link="https://www.kegg.jp/dbget-bin/www_bget?K06966+K18931">
        <graphics name="K06966..." fgcolor="#000000" bgcolor="#FFFFFF"
             type="line" coords="191,1033,191,1013,191,1013,191,1011,192,1010,192,1008,193,1007,194,1006,195,1005,197,1005,198,1004,200,1004,200,1004,435,1004,435,1004,437,1004,438,1005,440,1005,441,1006,442,1007,443,1008,443,1010,444,1011,444,1013,444,1013,444,1035"/>
    </entry>
    <entry id="196" name="hsa:100526794 hsa:22978 hsa:284958 hsa:30833 hsa:4907 hsa:51020 hsa:56953 hsa:84618 hsa:93034" type="gene" reaction="rn:R12958"
        link="https://www.kegg.jp/dbget-bin/www_bget?hsa:100526794+hsa:22978+hsa:284958+hsa:30833+hsa:4907+hsa:51020+hsa:56953+hsa:84618+hsa:93034">
        <graphics name="NT5C1B-RDH14, AIRP, NT5C1B, cN-IB, cN1B..." fgcolor="#66CC66" bgcolor="#FFFFFF"
             type="line" coords="444,127,326,127"/>
    </entry>
    <entry id="192" name="cpd:C00064" type="compound"
        link="https://www.kegg.jp/dbget-bin/www_bget?C00064">
        <graphics name="C00064" fgcolor="#000000" bgcolor="#FFFFFF"
             type="circle" x="448" y="929" width="8" height="8"/>
    </entry>
    <entry id="201" name="ko:K09887" type="ortholog" reaction="rn:R07307"
        link="https://www.kegg.jp/dbget-bin/www_bget?K09887">
        <graphics name="K09887" fgcolor="#000000" bgcolor="#FFFFFF"
             type="line" coords="699,1288,699,1320,699,1320,699,1321,698,1323,698,1324,697,1325,695,1327,694,1328,693,1328,691,1329,690,1329,690,1329,461,1329,461,1329,459,1329,458,1330,456,1330,455,1331,454,1333,453,1334,453,1335,452,1337,452,1338,452,1338,452,1396"/>
    </entry>
    <reaction id="196" name="rn:R12958" type="irreversible">
        <substrate id="46" name="cpd:C06196"/>
        <product id="49" name="cpd:C05512"/>
    </reaction>
    <reaction id="48" name="rn:R10235" type="irreversible">
        <substrate id="45" name="cpd:C01344"/>
        <product id="46" name="cpd:C06196"/>
    </reaction>
    <reaction id="47" name="rn:R03530" type="reversible">
        <substrate id="45" name="cpd:C01344"/>
        <product id="44" name="cpd:C01345"/>
    </reaction>
    <reaction id="76" name="rn:R03531" type="irreversible">
        <substrate id="44" name="cpd:C01345"/>
        <product id="46" name="cpd:C06196"/>
    </reaction>
    <reaction id="77" name="rn:R02556" type="irreversible">
        <substrate id="37" name="cpd:C00559"/>
        <product id="49" name="cpd:C05512"/>
    </reaction>
    <reaction id="43" name="rn:R02089" type="irreversible">
        <substrate id="37" name="cpd:C00559"/>
        <product id="38" name="cpd:C00360"/>
    </reaction>
    <reaction id="69" name="rn:R02088" type="irreversible">
        <substrate id="38" name="cpd:C00360"/>
        <product id="37" name="cpd:C00559"/>
    </reaction>
    <reaction id="41" name="rn:R01547" type="reversible">
        <substrate id="38" name="cpd:C00360"/>
        <product id="39" name="cpd:C00206"/>
    </reaction>
    <reaction id="42" name="rn:R01137" type="reversible">
        <substrate id="39" name="cpd:C00206"/>
        <product id="40" name="cpd:C00131"/>
    </reaction>
    <reaction id="95" name="rn:R02557" type="reversible">
        <substrate id="37" name="cpd:C00559"/>
        <product id="19" name="cpd:C00147"/>
    </reaction>
    <reaction id="64" name="rn:R01561" type="reversible">
        <substrate id="15" name="cpd:C00212"/>
        <product id="19" name="cpd:C00147"/>
    </reaction>
    <reaction id="71" name="rn:R01560" type="irreversible">
        <substrate id="15" name="cpd:C00212"/>
        <product id="14" name="cpd:C00294"/>
    </reaction>
    <reaction id="13" name="rn:R00185" type="reversible">
        <substrate id="15" name="cpd:C00212"/>
        <product id="7" name="cpd:C00020"/>
    </reaction>
    <reaction id="60" name="rn:R00183" type="irreversible">
        <substrate id="7" name="cpd:C00020"/>
        <product id="15" name="cpd:C00212"/>
    </reaction>
    <reaction id="66" name="rn:R00190" type="reversible">
        <substrate id="19" name="cpd:C00147"/>
        <product id="7" name="cpd:C00020"/>
    </reaction>
    <reaction id="61" name="rn:R00127 rn:R00333" type="reversible">
        <substrate id="7" name="cpd:C00020"/>
        <product id="8" name="cpd:C00008"/>
    </reaction>
    <reaction id="10" name="rn:R00122" type="irreversible">
        <substrate id="8" name="cpd:C00008"/>
        <product id="7" name="cpd:C00020"/>
    </reaction>
    <reaction id="67" name="rn:R02017" type="irreversible">
        <substrate id="8" name="cpd:C00008"/>
        <product id="39" name="cpd:C00206"/>
    </reaction>
    <reaction id="62" name="rn:R00331" type="reversible">
        <substrate id="9" name="cpd:C00002"/>
        <product id="8" name="cpd:C00008"/>
    </reaction>
    <reaction id="11" name="rn:R00086" type="irreversible">
        <substrate id="9" name="cpd:C00002"/>
        <product id="8" name="cpd:C00008"/>
    </reaction>
    <reaction id="63" name="rn:R00087" type="irreversible">
        <substrate id="9" name="cpd:C00002"/>
        <product id="7" name="cpd:C00020"/>
    </reaction>
    <reaction id="73" name="rn:R01132" type="irreversible">
        <substrate id="20" name="cpd:C00262"/>
        <product id="2" name="cpd:C00130"/>
    </reaction>
    <reaction id="96" name="rn:R02748" type="reversible">
        <substrate id="49" name="cpd:C05512"/>
        <product id="20" name="cpd:C00262"/>
    </reaction>
    <reaction id="18" name="rn:R01863" type="reversible">
        <substrate id="14" name="cpd:C00294"/>
        <product id="20" name="cpd:C00262"/>
    </reaction>
    <reaction id="70" name="rn:R01126" type="irreversible">
        <substrate id="2" name="cpd:C00130"/>
        <product id="14" name="cpd:C00294"/>
    </reaction>
    <reaction id="81" name="rn:R01130" type="irreversible">
        <substrate id="2" name="cpd:C00130"/>
        <product id="34" name="cpd:C00655"/>
    </reaction>
    <reaction id="57" name="rn:R01135" type="irreversible">
        <substrate id="2" name="cpd:C00130"/>
        <product id="59" name="cpd:C03794"/>
    </reaction>
    <reaction id="58" name="rn:R01083" type="irreversible">
        <substrate id="59" name="cpd:C03794"/>
        <product id="7" name="cpd:C00020"/>
    </reaction>
    <reaction id="12" name="rn:R00181" type="irreversible">
        <substrate id="7" name="cpd:C00020"/>
        <product id="2" name="cpd:C00130"/>
    </reaction>
    <reaction id="5" name="rn:R00961" type="irreversible">
        <substrate id="3" name="cpd:C00104"/>
        <product id="2" name="cpd:C00130"/>
    </reaction>
    <reaction id="74" name="rn:R00722" type="reversible">
        <substrate id="3" name="cpd:C00104"/>
        <product id="4" name="cpd:C00081"/>
    </reaction>
    <reaction id="6" name="rn:R00719" type="irreversible">
        <substrate id="4" name="cpd:C00081"/>
        <product id="3" name="cpd:C00104"/>
    </reaction>
    <reaction id="75" name="rn:R00720" type="irreversible">
        <substrate id="4" name="cpd:C00081"/>
        <product id="2" name="cpd:C00130"/>
    </reaction>
    <reaction id="84" name="rn:R01769 rn:R01768" type="irreversible">
        <substrate id="20" name="cpd:C00262"/>
        <product id="32" name="cpd:C00385"/>
    </reaction>
    <reaction id="30" name="rn:R02297" type="reversible">
        <substrate id="33" name="cpd:C01762"/>
        <product id="32" name="cpd:C00385"/>
    </reaction>
    <reaction id="31" name="rn:R02719" type="irreversible">
        <substrate id="34" name="cpd:C00655"/>
        <product id="33" name="cpd:C01762"/>
    </reaction>
    <reaction id="83" name="rn:R02142" type="irreversible">
        <substrate id="32" name="cpd:C00385"/>
        <product id="34" name="cpd:C00655"/>
    </reaction>
    <reaction id="100" name="rn:R02720" type="irreversible">
        <substrate id="35" name="cpd:C00700"/>
        <product id="34" name="cpd:C00655"/>
    </reaction>
    <reaction id="87" name="rn:R01229" type="irreversible">
        <substrate id="21" name="cpd:C00242"/>
        <product id="23" name="cpd:C00144"/>
    </reaction>
    <reaction id="94" name="rn:R01676" type="irreversible">
        <substrate id="21" name="cpd:C00242"/>
        <product id="32" name="cpd:C00385"/>
    </reaction>
    <reaction id="86" name="rn:R02147" type="reversible">
        <substrate id="24" name="cpd:C00387"/>
        <product id="21" name="cpd:C00242"/>
    </reaction>
    <reaction id="27" name="rn:R01227" type="irreversible">
        <substrate id="23" name="cpd:C00144"/>
        <product id="24" name="cpd:C00387"/>
    </reaction>
    <reaction id="98" name="rn:R01134" type="irreversible">
        <substrate id="23" name="cpd:C00144"/>
        <product id="2" name="cpd:C00130"/>
    </reaction>
    <reaction id="97" name="rn:R01230 rn:R01231" type="irreversible">
        <substrate id="34" name="cpd:C00655"/>
        <product id="23" name="cpd:C00144"/>
    </reaction>
    <reaction id="28" name="rn:R00332" type="reversible">
        <substrate id="23" name="cpd:C00144"/>
        <product id="22" name="cpd:C00035"/>
    </reaction>
    <reaction id="88" name="rn:R00328" type="irreversible">
        <substrate id="22" name="cpd:C00035"/>
        <product id="23" name="cpd:C00144"/>
    </reaction>
    <reaction id="29" name="rn:R00330" type="reversible">
        <substrate id="22" name="cpd:C00035"/>
        <product id="25" name="cpd:C00044"/>
    </reaction>
    <reaction id="78" name="rn:R00335" type="irreversible">
        <substrate id="25" name="cpd:C00044"/>
        <product id="22" name="cpd:C00035"/>
    </reaction>
    <reaction id="80" name="rn:R02019" type="irreversible">
        <substrate id="22" name="cpd:C00035"/>
        <product id="53" name="cpd:C00361"/>
    </reaction>
    <reaction id="89" name="rn:R00426" type="irreversible">
        <substrate id="25" name="cpd:C00044"/>
        <product id="23" name="cpd:C00144"/>
    </reaction>
    <reaction id="93" name="rn:R01969" type="reversible">
        <substrate id="50" name="cpd:C00330"/>
        <product id="21" name="cpd:C00242"/>
    </reaction>
    <reaction id="92" name="rn:R01967" type="irreversible">
        <substrate id="50" name="cpd:C00330"/>
        <product id="51" name="cpd:C00362"/>
    </reaction>
    <reaction id="54" name="rn:R01968" type="irreversible">
        <substrate id="51" name="cpd:C00362"/>
        <product id="50" name="cpd:C00330"/>
    </reaction>
    <reaction id="55" name="rn:R02090" type="reversible">
        <substrate id="51" name="cpd:C00362"/>
        <product id="53" name="cpd:C00361"/>
    </reaction>
    <reaction id="56" name="rn:R01857" type="reversible">
        <substrate id="53" name="cpd:C00361"/>
        <product id="52" name="cpd:C00286"/>
    </reaction>
    <reaction id="110" name="rn:R01876" type="reversible">
        <substrate id="108" name="cpd:C00299"/>
        <product id="111" name="cpd:C00106"/>
    </reaction>
    <reaction id="109" name="rn:R00964 rn:R00968" type="irreversible">
        <substrate id="108" name="cpd:C00299"/>
        <product id="103" name="cpd:C00105"/>
    </reaction>
    <reaction id="136" name="rn:R00963" type="irreversible">
        <substrate id="103" name="cpd:C00105"/>
        <product id="108" name="cpd:C00299"/>
    </reaction>
    <reaction id="106" name="rn:R00158" type="reversible">
        <substrate id="103" name="cpd:C00105"/>
        <product id="104" name="cpd:C00015"/>
    </reaction>
    <reaction id="135" name="rn:R00155" type="irreversible">
        <substrate id="104" name="cpd:C00015"/>
        <product id="103" name="cpd:C00105"/>
    </reaction>
    <reaction id="107" name="rn:R00156" type="reversible">
        <substrate id="104" name="cpd:C00015"/>
        <product id="105" name="cpd:C00075"/>
    </reaction>
    <reaction id="138" name="rn:R00159" type="irreversible">
        <substrate id="105" name="cpd:C00075"/>
        <product id="104" name="cpd:C00015"/>
    </reaction>
    <reaction id="161" name="rn:R00662" type="irreversible">
        <substrate id="105" name="cpd:C00075"/>
        <product id="103" name="cpd:C00105"/>
    </reaction>
    <reaction id="176" name="rn:R00571 rn:R00573" type="irreversible">
        <substrate id="105" name="cpd:C00075"/>
        <product id="114" name="cpd:C00063"/>
    </reaction>
    <reaction id="143" name="rn:R00513 rn:R00517" type="irreversible">
        <substrate id="115" name="cpd:C00475"/>
        <product id="112" name="cpd:C00055"/>
    </reaction>
    <reaction id="175" name="rn:R01878" type="irreversible">
        <substrate id="115" name="cpd:C00475"/>
        <product id="108" name="cpd:C00299"/>
    </reaction>
    <reaction id="144" name="rn:R00511" type="irreversible">
        <substrate id="112" name="cpd:C00055"/>
        <product id="115" name="cpd:C00475"/>
    </reaction>
    <reaction id="141" name="rn:R00512" type="reversible">
        <substrate id="112" name="cpd:C00055"/>
        <product id="113" name="cpd:C00112"/>
    </reaction>
    <reaction id="142" name="rn:R00514" type="irreversible">
        <substrate id="113" name="cpd:C00112"/>
        <product id="112" name="cpd:C00055"/>
    </reaction>
    <reaction id="139" name="rn:R00570" type="reversible">
        <substrate id="113" name="cpd:C00112"/>
        <product id="114" name="cpd:C00063"/>
    </reaction>
    <reaction id="140" name="rn:R00569" type="irreversible">
        <substrate id="114" name="cpd:C00063"/>
        <product id="113" name="cpd:C00112"/>
    </reaction>
    <reaction id="174" name="rn:R02024" type="irreversible">
        <substrate id="113" name="cpd:C00112"/>
        <product id="118" name="cpd:C00705"/>
    </reaction>
    <reaction id="163" name="rn:R00515" type="irreversible">
        <substrate id="114" name="cpd:C00063"/>
        <product id="112" name="cpd:C00055"/>
    </reaction>
    <reaction id="148" name="rn:R01666" type="irreversible">
        <substrate id="122" name="cpd:C00881"/>
        <product id="117" name="cpd:C00239"/>
    </reaction>
    <reaction id="149" name="rn:R01664" type="irreversible">
        <substrate id="117" name="cpd:C00239"/>
        <product id="122" name="cpd:C00881"/>
    </reaction>
    <reaction id="170" name="rn:R02485" type="irreversible">
        <substrate id="122" name="cpd:C00881"/>
        <product id="127" name="cpd:C00526"/>
    </reaction>
    <reaction id="120" name="rn:R01665" type="reversible">
        <substrate id="117" name="cpd:C00239"/>
        <product id="118" name="cpd:C00705"/>
    </reaction>
    <reaction id="171" name="rn:R01663" type="irreversible">
        <substrate id="117" name="cpd:C00239"/>
        <product id="123" name="cpd:C00365"/>
    </reaction>
    <reaction id="121" name="rn:R02326" type="reversible">
        <substrate id="118" name="cpd:C00705"/>
        <product id="119" name="cpd:C00458"/>
    </reaction>
    <reaction id="165" name="rn:R01668" type="irreversible">
        <substrate id="119" name="cpd:C00458"/>
        <product id="117" name="cpd:C00239"/>
    </reaction>
    <reaction id="179" name="rn:R02484" type="reversible">
        <substrate id="127" name="cpd:C00526"/>
        <product id="111" name="cpd:C00106"/>
    </reaction>
    <reaction id="152" name="rn:R02099" type="irreversible">
        <substrate id="127" name="cpd:C00526"/>
        <product id="123" name="cpd:C00365"/>
    </reaction>
    <reaction id="153" name="rn:R02102" type="irreversible">
        <substrate id="123" name="cpd:C00365"/>
        <product id="127" name="cpd:C00526"/>
    </reaction>
    <reaction id="151" name="rn:R02098" type="irreversible">
        <substrate id="123" name="cpd:C00365"/>
        <product id="124" name="cpd:C01346"/>
    </reaction>
    <reaction id="169" name="rn:R02018" type="reversible">
        <substrate id="124" name="cpd:C01346"/>
        <product id="104" name="cpd:C00015"/>
    </reaction>
    <reaction id="126" name="rn:R02331" type="reversible">
        <substrate id="124" name="cpd:C01346"/>
        <product id="125" name="cpd:C00460"/>
    </reaction>
    <reaction id="166" name="rn:R02100" type="irreversible">
        <substrate id="125" name="cpd:C00460"/>
        <product id="123" name="cpd:C00365"/>
    </reaction>
    <reaction id="132" name="rn:R01570" type="reversible">
        <substrate id="131" name="cpd:C00214"/>
        <product id="133" name="cpd:C00178"/>
    </reaction>
    <reaction id="158" name="rn:R01567" type="irreversible">
        <substrate id="131" name="cpd:C00214"/>
        <product id="128" name="cpd:C00364"/>
    </reaction>
    <reaction id="159" name="rn:R01569" type="irreversible">
        <substrate id="128" name="cpd:C00364"/>
        <product id="131" name="cpd:C00214"/>
    </reaction>
    <reaction id="168" name="rn:R02101 rn:R06613" type="irreversible">
        <substrate id="123" name="cpd:C00365"/>
        <product id="128" name="cpd:C00364"/>
    </reaction>
    <reaction id="156" name="rn:R02094" type="irreversible">
        <substrate id="128" name="cpd:C00364"/>
        <product id="129" name="cpd:C00363"/>
    </reaction>
    <reaction id="157" name="rn:R02092" type="irreversible">
        <substrate id="129" name="cpd:C00363"/>
        <product id="128" name="cpd:C00364"/>
    </reaction>
    <reaction id="154" name="rn:R02093" type="reversible">
        <substrate id="129" name="cpd:C00363"/>
        <product id="130" name="cpd:C00459"/>
    </reaction>
    <reaction id="155" name="rn:R02095" type="irreversible">
        <substrate id="130" name="cpd:C00459"/>
        <product id="129" name="cpd:C00363"/>
    </reaction>
    <reaction id="167" name="rn:R11323" type="irreversible">
        <substrate id="130" name="cpd:C00459"/>
        <product id="128" name="cpd:C00364"/>
    </reaction>
</pathway>
