<?xml version="1.0"?>
<!DOCTYPE pathway SYSTEM "https://www.kegg.jp/kegg/xml/KGML_v0.7.2_.dtd">
<!-- Creation date: Jul 7, 2021 15:05:57 +0900 (GMT+9) -->
<pathway name="path:hsa04070" org="hsa" number="04070"
         title="Phosphatidylinositol signaling system"
         image="https://www.kegg.jp/kegg/pathway/hsa/hsa04070.png"
         link="https://www.kegg.jp/kegg-bin/show_pathway?hsa04070">
    <entry id="45" name="hsa:5728" type="gene"
        link="https://www.kegg.jp/dbget-bin/www_bget?hsa:5728">
        <graphics name="PTEN, 10q23del, BZS, CWS1, DEC, GLM2, MHAM, MMAC1, PTEN1, PTENbeta, TEP1" fgcolor="#000000" bgcolor="#BFFFBF"
             type="rectangle" x="222" y="637" width="46" height="17"/>
    </entry>
    <entry id="46" name="hsa:64768" type="gene"
        link="https://www.kegg.jp/dbget-bin/www_bget?hsa:64768">
        <graphics name="IPPK, C9orf12, INSP5K2, IP5K, IPK1, bA476B13.1" fgcolor="#000000" bgcolor="#BFFFBF"
             type="rectangle" x="1083" y="342" width="46" height="17"/>
    </entry>
    <entry id="47" name="cpd:C11554" type="compound"
        link="https://www.kegg.jp/dbget-bin/www_bget?C11554">
        <graphics name="C11554" fgcolor="#000000" bgcolor="#FFFFFF"
             type="circle" x="504" y="647" width="8" height="8"/>
    </entry>
    <entry id="48" name="cpd:C11556" type="compound"
        link="https://www.kegg.jp/dbget-bin/www_bget?C11556">
        <graphics name="C11556" fgcolor="#000000" bgcolor="#FFFFFF"
             type="circle" x="504" y="371" width="8" height="8"/>
    </entry>
    <entry id="49" name="cpd:C11557" type="compound"
        link="https://www.kegg.jp/dbget-bin/www_bget?C11557">
        <graphics name="C11557" fgcolor="#000000" bgcolor="#FFFFFF"
             type="circle" x="276" y="144" width="8" height="8"/>
    </entry>
    <entry id="50" name="hsa:113026 hsa:23236 hsa:51196 hsa:5330 hsa:5331 hsa:5332 hsa:5333 hsa:5335 hsa:5336 hsa:84812 hsa:89869" type="gene"
        link="https://www.kegg.jp/dbget-bin/www_bget?hsa:113026+hsa:23236+hsa:51196+hsa:5330+hsa:5331+hsa:5332+hsa:5333+hsa:5335+hsa:5336+hsa:84812+hsa:89869">
        <graphics name="PLCD3, PLC-delta-3..." fgcolor="#000000" bgcolor="#BFFFBF"
             type="rectangle" x="731" y="342" width="46" height="17"/>
    </entry>
    <entry id="51" name="hsa:113026 hsa:23236 hsa:51196 hsa:5330 hsa:5331 hsa:5332 hsa:5333 hsa:5335 hsa:5336 hsa:84812 hsa:89869" type="gene"
        link="https://www.kegg.jp/dbget-bin/www_bget?hsa:113026+hsa:23236+hsa:51196+hsa:5330+hsa:5331+hsa:5332+hsa:5333+hsa:5335+hsa:5336+hsa:84812+hsa:89869">
        <graphics name="PLCD3, PLC-delta-3..." fgcolor="#000000" bgcolor="#BFFFBF"
             type="rectangle" x="681" y="342" width="46" height="17"/>
    </entry>
    <entry id="52" name="cpd:C11526" type="compound"
        link="https://www.kegg.jp/dbget-bin/www_bget?C11526">
        <graphics name="C11526" fgcolor="#000000" bgcolor="#FFFFFF"
             type="circle" x="1222" y="341" width="8" height="8"/>
    </entry>
    <entry id="53" name="cpd:C00076" type="compound"
        link="https://www.kegg.jp/dbget-bin/www_bget?C00076">
        <graphics name="C00076" fgcolor="#000000" bgcolor="#FFFFFF"
             type="circle" x="908" y="793" width="8" height="8"/>
    </entry>
    <entry id="54" name="path:hsa04510" type="map"
        link="https://www.kegg.jp/dbget-bin/www_bget?hsa04510">
        <graphics name="Focal adhesion" fgcolor="#000000" bgcolor="#FFFFFF"
             type="roundrectangle" x="572" y="234" width="94" height="25"/>
    </entry>
    <entry id="55" name="cpd:C01243" type="compound"
        link="https://www.kegg.jp/dbget-bin/www_bget?C01243">
        <graphics name="C01243" fgcolor="#000000" bgcolor="#FFFFFF"
             type="circle" x="822" y="459" width="8" height="8"/>
    </entry>
    <entry id="56" name="cpd:C01272" type="compound"
        link="https://www.kegg.jp/dbget-bin/www_bget?C01272">
        <graphics name="C01272" fgcolor="#000000" bgcolor="#FFFFFF"
             type="circle" x="717" y="459" width="8" height="8"/>
    </entry>
    <entry id="57" name="cpd:C03546" type="compound"
        link="https://www.kegg.jp/dbget-bin/www_bget?C03546">
        <graphics name="C03546" fgcolor="#000000" bgcolor="#FFFFFF"
             type="circle" x="1041" y="539" width="8" height="8"/>
    </entry>
    <entry id="58" name="cpd:C04006" type="compound"
        link="https://www.kegg.jp/dbget-bin/www_bget?C04006">
        <graphics name="C04006" fgcolor="#000000" bgcolor="#FFFFFF"
             type="circle" x="1041" y="489" width="8" height="8"/>
    </entry>
    <entry id="59" name="cpd:C01177" type="compound"
        link="https://www.kegg.jp/dbget-bin/www_bget?C01177">
        <graphics name="C01177" fgcolor="#000000" bgcolor="#FFFFFF"
             type="circle" x="1041" y="430" width="8" height="8"/>
    </entry>
    <entry id="60" name="cpd:C01284" type="compound"
        link="https://www.kegg.jp/dbget-bin/www_bget?C01284">
        <graphics name="C01284" fgcolor="#000000" bgcolor="#FFFFFF"
             type="circle" x="1041" y="341" width="8" height="8"/>
    </entry>
    <entry id="61" name="cpd:C01245" type="compound"
        link="https://www.kegg.jp/dbget-bin/www_bget?C01245">
        <graphics name="C01245" fgcolor="#000000" bgcolor="#FFFFFF"
             type="circle" x="822" y="539" width="8" height="8"/>
    </entry>
    <entry id="62" name="cpd:C01220" type="compound"
        link="https://www.kegg.jp/dbget-bin/www_bget?C01220">
        <graphics name="C01220" fgcolor="#000000" bgcolor="#FFFFFF"
             type="circle" x="937" y="539" width="8" height="8"/>
    </entry>
    <entry id="63" name="cpd:C04063" type="compound"
        link="https://www.kegg.jp/dbget-bin/www_bget?C04063">
        <graphics name="C04063" fgcolor="#000000" bgcolor="#FFFFFF"
             type="circle" x="937" y="489" width="8" height="8"/>
    </entry>
    <entry id="64" name="cpd:C04062" type="compound"
        link="https://www.kegg.jp/dbget-bin/www_bget?C04062">
        <graphics name="C04062" fgcolor="#000000" bgcolor="#FFFFFF"
             type="circle" x="937" y="430" width="8" height="8"/>
    </entry>
    <entry id="65" name="cpd:C04477" type="compound"
        link="https://www.kegg.jp/dbget-bin/www_bget?C04477">
        <graphics name="C04477" fgcolor="#000000" bgcolor="#FFFFFF"
             type="circle" x="937" y="287" width="8" height="8"/>
    </entry>
    <entry id="66" name="cpd:C04637" type="compound"
        link="https://www.kegg.jp/dbget-bin/www_bget?C04637">
        <graphics name="C04637" fgcolor="#000000" bgcolor="#FFFFFF"
             type="circle" x="504" y="144" width="8" height="8"/>
    </entry>
    <entry id="67" name="cpd:C00137" type="compound"
        link="https://www.kegg.jp/dbget-bin/www_bget?C00137">
        <graphics name="C00137" fgcolor="#000000" bgcolor="#FFFFFF"
             type="circle" x="1133" y="489" width="8" height="8"/>
    </entry>
    <entry id="68" name="cpd:C01204" type="compound"
        link="https://www.kegg.jp/dbget-bin/www_bget?C01204">
        <graphics name="C01204" fgcolor="#000000" bgcolor="#FFFFFF"
             type="circle" x="1133" y="341" width="8" height="8"/>
    </entry>
    <entry id="69" name="cpd:C00269" type="compound"
        link="https://www.kegg.jp/dbget-bin/www_bget?C00269">
        <graphics name="C00269" fgcolor="#000000" bgcolor="#FFFFFF"
             type="circle" x="1117" y="659" width="8" height="8"/>
    </entry>
    <entry id="70" name="cpd:C00416" type="compound"
        link="https://www.kegg.jp/dbget-bin/www_bget?C00416">
        <graphics name="C00416" fgcolor="#000000" bgcolor="#FFFFFF"
             type="circle" x="1012" y="659" width="8" height="8"/>
    </entry>
    <entry id="71" name="cpd:C00641" type="compound"
        link="https://www.kegg.jp/dbget-bin/www_bget?C00641">
        <graphics name="C00641" fgcolor="#000000" bgcolor="#FFFFFF"
             type="circle" x="822" y="659" width="8" height="8"/>
    </entry>
    <entry id="72" name="cpd:C04549" type="compound"
        link="https://www.kegg.jp/dbget-bin/www_bget?C04549">
        <graphics name="C04549" fgcolor="#000000" bgcolor="#FFFFFF"
             type="circle" x="277" y="647" width="8" height="8"/>
    </entry>
    <entry id="73" name="cpd:C05981" type="compound"
        link="https://www.kegg.jp/dbget-bin/www_bget?C05981">
        <graphics name="C05981" fgcolor="#000000" bgcolor="#FFFFFF"
             type="circle" x="628" y="371" width="8" height="8"/>
    </entry>
    <entry id="74" name="cpd:C01277" type="compound"
        link="https://www.kegg.jp/dbget-bin/www_bget?C01277">
        <graphics name="C01277" fgcolor="#000000" bgcolor="#FFFFFF"
             type="circle" x="276" y="371" width="8" height="8"/>
    </entry>
    <entry id="75" name="cpd:C01194" type="compound"
        link="https://www.kegg.jp/dbget-bin/www_bget?C01194">
        <graphics name="C01194" fgcolor="#000000" bgcolor="#FFFFFF"
             type="circle" x="134" y="371" width="8" height="8"/>
    </entry>
    <entry id="76" name="hsa:163688 hsa:51806 hsa:801 hsa:805 hsa:808 hsa:810 hsa:91860" type="gene"
        link="https://www.kegg.jp/dbget-bin/www_bget?hsa:163688+hsa:51806+hsa:801+hsa:805+hsa:808+hsa:810+hsa:91860">
        <graphics name="CALML6, CAGLP..." fgcolor="#000000" bgcolor="#BFFFBF"
             type="rectangle" x="909" y="830" width="46" height="17"/>
    </entry>
    <entry id="77" name="hsa:3708 hsa:3709 hsa:3710" type="gene"
        link="https://www.kegg.jp/dbget-bin/www_bget?hsa:3708+hsa:3709+hsa:3710">
        <graphics name="ITPR1, ACV, CLA4, INSP3R1, IP3R, IP3R1, PPP1R94, SCA15, SCA16, SCA29..." fgcolor="#000000" bgcolor="#BFFFBF"
             type="rectangle" x="841" y="794" width="46" height="17"/>
    </entry>
    <entry id="78" name="hsa:10423" type="gene"
        link="https://www.kegg.jp/dbget-bin/www_bget?hsa:10423">
        <graphics name="CDIPT, PIS, PIS1" fgcolor="#000000" bgcolor="#BFFFBF"
             type="rectangle" x="434" y="854" width="46" height="17"/>
    </entry>
    <entry id="79" name="hsa:5290 hsa:5291 hsa:5293 hsa:5295 hsa:5296 hsa:8503" type="gene"
        link="https://www.kegg.jp/dbget-bin/www_bget?hsa:5290+hsa:5291+hsa:5293+hsa:5295+hsa:5296+hsa:8503">
        <graphics name="PIK3CA, CCM4, CLAPO, CLOVE, CWS5, MCAP, MCM, MCMTC, PI3K, PI3K-alpha, p110-alpha..." fgcolor="#000000" bgcolor="#BFFFBF"
             type="rectangle" x="651" y="192" width="46" height="17"/>
    </entry>
    <entry id="80" name="hsa:23396 hsa:8394 hsa:8395" type="gene"
        link="https://www.kegg.jp/dbget-bin/www_bget?hsa:23396+hsa:8394+hsa:8395">
        <graphics name="PIP5K1C, LCCS3, PIP5K-GAMMA, PIP5K1-gamma, PIP5Kgamma..." fgcolor="#000000" bgcolor="#BFFFBF"
             type="rectangle" x="434" y="186" width="46" height="17"/>
    </entry>
    <entry id="81" name="hsa:200576" type="gene"
        link="https://www.kegg.jp/dbget-bin/www_bget?hsa:200576">
        <graphics name="PIKFYVE, CFD, FAB1, HEL37, PIP5K, PIP5K3, ZFYVE29" fgcolor="#000000" bgcolor="#BFFFBF"
             type="rectangle" x="222" y="144" width="46" height="17"/>
    </entry>
    <entry id="82" name="hsa:5297 hsa:5298 hsa:55300 hsa:55361" type="gene"
        link="https://www.kegg.jp/dbget-bin/www_bget?hsa:5297+hsa:5298+hsa:55300+hsa:55361">
        <graphics name="PI4KA, GIDID2, PI4K-ALPHA, PIK4CA, PMGYCHA, SPG84, pi4K230..." fgcolor="#000000" bgcolor="#BFFFBF"
             type="rectangle" x="230" y="364" width="46" height="17"/>
    </entry>
    <entry id="83" name="hsa:5286 hsa:5287 hsa:5288 hsa:5295 hsa:5296 hsa:8503" type="gene"
        link="https://www.kegg.jp/dbget-bin/www_bget?hsa:5286+hsa:5287+hsa:5288+hsa:5295+hsa:5296+hsa:8503">
        <graphics name="PIK3C2A, CPK, OCSKD, PI3-K-C2(ALPHA), PI3-K-C2A, PI3K-C2-alpha, PI3K-C2alpha..." fgcolor="#000000" bgcolor="#BFFFBF"
             type="rectangle" x="222" y="610" width="46" height="17"/>
    </entry>
    <entry id="84" name="hsa:1040 hsa:8760" type="gene"
        link="https://www.kegg.jp/dbget-bin/www_bget?hsa:1040+hsa:8760">
        <graphics name="CDS1, CDS_1..." fgcolor="#000000" bgcolor="#BFFFBF"
             type="rectangle" x="1062" y="659" width="46" height="17"/>
    </entry>
    <entry id="85" name="hsa:139189 hsa:1606 hsa:1607 hsa:1608 hsa:160851 hsa:1609 hsa:8525 hsa:8526 hsa:8527 hsa:9162" type="gene"
        link="https://www.kegg.jp/dbget-bin/www_bget?hsa:139189+hsa:1606+hsa:1607+hsa:1608+hsa:160851+hsa:1609+hsa:8525+hsa:8526+hsa:8527+hsa:9162">
        <graphics name="DGKK..." fgcolor="#000000" bgcolor="#BFFFBF"
             type="rectangle" x="931" y="659" width="46" height="17"/>
    </entry>
    <entry id="86" name="hsa:3631 hsa:8821" type="gene"
        link="https://www.kegg.jp/dbget-bin/www_bget?hsa:3631+hsa:8821">
        <graphics name="INPP4A, INPP4, TVAS1..." fgcolor="#000000" bgcolor="#BFFFBF"
             type="rectangle" x="391" y="648" width="46" height="17"/>
    </entry>
    <entry id="87" name="hsa:5286 hsa:5287 hsa:5288 hsa:5295 hsa:5296 hsa:8503" type="gene"
        link="https://www.kegg.jp/dbget-bin/www_bget?hsa:5286+hsa:5287+hsa:5288+hsa:5295+hsa:5296+hsa:8503">
        <graphics name="PIK3C2A, CPK, OCSKD, PI3-K-C2(ALPHA), PI3-K-C2A, PI3K-C2-alpha, PI3K-C2alpha..." fgcolor="#000000" bgcolor="#BFFFBF"
             type="rectangle" x="434" y="560" width="46" height="17"/>
    </entry>
    <entry id="88" name="hsa:200576" type="gene"
        link="https://www.kegg.jp/dbget-bin/www_bget?hsa:200576">
        <graphics name="PIKFYVE, CFD, FAB1, HEL37, PIP5K, PIP5K3, ZFYVE29" fgcolor="#000000" bgcolor="#BFFFBF"
             type="rectangle" x="434" y="458" width="46" height="17"/>
    </entry>
    <entry id="89" name="hsa:3633 hsa:4952 hsa:56623 hsa:8867 hsa:8871" type="gene"
        link="https://www.kegg.jp/dbget-bin/www_bget?hsa:3633+hsa:4952+hsa:56623+hsa:8867+hsa:8871">
        <graphics name="INPP5B, 5PTase..." fgcolor="#000000" bgcolor="#BFFFBF"
             type="rectangle" x="350" y="331" width="46" height="17"/>
    </entry>
    <entry id="90" name="hsa:5305 hsa:79837 hsa:8396" type="gene"
        link="https://www.kegg.jp/dbget-bin/www_bget?hsa:5305+hsa:79837+hsa:8396">
        <graphics name="PIP4K2A, PI5P4KA, PIP5K2A, PIP5KII-alpha, PIP5KIIA, PIPK..." fgcolor="#000000" bgcolor="#BFFFBF"
             type="rectangle" x="434" y="135" width="46" height="17"/>
    </entry>
    <entry id="91" name="hsa:253430" type="gene"
        link="https://www.kegg.jp/dbget-bin/www_bget?hsa:253430">
        <graphics name="IPMK" fgcolor="#000000" bgcolor="#BFFFBF"
             type="rectangle" x="986" y="288" width="46" height="17"/>
    </entry>
    <entry id="92" name="hsa:4534" type="gene"
        link="https://www.kegg.jp/dbget-bin/www_bget?hsa:4534">
        <graphics name="MTM1, CNM, CNMX, MTMX, XLMTM" fgcolor="#000000" bgcolor="#BFFFBF"
             type="rectangle" x="986" y="430" width="46" height="17"/>
    </entry>
    <entry id="93" name="hsa:3612 hsa:3613 hsa:54928" type="gene"
        link="https://www.kegg.jp/dbget-bin/www_bget?hsa:3612+hsa:3613+hsa:54928">
        <graphics name="IMPA1, IMP, IMPA, MRT59..." fgcolor="#000000" bgcolor="#BFFFBF"
             type="rectangle" x="1079" y="538" width="46" height="17"/>
    </entry>
    <entry id="94" name="hsa:3612 hsa:3613 hsa:54928" type="gene"
        link="https://www.kegg.jp/dbget-bin/www_bget?hsa:3612+hsa:3613+hsa:54928">
        <graphics name="IMPA1, IMP, IMPA, MRT59..." fgcolor="#000000" bgcolor="#BFFFBF"
             type="rectangle" x="1079" y="430" width="46" height="17"/>
    </entry>
    <entry id="95" name="hsa:3612 hsa:3613 hsa:54928" type="gene"
        link="https://www.kegg.jp/dbget-bin/www_bget?hsa:3612+hsa:3613+hsa:54928">
        <graphics name="IMPA1, IMP, IMPA, MRT59..." fgcolor="#000000" bgcolor="#BFFFBF"
             type="rectangle" x="1079" y="488" width="46" height="17"/>
    </entry>
    <entry id="96" name="hsa:3631 hsa:8821" type="gene"
        link="https://www.kegg.jp/dbget-bin/www_bget?hsa:3631+hsa:8821">
        <graphics name="INPP4A, INPP4, TVAS1..." fgcolor="#000000" bgcolor="#BFFFBF"
             type="rectangle" x="986" y="488" width="46" height="17"/>
    </entry>
    <entry id="97" name="hsa:3628" type="gene"
        link="https://www.kegg.jp/dbget-bin/www_bget?hsa:3628">
        <graphics name="INPP1" fgcolor="#000000" bgcolor="#BFFFBF"
             type="rectangle" x="986" y="538" width="46" height="17"/>
    </entry>
    <entry id="98" name="hsa:3632" type="gene"
        link="https://www.kegg.jp/dbget-bin/www_bget?hsa:3632">
        <graphics name="INPP5A, 5PTASE" fgcolor="#000000" bgcolor="#BFFFBF"
             type="rectangle" x="877" y="538" width="46" height="17"/>
    </entry>
    <entry id="99" name="hsa:3628" type="gene"
        link="https://www.kegg.jp/dbget-bin/www_bget?hsa:3628">
        <graphics name="INPP1" fgcolor="#000000" bgcolor="#BFFFBF"
             type="rectangle" x="877" y="488" width="46" height="17"/>
    </entry>
    <entry id="100" name="hsa:3632" type="gene"
        link="https://www.kegg.jp/dbget-bin/www_bget?hsa:3632">
        <graphics name="INPP5A, 5PTASE" fgcolor="#000000" bgcolor="#BFFFBF"
             type="rectangle" x="771" y="460" width="46" height="17"/>
    </entry>
    <entry id="101" name="hsa:3705" type="gene"
        link="https://www.kegg.jp/dbget-bin/www_bget?hsa:3705">
        <graphics name="ITPK1, ITRPK1" fgcolor="#000000" bgcolor="#BFFFBF"
             type="rectangle" x="877" y="287" width="46" height="17"/>
    </entry>
    <entry id="102" name="hsa:3706 hsa:3707 hsa:80271" type="gene"
        link="https://www.kegg.jp/dbget-bin/www_bget?hsa:3706+hsa:3707+hsa:80271">
        <graphics name="ITPKA, IP3-3KA, IP3KA..." fgcolor="#000000" bgcolor="#BFFFBF"
             type="rectangle" x="772" y="501" width="46" height="17"/>
    </entry>
    <entry id="103" name="hsa:113026 hsa:23236 hsa:51196 hsa:5330 hsa:5331 hsa:5332 hsa:5333 hsa:5335 hsa:5336 hsa:84812 hsa:89869" type="gene"
        link="https://www.kegg.jp/dbget-bin/www_bget?hsa:113026+hsa:23236+hsa:51196+hsa:5330+hsa:5331+hsa:5332+hsa:5333+hsa:5335+hsa:5336+hsa:84812+hsa:89869">
        <graphics name="PLCD3, PLC-delta-3..." fgcolor="#000000" bgcolor="#BFFFBF"
             type="rectangle" x="721" y="575" width="46" height="17"/>
    </entry>
    <entry id="104" name="hsa:3635 hsa:3636" type="gene"
        link="https://www.kegg.jp/dbget-bin/www_bget?hsa:3635+hsa:3636">
        <graphics name="INPP5D, SHIP, SHIP-1, SHIP1, SIP-145, hp51CN, p150Ship..." fgcolor="#000000" bgcolor="#BFFFBF"
             type="rectangle" x="653" y="597" width="46" height="17"/>
    </entry>
    <entry id="105" name="hsa:4534 hsa:55613 hsa:64419 hsa:8776 hsa:8897 hsa:8898 hsa:9107 hsa:9108 hsa:9110" type="gene"
        link="https://www.kegg.jp/dbget-bin/www_bget?hsa:4534+hsa:55613+hsa:64419+hsa:8776+hsa:8897+hsa:8898+hsa:9107+hsa:9108+hsa:9110">
        <graphics name="MTM1, CNM, CNMX, MTMX, XLMTM..." fgcolor="#000000" bgcolor="#BFFFBF"
             type="rectangle" x="222" y="658" width="46" height="17"/>
    </entry>
    <entry id="106" name="hsa:5728" type="gene"
        link="https://www.kegg.jp/dbget-bin/www_bget?hsa:5728">
        <graphics name="PTEN, 10q23del, BZS, CWS1, DEC, GLM2, MHAM, MMAC1, PTEN1, PTENbeta, TEP1" fgcolor="#000000" bgcolor="#BFFFBF"
             type="rectangle" x="603" y="192" width="46" height="17"/>
    </entry>
    <entry id="107" name="path:hsa04070" type="map"
        link="https://www.kegg.jp/dbget-bin/www_bget?hsa04070">
        <graphics name="TITLE:Phosphatidylinositol signaling system" fgcolor="#000000" bgcolor="#FFFFFF"
             type="roundrectangle" x="213" y="58" width="346" height="25"/>
    </entry>
    <entry id="225" name="hsa:55529 hsa:90809" type="gene"
        link="https://www.kegg.jp/dbget-bin/www_bget?hsa:55529+hsa:90809">
        <graphics name="PIP4P2, TMEM55A..." fgcolor="#000000" bgcolor="#BFFFBF"
             type="rectangle" x="350" y="152" width="46" height="17"/>
    </entry>
    <entry id="226" name="hsa:3631 hsa:8821" type="gene"
        link="https://www.kegg.jp/dbget-bin/www_bget?hsa:3631+hsa:8821">
        <graphics name="INPP4A, INPP4, TVAS1..." fgcolor="#000000" bgcolor="#BFFFBF"
             type="rectangle" x="877" y="431" width="46" height="17"/>
    </entry>
    <entry id="228" name="hsa:4534 hsa:55613 hsa:64419 hsa:8776 hsa:8897 hsa:8898 hsa:9107 hsa:9108 hsa:9110" type="gene"
        link="https://www.kegg.jp/dbget-bin/www_bget?hsa:4534+hsa:55613+hsa:64419+hsa:8776+hsa:8897+hsa:8898+hsa:9107+hsa:9108+hsa:9110">
        <graphics name="MTM1, CNM, CNMX, MTMX, XLMTM..." fgcolor="#000000" bgcolor="#BFFFBF"
             type="rectangle" x="350" y="219" width="46" height="17"/>
    </entry>
    <entry id="229" name="path:hsa04151" type="map"
        link="https://www.kegg.jp/dbget-bin/www_bget?hsa04151">
        <graphics name="PI3K-Akt signaling pathway" fgcolor="#000000" bgcolor="#FFFFFF"
             type="roundrectangle" x="569" y="267" width="100" height="34"/>
    </entry>
    <entry id="230" name="path:hsa04020" type="map"
        link="https://www.kegg.jp/dbget-bin/www_bget?hsa04020">
        <graphics name="Calcium signaling pathway" fgcolor="#000000" bgcolor="#FFFFFF"
             type="roundrectangle" x="1085" y="794" width="117" height="34"/>
    </entry>
    <entry id="231" name="cpd:C11555" type="compound"
        link="https://www.kegg.jp/dbget-bin/www_bget?C11555">
        <graphics name="C11555" fgcolor="#000000" bgcolor="#FFFFFF"
             type="circle" x="937" y="341" width="8" height="8"/>
    </entry>
    <entry id="232" name="hsa:253430" type="gene"
        link="https://www.kegg.jp/dbget-bin/www_bget?hsa:253430">
        <graphics name="IPMK" fgcolor="#000000" bgcolor="#BFFFBF"
             type="rectangle" x="986" y="342" width="46" height="17"/>
    </entry>
    <entry id="233" name="hsa:253430" type="gene"
        link="https://www.kegg.jp/dbget-bin/www_bget?hsa:253430">
        <graphics name="IPMK" fgcolor="#000000" bgcolor="#BFFFBF"
             type="rectangle" x="877" y="342" width="46" height="17"/>
    </entry>
    <entry id="234" name="cpd:C11174" type="compound"
        link="https://www.kegg.jp/dbget-bin/www_bget?C11174">
        <graphics name="C11174" fgcolor="#000000" bgcolor="#FFFFFF"
             type="circle" x="1133" y="287" width="8" height="8"/>
    </entry>
    <entry id="235" name="cpd:C20690" type="compound"
        link="https://www.kegg.jp/dbget-bin/www_bget?C20690">
        <graphics name="C20690" fgcolor="#000000" bgcolor="#FFFFFF"
             type="circle" x="1222" y="287" width="8" height="8"/>
    </entry>
    <entry id="236" name="hsa:117283 hsa:51447 hsa:9807" type="gene"
        link="https://www.kegg.jp/dbget-bin/www_bget?hsa:117283+hsa:51447+hsa:9807">
        <graphics name="IP6K3, IHPK3, INSP6K3..." fgcolor="#000000" bgcolor="#BFFFBF"
             type="rectangle" x="1173" y="342" width="46" height="17"/>
    </entry>
    <entry id="238" name="hsa:117283 hsa:51447 hsa:9807" type="gene"
        link="https://www.kegg.jp/dbget-bin/www_bget?hsa:117283+hsa:51447+hsa:9807">
        <graphics name="IP6K3, IHPK3, INSP6K3..." fgcolor="#000000" bgcolor="#BFFFBF"
             type="rectangle" x="1173" y="288" width="46" height="17"/>
    </entry>
    <entry id="239" name="hsa:23262 hsa:9677" type="gene"
        link="https://www.kegg.jp/dbget-bin/www_bget?hsa:23262+hsa:9677">
        <graphics name="PPIP5K2, CFAP160, DFNB100, HISPPD1, IP7K2, VIP2..." fgcolor="#000000" bgcolor="#BFFFBF"
             type="rectangle" x="1133" y="317" width="46" height="17"/>
    </entry>
    <entry id="241" name="hsa:23262 hsa:9677" type="gene"
        link="https://www.kegg.jp/dbget-bin/www_bget?hsa:23262+hsa:9677">
        <graphics name="PPIP5K2, CFAP160, DFNB100, HISPPD1, IP7K2, VIP2..." fgcolor="#000000" bgcolor="#BFFFBF"
             type="rectangle" x="1222" y="317" width="46" height="17"/>
    </entry>
    <entry id="265" name="hsa:5289 hsa:5295 hsa:5296 hsa:8503" type="gene"
        link="https://www.kegg.jp/dbget-bin/www_bget?hsa:5289+hsa:5295+hsa:5296+hsa:8503">
        <graphics name="PIK3C3, VPS34, hVps34..." fgcolor="#000000" bgcolor="#BFFFBF"
             type="rectangle" x="222" y="589" width="46" height="17"/>
    </entry>
    <entry id="266" name="hsa:5578 hsa:5579 hsa:5582" type="gene"
        link="https://www.kegg.jp/dbget-bin/www_bget?hsa:5578+hsa:5579+hsa:5582">
        <graphics name="PRKCA, AAG6, PKC-alpha, PKCA, PKCI+/-, PKCalpha, PRKACA..." fgcolor="#000000" bgcolor="#BFFFBF"
             type="rectangle" x="994" y="794" width="46" height="17"/>
    </entry>
    <entry id="267" name="hsa:3633 hsa:4952 hsa:56623 hsa:8867 hsa:8871" type="gene"
        link="https://www.kegg.jp/dbget-bin/www_bget?hsa:3633+hsa:4952+hsa:56623+hsa:8867+hsa:8871">
        <graphics name="INPP5B, 5PTase..." fgcolor="#000000" bgcolor="#BFFFBF"
             type="rectangle" x="603" y="597" width="46" height="17"/>
    </entry>
    <entry id="268" name="path:hsa04144" type="map"
        link="https://www.kegg.jp/dbget-bin/www_bget?hsa04144">
        <graphics name="Endocytosis" fgcolor="#000000" bgcolor="#FFFFFF"
             type="roundrectangle" x="520" y="545" width="92" height="25"/>
    </entry>
    <entry id="283" name="hsa:253430" type="gene"
        link="https://www.kegg.jp/dbget-bin/www_bget?hsa:253430">
        <graphics name="IPMK" fgcolor="#000000" bgcolor="#BFFFBF"
             type="rectangle" x="877" y="234" width="46" height="17"/>
    </entry>
    <entry id="285" name="hsa:22876 hsa:22908" type="gene"
        link="https://www.kegg.jp/dbget-bin/www_bget?hsa:22876+hsa:22908">
        <graphics name="INPP5F, MSTP007, MSTPO47, SAC2, hSAC2..." fgcolor="#000000" bgcolor="#BFFFBF"
             type="rectangle" x="180" y="380" width="46" height="17"/>
    </entry>
    <relation entry1="50" entry2="81" type="ECrel">
        <subtype name="compound" value="75"/>
    </relation>
    <relation entry1="81" entry2="83" type="ECrel">
        <subtype name="compound" value="75"/>
    </relation>
    <relation entry1="45" entry2="81" type="ECrel">
        <subtype name="compound" value="75"/>
    </relation>
    <relation entry1="81" entry2="105" type="ECrel">
        <subtype name="compound" value="75"/>
    </relation>
    <relation entry1="78" entry2="81" type="ECrel">
        <subtype name="compound" value="75"/>
    </relation>
    <relation entry1="50" entry2="83" type="ECrel">
        <subtype name="compound" value="75"/>
    </relation>
    <relation entry1="45" entry2="50" type="ECrel">
        <subtype name="compound" value="75"/>
    </relation>
    <relation entry1="50" entry2="105" type="ECrel">
        <subtype name="compound" value="75"/>
    </relation>
    <relation entry1="50" entry2="78" type="ECrel">
        <subtype name="compound" value="75"/>
    </relation>
    <relation entry1="45" entry2="83" type="ECrel">
        <subtype name="compound" value="72"/>
    </relation>
    <relation entry1="45" entry2="83" type="ECrel">
        <subtype name="compound" value="75"/>
    </relation>
    <relation entry1="83" entry2="105" type="ECrel">
        <subtype name="compound" value="72"/>
    </relation>
    <relation entry1="83" entry2="105" type="ECrel">
        <subtype name="compound" value="75"/>
    </relation>
    <relation entry1="78" entry2="83" type="ECrel">
        <subtype name="compound" value="75"/>
    </relation>
    <relation entry1="45" entry2="78" type="ECrel">
        <subtype name="compound" value="75"/>
    </relation>
    <relation entry1="78" entry2="105" type="ECrel">
        <subtype name="compound" value="75"/>
    </relation>
    <relation entry1="81" entry2="90" type="ECrel">
        <subtype name="compound" value="49"/>
    </relation>
    <relation entry1="90" entry2="106" type="ECrel">
        <subtype name="compound" value="66"/>
    </relation>
    <relation entry1="79" entry2="90" type="ECrel">
        <subtype name="compound" value="66"/>
    </relation>
    <relation entry1="51" entry2="90" type="ECrel">
        <subtype name="compound" value="66"/>
    </relation>
    <relation entry1="79" entry2="106" type="ECrel">
        <subtype name="compound" value="73"/>
    </relation>
    <relation entry1="79" entry2="106" type="ECrel">
        <subtype name="compound" value="66"/>
    </relation>
    <relation entry1="51" entry2="106" type="ECrel">
        <subtype name="compound" value="66"/>
    </relation>
    <relation entry1="51" entry2="79" type="ECrel">
        <subtype name="compound" value="66"/>
    </relation>
    <relation entry1="80" entry2="82" type="ECrel">
        <subtype name="compound" value="74"/>
    </relation>
    <relation entry1="82" entry2="89" type="ECrel">
        <subtype name="compound" value="74"/>
    </relation>
    <relation entry1="82" entry2="87" type="ECrel">
        <subtype name="compound" value="74"/>
    </relation>
    <relation entry1="82" entry2="103" type="ECrel">
        <subtype name="compound" value="74"/>
    </relation>
    <relation entry1="80" entry2="89" type="ECrel">
        <subtype name="compound" value="66"/>
    </relation>
    <relation entry1="80" entry2="89" type="ECrel">
        <subtype name="compound" value="74"/>
    </relation>
    <relation entry1="80" entry2="87" type="ECrel">
        <subtype name="compound" value="74"/>
    </relation>
    <relation entry1="80" entry2="103" type="ECrel">
        <subtype name="compound" value="74"/>
    </relation>
    <relation entry1="87" entry2="89" type="ECrel">
        <subtype name="compound" value="74"/>
    </relation>
    <relation entry1="89" entry2="103" type="ECrel">
        <subtype name="compound" value="74"/>
    </relation>
    <relation entry1="87" entry2="103" type="ECrel">
        <subtype name="compound" value="74"/>
    </relation>
    <relation entry1="104" entry2="106" type="ECrel">
        <subtype name="compound" value="73"/>
    </relation>
    <relation entry1="79" entry2="104" type="ECrel">
        <subtype name="compound" value="73"/>
    </relation>
    <relation entry1="83" entry2="88" type="ECrel">
        <subtype name="compound" value="72"/>
    </relation>
    <relation entry1="83" entry2="86" type="ECrel">
        <subtype name="compound" value="72"/>
    </relation>
    <relation entry1="45" entry2="88" type="ECrel">
        <subtype name="compound" value="72"/>
    </relation>
    <relation entry1="45" entry2="86" type="ECrel">
        <subtype name="compound" value="72"/>
    </relation>
    <relation entry1="88" entry2="105" type="ECrel">
        <subtype name="compound" value="72"/>
    </relation>
    <relation entry1="86" entry2="105" type="ECrel">
        <subtype name="compound" value="72"/>
    </relation>
    <relation entry1="86" entry2="88" type="ECrel">
        <subtype name="compound" value="72"/>
    </relation>
    <relation entry1="86" entry2="87" type="ECrel">
        <subtype name="compound" value="47"/>
    </relation>
    <relation entry1="87" entry2="104" type="ECrel">
        <subtype name="compound" value="47"/>
    </relation>
    <relation entry1="86" entry2="104" type="ECrel">
        <subtype name="compound" value="47"/>
    </relation>
    <relation entry1="91" entry2="101" type="ECrel">
        <subtype name="compound" value="65"/>
    </relation>
    <relation entry1="46" entry2="91" type="ECrel">
        <subtype name="compound" value="60"/>
    </relation>
    <relation entry1="100" entry2="102" type="ECrel">
        <subtype name="compound" value="56"/>
    </relation>
    <relation entry1="99" entry2="100" type="ECrel">
        <subtype name="compound" value="55"/>
    </relation>
    <relation entry1="92" entry2="94" type="ECrel">
        <subtype name="compound" value="59"/>
    </relation>
    <relation entry1="96" entry2="99" type="ECrel">
        <subtype name="compound" value="63"/>
    </relation>
    <relation entry1="95" entry2="96" type="ECrel">
        <subtype name="compound" value="58"/>
    </relation>
    <relation entry1="94" entry2="95" type="ECrel">
        <subtype name="compound" value="67"/>
    </relation>
    <relation entry1="93" entry2="94" type="ECrel">
        <subtype name="compound" value="67"/>
    </relation>
    <relation entry1="78" entry2="94" type="ECrel">
        <subtype name="compound" value="67"/>
    </relation>
    <relation entry1="93" entry2="95" type="ECrel">
        <subtype name="compound" value="67"/>
    </relation>
    <relation entry1="78" entry2="95" type="ECrel">
        <subtype name="compound" value="67"/>
    </relation>
    <relation entry1="78" entry2="93" type="ECrel">
        <subtype name="compound" value="67"/>
    </relation>
    <relation entry1="51" entry2="102" type="ECrel">
        <subtype name="compound" value="61"/>
    </relation>
    <relation entry1="98" entry2="102" type="ECrel">
        <subtype name="compound" value="61"/>
    </relation>
    <relation entry1="51" entry2="98" type="ECrel">
        <subtype name="compound" value="61"/>
    </relation>
    <relation entry1="98" entry2="103" type="ECrel">
        <subtype name="compound" value="62"/>
    </relation>
    <relation entry1="97" entry2="98" type="ECrel">
        <subtype name="compound" value="62"/>
    </relation>
    <relation entry1="97" entry2="103" type="ECrel">
        <subtype name="compound" value="62"/>
    </relation>
    <relation entry1="93" entry2="97" type="ECrel">
        <subtype name="compound" value="57"/>
    </relation>
    <relation entry1="50" entry2="103" type="ECrel">
        <subtype name="compound" value="71"/>
    </relation>
    <relation entry1="51" entry2="103" type="ECrel">
        <subtype name="compound" value="71"/>
    </relation>
    <relation entry1="85" entry2="103" type="ECrel">
        <subtype name="compound" value="71"/>
    </relation>
    <relation entry1="50" entry2="51" type="ECrel">
        <subtype name="compound" value="71"/>
    </relation>
    <relation entry1="50" entry2="85" type="ECrel">
        <subtype name="compound" value="71"/>
    </relation>
    <relation entry1="51" entry2="85" type="ECrel">
        <subtype name="compound" value="71"/>
    </relation>
    <relation entry1="84" entry2="85" type="ECrel">
        <subtype name="compound" value="70"/>
    </relation>
    <relation entry1="78" entry2="84" type="ECrel">
        <subtype name="compound" value="69"/>
    </relation>
    <relation entry1="80" entry2="90" type="ECrel">
        <subtype name="compound" value="66"/>
    </relation>
    <relation entry1="89" entry2="90" type="ECrel">
        <subtype name="compound" value="66"/>
    </relation>
    <relation entry1="80" entry2="106" type="ECrel">
        <subtype name="compound" value="66"/>
    </relation>
    <relation entry1="79" entry2="80" type="ECrel">
        <subtype name="compound" value="66"/>
    </relation>
    <relation entry1="51" entry2="80" type="ECrel">
        <subtype name="compound" value="66"/>
    </relation>
    <relation entry1="89" entry2="106" type="ECrel">
        <subtype name="compound" value="66"/>
    </relation>
    <relation entry1="79" entry2="89" type="ECrel">
        <subtype name="compound" value="66"/>
    </relation>
    <relation entry1="51" entry2="89" type="ECrel">
        <subtype name="compound" value="66"/>
    </relation>
    <relation entry1="50" entry2="82" type="ECrel">
        <subtype name="compound" value="75"/>
    </relation>
    <relation entry1="81" entry2="82" type="ECrel">
        <subtype name="compound" value="75"/>
    </relation>
    <relation entry1="82" entry2="83" type="ECrel">
        <subtype name="compound" value="75"/>
    </relation>
    <relation entry1="45" entry2="82" type="ECrel">
        <subtype name="compound" value="75"/>
    </relation>
    <relation entry1="82" entry2="105" type="ECrel">
        <subtype name="compound" value="75"/>
    </relation>
    <relation entry1="78" entry2="82" type="ECrel">
        <subtype name="compound" value="75"/>
    </relation>
    <relation entry1="50" entry2="92" type="ECrel">
        <subtype name="compound" value="59"/>
    </relation>
    <relation entry1="50" entry2="94" type="ECrel">
        <subtype name="compound" value="59"/>
    </relation>
    <relation entry1="90" entry2="225" type="ECrel">
        <subtype name="compound" value="66"/>
    </relation>
    <relation entry1="79" entry2="225" type="ECrel">
        <subtype name="compound" value="66"/>
    </relation>
    <relation entry1="106" entry2="225" type="ECrel">
        <subtype name="compound" value="66"/>
    </relation>
    <relation entry1="80" entry2="225" type="ECrel">
        <subtype name="compound" value="66"/>
    </relation>
    <relation entry1="89" entry2="225" type="ECrel">
        <subtype name="compound" value="66"/>
    </relation>
    <relation entry1="81" entry2="225" type="ECrel">
        <subtype name="compound" value="49"/>
    </relation>
    <relation entry1="90" entry2="225" type="ECrel">
        <subtype name="compound" value="49"/>
    </relation>
    <relation entry1="228" entry2="225" type="ECrel">
        <subtype name="compound" value="49"/>
    </relation>
    <relation entry1="88" entry2="228" type="ECrel">
        <subtype name="compound" value="48"/>
    </relation>
    <relation entry1="81" entry2="228" type="ECrel">
        <subtype name="compound" value="49"/>
    </relation>
    <relation entry1="90" entry2="228" type="ECrel">
        <subtype name="compound" value="49"/>
    </relation>
    <relation entry1="88" entry2="265" type="ECrel">
        <subtype name="compound" value="72"/>
    </relation>
    <relation entry1="86" entry2="265" type="ECrel">
        <subtype name="compound" value="72"/>
    </relation>
    <relation entry1="45" entry2="265" type="ECrel">
        <subtype name="compound" value="72"/>
    </relation>
    <relation entry1="105" entry2="265" type="ECrel">
        <subtype name="compound" value="72"/>
    </relation>
    <relation entry1="45" entry2="265" type="ECrel">
        <subtype name="compound" value="75"/>
    </relation>
    <relation entry1="105" entry2="265" type="ECrel">
        <subtype name="compound" value="75"/>
    </relation>
    <relation entry1="82" entry2="265" type="ECrel">
        <subtype name="compound" value="75"/>
    </relation>
    <relation entry1="81" entry2="265" type="ECrel">
        <subtype name="compound" value="75"/>
    </relation>
    <relation entry1="50" entry2="265" type="ECrel">
        <subtype name="compound" value="75"/>
    </relation>
    <relation entry1="78" entry2="265" type="ECrel">
        <subtype name="compound" value="75"/>
    </relation>
    <relation entry1="98" entry2="233" type="ECrel">
        <subtype name="compound" value="61"/>
    </relation>
    <relation entry1="102" entry2="233" type="ECrel">
        <subtype name="compound" value="61"/>
    </relation>
    <relation entry1="51" entry2="233" type="ECrel">
        <subtype name="compound" value="61"/>
    </relation>
    <relation entry1="100" entry2="101" type="ECrel">
        <subtype name="compound" value="55"/>
    </relation>
    <relation entry1="226" entry2="101" type="ECrel">
        <subtype name="compound" value="55"/>
    </relation>
    <relation entry1="99" entry2="101" type="ECrel">
        <subtype name="compound" value="55"/>
    </relation>
    <relation entry1="226" entry2="99" type="ECrel">
        <subtype name="compound" value="55"/>
    </relation>
    <relation entry1="100" entry2="226" type="ECrel">
        <subtype name="compound" value="55"/>
    </relation>
    <relation entry1="92" entry2="226" type="ECrel">
        <subtype name="compound" value="64"/>
    </relation>
    <relation entry1="46" entry2="232" type="ECrel">
        <subtype name="compound" value="60"/>
    </relation>
    <relation entry1="91" entry2="232" type="ECrel">
        <subtype name="compound" value="60"/>
    </relation>
    <relation entry1="239" entry2="46" type="ECrel">
        <subtype name="compound" value="68"/>
    </relation>
    <relation entry1="236" entry2="46" type="ECrel">
        <subtype name="compound" value="68"/>
    </relation>
    <relation entry1="241" entry2="236" type="ECrel">
        <subtype name="compound" value="52"/>
    </relation>
    <relation entry1="238" entry2="239" type="ECrel">
        <subtype name="compound" value="234"/>
    </relation>
    <relation entry1="241" entry2="238" type="ECrel">
        <subtype name="compound" value="235"/>
    </relation>
    <relation entry1="236" entry2="239" type="ECrel">
        <subtype name="compound" value="68"/>
    </relation>
    <relation entry1="267" entry2="106" type="ECrel">
        <subtype name="compound" value="73"/>
    </relation>
    <relation entry1="267" entry2="79" type="ECrel">
        <subtype name="compound" value="73"/>
    </relation>
    <relation entry1="267" entry2="86" type="ECrel">
        <subtype name="compound" value="47"/>
    </relation>
    <relation entry1="267" entry2="87" type="ECrel">
        <subtype name="compound" value="47"/>
    </relation>
    <relation entry1="102" entry2="283" type="ECrel">
        <subtype name="compound" value="56"/>
    </relation>
    <relation entry1="283" entry2="100" type="ECrel">
        <subtype name="compound" value="56"/>
    </relation>
    <relation entry1="283" entry2="46" type="ECrel">
        <subtype name="compound" value="60"/>
    </relation>
    <relation entry1="283" entry2="91" type="ECrel">
        <subtype name="compound" value="60"/>
    </relation>
    <relation entry1="285" entry2="81" type="ECrel">
        <subtype name="compound" value="75"/>
    </relation>
    <relation entry1="285" entry2="50" type="ECrel">
        <subtype name="compound" value="75"/>
    </relation>
    <relation entry1="285" entry2="265" type="ECrel">
        <subtype name="compound" value="75"/>
    </relation>
    <relation entry1="285" entry2="83" type="ECrel">
        <subtype name="compound" value="75"/>
    </relation>
    <relation entry1="285" entry2="45" type="ECrel">
        <subtype name="compound" value="75"/>
    </relation>
    <relation entry1="285" entry2="105" type="ECrel">
        <subtype name="compound" value="75"/>
    </relation>
    <relation entry1="285" entry2="78" type="ECrel">
        <subtype name="compound" value="75"/>
    </relation>
    <relation entry1="285" entry2="87" type="ECrel">
        <subtype name="compound" value="74"/>
    </relation>
    <relation entry1="285" entry2="103" type="ECrel">
        <subtype name="compound" value="74"/>
    </relation>
    <relation entry1="285" entry2="89" type="ECrel">
        <subtype name="compound" value="74"/>
    </relation>
    <relation entry1="285" entry2="80" type="ECrel">
        <subtype name="compound" value="74"/>
    </relation>
    <relation entry1="233" entry2="232" type="ECrel">
        <subtype name="compound" value="231"/>
    </relation>
</pathway>
