<?xml version="1.0"?>
<!DOCTYPE pathway SYSTEM "https://www.kegg.jp/kegg/xml/KGML_v0.7.2_.dtd">
<!-- Creation date: Mar 28, 2017 14:28:15 +0900 (GMT+9) -->
<pathway name="path:hsa04136" org="hsa" number="04136"
         title="Autophagy - other"
         image="https://www.kegg.jp/kegg/pathway/hsa/hsa04136.png"
         link="https://www.kegg.jp/kegg-bin/show_pathway?hsa04136">
    <entry id="2" name="path:hsa04136" type="map"
        link="https://www.kegg.jp/dbget-bin/www_bget?hsa04136">
        <graphics name="TITLE:Autophagy - other" fgcolor="#000000" bgcolor="#FFFFFF"
             type="roundrectangle" x="140" y="58" width="200" height="25"/>
    </entry>
    <entry id="6" name="hsa:57521" type="gene"
        link="https://www.kegg.jp/dbget-bin/www_bget?hsa:57521">
        <graphics name="RPTOR, KOG1, Mip1" fgcolor="#000000" bgcolor="#BFFFBF"
             type="rectangle" x="213" y="103" width="46" height="17"/>
    </entry>
    <entry id="7" name="hsa:2475" type="gene"
        link="https://www.kegg.jp/dbget-bin/www_bget?hsa:2475">
        <graphics name="MTOR, FRAP, FRAP1, FRAP2, RAFT1, RAPT1, SKS" fgcolor="#000000" bgcolor="#BFFFBF"
             type="rectangle" x="238" y="129" width="46" height="17"/>
    </entry>
    <entry id="8" name="hsa:64223" type="gene"
        link="https://www.kegg.jp/dbget-bin/www_bget?hsa:64223">
        <graphics name="MLST8, GBL, GbetaL, LST8, POP3, WAT1" fgcolor="#000000" bgcolor="#BFFFBF"
             type="rectangle" x="264" y="155" width="46" height="17"/>
    </entry>
    <entry id="15" name="hsa:9706" type="gene"
        link="https://www.kegg.jp/dbget-bin/www_bget?hsa:9706">
        <graphics name="ULK2, ATG1B, Unc51.2" fgcolor="#000000" bgcolor="#BFFFBF"
             type="rectangle" x="394" y="102" width="46" height="17"/>
    </entry>
    <entry id="16" name="hsa:9776" type="gene"
        link="https://www.kegg.jp/dbget-bin/www_bget?hsa:9776">
        <graphics name="ATG13, KIAA0652, PARATARG8" fgcolor="#000000" bgcolor="#BFFFBF"
             type="rectangle" x="394" y="164" width="46" height="17"/>
    </entry>
    <entry id="17" name="ko:K08330" type="ortholog"
        link="https://www.kegg.jp/dbget-bin/www_bget?K08330">
        <graphics name="K08330" fgcolor="#000000" bgcolor="#FFFFFF"
             type="rectangle" x="495" y="164" width="46" height="17"/>
    </entry>
    <entry id="18" name="hsa:60673" type="gene"
        link="https://www.kegg.jp/dbget-bin/www_bget?hsa:60673">
        <graphics name="ATG101, C12orf44" fgcolor="#000000" bgcolor="#BFFFBF"
             type="rectangle" x="452" y="136" width="46" height="17"/>
    </entry>
    <entry id="22" name="hsa:3476" type="gene"
        link="https://www.kegg.jp/dbget-bin/www_bget?hsa:3476">
        <graphics name="IGBP1, ALPHA-4, IBP1, MRXS28, alpha4" fgcolor="#000000" bgcolor="#BFFFBF"
             type="rectangle" x="238" y="212" width="46" height="17"/>
    </entry>
    <entry id="24" name="hsa:5515 hsa:5516" type="gene"
        link="https://www.kegg.jp/dbget-bin/www_bget?hsa:5515+hsa:5516">
        <graphics name="PPP2CA, NEDLBA, PP2Ac, PP2CA, PP2Calpha, RP-C..." fgcolor="#000000" bgcolor="#BFFFBF"
             type="rectangle" x="238" y="251" width="46" height="17"/>
    </entry>
    <entry id="28" name="hsa:441925 hsa:8678" type="gene"
        link="https://www.kegg.jp/dbget-bin/www_bget?hsa:441925+hsa:8678">
        <graphics name="BECN2, BECN1L1, BECN1P1..." fgcolor="#000000" bgcolor="#BFFFBF"
             type="rectangle" x="415" y="325" width="46" height="17"/>
    </entry>
    <entry id="29" name="hsa:30849" type="gene"
        link="https://www.kegg.jp/dbget-bin/www_bget?hsa:30849">
        <graphics name="PIK3R4, VPS15, p150" fgcolor="#000000" bgcolor="#BFFFBF"
             type="rectangle" x="415" y="356" width="46" height="17"/>
    </entry>
    <entry id="30" name="hsa:5289" type="gene"
        link="https://www.kegg.jp/dbget-bin/www_bget?hsa:5289">
        <graphics name="PIK3C3, VPS34, hVps34" fgcolor="#000000" bgcolor="#BFFFBF"
             type="rectangle" x="475" y="340" width="46" height="17"/>
    </entry>
    <entry id="40" name="hsa:285973 hsa:79065" type="gene"
        link="https://www.kegg.jp/dbget-bin/www_bget?hsa:285973+hsa:79065">
        <graphics name="ATG9B, APG9L2, NOS3AS, SONE..." fgcolor="#000000" bgcolor="#BFFFBF"
             type="rectangle" x="614" y="198" width="46" height="17"/>
    </entry>
    <entry id="41" name="hsa:23130 hsa:55102" type="gene"
        link="https://www.kegg.jp/dbget-bin/www_bget?hsa:23130+hsa:55102">
        <graphics name="ATG2A, BLTP4A..." fgcolor="#000000" bgcolor="#BFFFBF"
             type="rectangle" x="584" y="230" width="46" height="17"/>
    </entry>
    <entry id="42" name="hsa:26100 hsa:55062" type="gene"
        link="https://www.kegg.jp/dbget-bin/www_bget?hsa:26100+hsa:55062">
        <graphics name="WIPI2, ATG18B, Atg21, CGI-50, IDDSSA, WIPI-2..." fgcolor="#000000" bgcolor="#BFFFBF"
             type="rectangle" x="643" y="230" width="46" height="17"/>
    </entry>
    <entry id="45" name="cpd:C00350" type="compound"
        link="https://www.kegg.jp/dbget-bin/www_bget?C00350">
        <graphics name="C00350" fgcolor="#000000" bgcolor="#FFFFFF"
             type="circle" x="358" y="716" width="8" height="8"/>
    </entry>
    <entry id="46" name="hsa:64422" type="gene"
        link="https://www.kegg.jp/dbget-bin/www_bget?hsa:64422">
        <graphics name="ATG3, APG3, APG3-LIKE, APG3L, PC3-96, hApg3" fgcolor="#000000" bgcolor="#BFFFBF"
             type="rectangle" x="305" y="639" width="46" height="17"/>
    </entry>
    <entry id="47" name="hsa:11337 hsa:11345 hsa:23710" type="gene"
        link="https://www.kegg.jp/dbget-bin/www_bget?hsa:11337+hsa:11345+hsa:23710">
        <graphics name="GABARAP, ATG8A, GABARAP-a, MM46..." fgcolor="#000000" bgcolor="#BFFFBF"
             type="rectangle" x="529" y="693" width="46" height="17"/>
    </entry>
    <entry id="48" name="hsa:115201 hsa:23192 hsa:84938 hsa:84971" type="gene"
        link="https://www.kegg.jp/dbget-bin/www_bget?hsa:115201+hsa:23192+hsa:84938+hsa:84971">
        <graphics name="ATG4A, APG4A, AUTL2, HsAPG4A..." fgcolor="#000000" bgcolor="#BFFFBF"
             type="rectangle" x="116" y="742" width="46" height="17"/>
    </entry>
    <entry id="49" name="hsa:55054" type="gene"
        link="https://www.kegg.jp/dbget-bin/www_bget?hsa:55054">
        <graphics name="ATG16L1, APG16L, ATG16A, ATG16L, IBD10, WDR30" fgcolor="#000000" bgcolor="#BFFFBF"
             type="rectangle" x="635" y="549" width="46" height="17"/>
    </entry>
    <entry id="50" name="hsa:9140" type="gene"
        link="https://www.kegg.jp/dbget-bin/www_bget?hsa:9140">
        <graphics name="ATG12, APG12, APG12L, FBR93, HAPG12" fgcolor="#000000" bgcolor="#BFFFBF"
             type="rectangle" x="75" y="549" width="49" height="17"/>
    </entry>
    <entry id="51" name="hsa:83734" type="gene"
        link="https://www.kegg.jp/dbget-bin/www_bget?hsa:83734">
        <graphics name="ATG10, APG10, APG10L, pp12616" fgcolor="#000000" bgcolor="#BFFFBF"
             type="rectangle" x="248" y="597" width="46" height="17"/>
    </entry>
    <entry id="52" name="hsa:10533" type="gene"
        link="https://www.kegg.jp/dbget-bin/www_bget?hsa:10533">
        <graphics name="ATG7, APG7-LIKE, APG7L, GSA7, SCAR31" fgcolor="#000000" bgcolor="#BFFFBF"
             type="rectangle" x="187" y="619" width="46" height="17"/>
    </entry>
    <entry id="53" name="hsa:9140" type="gene"
        link="https://www.kegg.jp/dbget-bin/www_bget?hsa:9140">
        <graphics name="ATG12, APG12, APG12L, FBR93, HAPG12" fgcolor="#000000" bgcolor="#BFFFBF"
             type="rectangle" x="388" y="558" width="46" height="17"/>
    </entry>
    <entry id="65" name="hsa:9474" type="gene"
        link="https://www.kegg.jp/dbget-bin/www_bget?hsa:9474">
        <graphics name="ATG5, APG5, APG5-LIKE, APG5L, ASP, SCAR25, hAPG5" fgcolor="#000000" bgcolor="#BFFFBF"
             type="rectangle" x="388" y="541" width="46" height="17"/>
    </entry>
    <entry id="66" name="hsa:9140" type="gene"
        link="https://www.kegg.jp/dbget-bin/www_bget?hsa:9140">
        <graphics name="ATG12, APG12, APG12L, FBR93, HAPG12" fgcolor="#000000" bgcolor="#BFFFBF"
             type="rectangle" x="544" y="549" width="46" height="17"/>
    </entry>
    <entry id="67" name="hsa:9474" type="gene"
        link="https://www.kegg.jp/dbget-bin/www_bget?hsa:9474">
        <graphics name="ATG5, APG5, APG5-LIKE, APG5L, ASP, SCAR25, hAPG5" fgcolor="#000000" bgcolor="#BFFFBF"
             type="rectangle" x="590" y="549" width="46" height="17"/>
    </entry>
    <entry id="69" name="hsa:9474" type="gene"
        link="https://www.kegg.jp/dbget-bin/www_bget?hsa:9474">
        <graphics name="ATG5, APG5, APG5-LIKE, APG5L, ASP, SCAR25, hAPG5" fgcolor="#000000" bgcolor="#BFFFBF"
             type="rectangle" x="301" y="586" width="46" height="17"/>
    </entry>
    <entry id="71" name="hsa:55054" type="gene"
        link="https://www.kegg.jp/dbget-bin/www_bget?hsa:55054">
        <graphics name="ATG16L1, APG16L, ATG16A, ATG16L, IBD10, WDR30" fgcolor="#000000" bgcolor="#BFFFBF"
             type="rectangle" x="442" y="586" width="46" height="17"/>
    </entry>
    <entry id="73" name="hsa:11337 hsa:11345 hsa:23710" type="gene"
        link="https://www.kegg.jp/dbget-bin/www_bget?hsa:11337+hsa:11345+hsa:23710">
        <graphics name="GABARAP, ATG8A, GABARAP-a, MM46..." fgcolor="#000000" bgcolor="#BFFFBF"
             type="rectangle" x="73" y="694" width="46" height="17"/>
    </entry>
    <entry id="75" name="cpd:C00350" type="compound"
        link="https://www.kegg.jp/dbget-bin/www_bget?C00350">
        <graphics name="C00350" fgcolor="#000000" bgcolor="#FFFFFF"
             type="circle" x="570" y="693" width="8" height="8"/>
    </entry>
    <entry id="90" name="cpd:C04549" type="compound"
        link="https://www.kegg.jp/dbget-bin/www_bget?C04549">
        <graphics name="C04549" fgcolor="#000000" bgcolor="#FFFFFF"
             type="circle" x="520" y="423" width="8" height="8"/>
    </entry>
    <entry id="91" name="cpd:C01194" type="compound"
        link="https://www.kegg.jp/dbget-bin/www_bget?C01194">
        <graphics name="C01194" fgcolor="#000000" bgcolor="#FFFFFF"
             type="circle" x="435" y="423" width="8" height="8"/>
    </entry>
    <entry id="92" name="undefined" type="group">
        <graphics fgcolor="#000000" bgcolor="#FFFFFF"
             type="rectangle" x="238" y="129" width="97" height="69"/>
        <component id="6"/>
        <component id="7"/>
        <component id="8"/>
    </entry>
    <entry id="93" name="undefined" type="group">
        <graphics fgcolor="#000000" bgcolor="#FFFFFF"
             type="rectangle" x="423" y="133" width="104" height="79"/>
        <component id="15"/>
        <component id="16"/>
        <component id="18"/>
    </entry>
    <entry id="94" name="undefined" type="group">
        <graphics fgcolor="#000000" bgcolor="#FFFFFF"
             type="rectangle" x="388" y="549" width="46" height="34"/>
        <component id="53"/>
        <component id="65"/>
    </entry>
    <entry id="95" name="undefined" type="group">
        <graphics fgcolor="#000000" bgcolor="#FFFFFF"
             type="rectangle" x="589" y="549" width="137" height="17"/>
        <component id="49"/>
        <component id="66"/>
        <component id="67"/>
    </entry>
    <entry id="96" name="undefined" type="group">
        <graphics fgcolor="#000000" bgcolor="#FFFFFF"
             type="rectangle" x="540" y="693" width="68" height="17"/>
        <component id="47"/>
        <component id="75"/>
    </entry>
    <relation entry1="6" entry2="7" type="PPrel">
        <subtype name="binding/association" value="---"/>
    </relation>
    <relation entry1="7" entry2="8" type="PPrel">
        <subtype name="binding/association" value="---"/>
    </relation>
    <relation entry1="92" entry2="93" type="PPrel">
        <subtype name="inhibition" value="--|"/>
        <subtype name="phosphorylation" value="+p"/>
    </relation>
    <relation entry1="15" entry2="16" type="PPrel">
        <subtype name="activation" value="--&gt;"/>
    </relation>
    <relation entry1="16" entry2="18" type="PPrel">
        <subtype name="binding/association" value="---"/>
    </relation>
    <relation entry1="92" entry2="22" type="PPrel">
        <subtype name="activation" value="--&gt;"/>
    </relation>
    <relation entry1="22" entry2="24" type="PPrel">
        <subtype name="activation" value="--&gt;"/>
    </relation>
    <relation entry1="24" entry2="93" type="PPrel">
        <subtype name="inhibition" value="--|"/>
        <subtype name="dephosphorylation" value="-p"/>
    </relation>
    <relation entry1="30" entry2="91" type="PCrel">
        <subtype name="activation" value="--&gt;"/>
        <subtype name="phosphorylation" value="+p"/>
    </relation>
    <relation entry1="69" entry2="50" type="PPrel">
        <subtype name="binding/association" value="---"/>
    </relation>
    <relation entry1="52" entry2="50" type="PPrel">
        <subtype name="activation" value="--&gt;"/>
    </relation>
    <relation entry1="52" entry2="73" type="PPrel">
        <subtype name="activation" value="--&gt;"/>
    </relation>
    <relation entry1="51" entry2="50" type="PPrel">
        <subtype name="activation" value="--&gt;"/>
    </relation>
    <relation entry1="71" entry2="94" type="PPrel">
        <subtype name="binding/association" value="---"/>
    </relation>
    <relation entry1="46" entry2="73" type="PPrel">
        <subtype name="activation" value="--&gt;"/>
    </relation>
    <relation entry1="95" entry2="73" type="PPrel">
        <subtype name="activation" value="--&gt;"/>
        <subtype name="indirect effect" value="..&gt;"/>
    </relation>
    <relation entry1="95" entry2="46" type="PPrel">
        <subtype name="activation" value="--&gt;"/>
    </relation>
    <relation entry1="48" entry2="73" type="PPrel">
        <subtype name="activation" value="--&gt;"/>
    </relation>
    <relation entry1="48" entry2="96" type="PPrel">
        <subtype name="inhibition" value="--|"/>
    </relation>
</pathway>
