<?xml version="1.0"?>
<!DOCTYPE pathway SYSTEM "https://www.kegg.jp/kegg/xml/KGML_v0.7.2_.dtd">
<!-- Creation date: Sep 25, 2020 11:55:42 +0900 (GMT+9) -->
<pathway name="path:hsa05132" org="hsa" number="05132"
         title="Salmonella infection"
         image="https://www.kegg.jp/kegg/pathway/hsa/hsa05132.png"
         link="https://www.kegg.jp/kegg-bin/show_pathway?hsa05132">
    <entry id="414" name="ko:K13085" type="ortholog"
        link="https://www.kegg.jp/dbget-bin/www_bget?K13085">
        <graphics name="K13085" fgcolor="#000000" bgcolor="#FFFFFF"
             type="rectangle" x="419" y="2208" width="46" height="17"/>
    </entry>
    <entry id="424" name="ko:K08598" type="ortholog"
        link="https://www.kegg.jp/dbget-bin/www_bget?K08598">
        <graphics name="K08598" fgcolor="#000000" bgcolor="#FFFFFF"
             type="rectangle" x="690" y="1675" width="46" height="17"/>
    </entry>
    <entry id="425" name="hsa:4615" type="gene"
        link="https://www.kegg.jp/dbget-bin/www_bget?hsa:4615">
        <graphics name="MYD88, IMD68, MYD88D" fgcolor="#000000" bgcolor="#BFFFBF"
             type="rectangle" x="419" y="1516" width="46" height="17"/>
    </entry>
    <entry id="426" name="hsa:4615" type="gene"
        link="https://www.kegg.jp/dbget-bin/www_bget?hsa:4615">
        <graphics name="MYD88, IMD68, MYD88D" fgcolor="#000000" bgcolor="#BFFFBF"
             type="rectangle" x="323" y="1507" width="46" height="17"/>
    </entry>
    <entry id="427" name="hsa:4615" type="gene"
        link="https://www.kegg.jp/dbget-bin/www_bget?hsa:4615">
        <graphics name="MYD88, IMD68, MYD88D" fgcolor="#000000" bgcolor="#BFFFBF"
             type="rectangle" x="323" y="1472" width="46" height="17"/>
    </entry>
    <entry id="428" name="hsa:5594 hsa:5595" type="gene"
        link="https://www.kegg.jp/dbget-bin/www_bget?hsa:5594+hsa:5595">
        <graphics name="MAPK1, ERK, ERK-2, ERK2, ERT1, MAPK2, NS13, P42MAPK, PRKM1, PRKM2, p38, p40, p41, p41mapk, p42-MAPK..." fgcolor="#000000" bgcolor="#BFFFBF"
             type="rectangle" x="857" y="1541" width="46" height="17"/>
    </entry>
    <entry id="429" name="hsa:3551" type="gene"
        link="https://www.kegg.jp/dbget-bin/www_bget?hsa:3551">
        <graphics name="IKBKB, IKK-beta, IKK2, IKKB, IMD15, IMD15A, IMD15B, NFKBIKB" fgcolor="#000000" bgcolor="#BFFFBF"
             type="rectangle" x="733" y="1397" width="46" height="17"/>
    </entry>
    <entry id="430" name="hsa:6885" type="gene"
        link="https://www.kegg.jp/dbget-bin/www_bget?hsa:6885">
        <graphics name="MAP3K7, CSCF, FMD2, MEKK7, TAK1, TGF1a" fgcolor="#000000" bgcolor="#BFFFBF"
             type="rectangle" x="611" y="1464" width="46" height="18"/>
    </entry>
    <entry id="431" name="hsa:1432 hsa:5600 hsa:5603 hsa:6300" type="gene"
        link="https://www.kegg.jp/dbget-bin/www_bget?hsa:1432+hsa:5600+hsa:5603+hsa:6300">
        <graphics name="MAPK14, CSBP, CSBP1, CSBP2, CSPB1, EXIP, Mxi2, PRKM14, PRKM15, RK, SAPK2A, p38, p38ALPHA..." fgcolor="#000000" bgcolor="#BFFFBF"
             type="rectangle" x="857" y="1573" width="46" height="17"/>
    </entry>
    <entry id="432" name="hsa:3654 hsa:51135" type="gene"
        link="https://www.kegg.jp/dbget-bin/www_bget?hsa:3654+hsa:51135">
        <graphics name="IRAK1, IRAK, pelle..." fgcolor="#000000" bgcolor="#BFFFBF"
             type="rectangle" x="419" y="1473" width="46" height="17"/>
    </entry>
    <entry id="433" name="hsa:1147" type="gene"
        link="https://www.kegg.jp/dbget-bin/www_bget?hsa:1147">
        <graphics name="CHUK, BPS2, IKBKA, IKK-alpha, IKK1, IKKA, NFKBIKA, TCF16" fgcolor="#000000" bgcolor="#BFFFBF"
             type="rectangle" x="733" y="1380" width="46" height="17"/>
    </entry>
    <entry id="434" name="hsa:3576" type="gene"
        link="https://www.kegg.jp/dbget-bin/www_bget?hsa:3576">
        <graphics name="CXCL8, GCP-1, GCP1, IL8, LECT, LUCT, LYNAP, MDNCF, MONAP, NAF, NAP-1, NAP1, SCYB8" fgcolor="#000000" bgcolor="#BFFFBF"
             type="rectangle" x="1138" y="1494" width="46" height="17"/>
    </entry>
    <entry id="435" name="hsa:114609" type="gene"
        link="https://www.kegg.jp/dbget-bin/www_bget?hsa:114609">
        <graphics name="TIRAP, BACTS1, Mal, MyD88-2, wyatt" fgcolor="#000000" bgcolor="#BFFFBF"
             type="rectangle" x="323" y="1455" width="46" height="17"/>
    </entry>
    <entry id="436" name="hsa:4615" type="gene"
        link="https://www.kegg.jp/dbget-bin/www_bget?hsa:4615">
        <graphics name="MYD88, IMD68, MYD88D" fgcolor="#000000" bgcolor="#BFFFBF"
             type="rectangle" x="323" y="1394" width="46" height="17"/>
    </entry>
    <entry id="437" name="hsa:5599 hsa:5601 hsa:5602" type="gene"
        link="https://www.kegg.jp/dbget-bin/www_bget?hsa:5599+hsa:5601+hsa:5602">
        <graphics name="MAPK8, JNK, JNK-46, JNK1, JNK1A2, JNK21B1/2, PRKM8, SAPK1, SAPK1c..." fgcolor="#000000" bgcolor="#BFFFBF"
             type="rectangle" x="857" y="1605" width="46" height="17"/>
    </entry>
    <entry id="438" name="hsa:3553" type="gene"
        link="https://www.kegg.jp/dbget-bin/www_bget?hsa:3553">
        <graphics name="IL1B, IL-1, IL1-BETA, IL1F2, IL1beta" fgcolor="#000000" bgcolor="#BFFFBF"
             type="rectangle" x="1138" y="1453" width="46" height="17"/>
    </entry>
    <entry id="439" name="hsa:7189" type="gene"
        link="https://www.kegg.jp/dbget-bin/www_bget?hsa:7189">
        <graphics name="TRAF6, MGC:3310, RNF85" fgcolor="#000000" bgcolor="#BFFFBF"
             type="rectangle" x="515" y="1472" width="46" height="17"/>
    </entry>
    <entry id="440" name="hsa:3569" type="gene"
        link="https://www.kegg.jp/dbget-bin/www_bget?hsa:3569">
        <graphics name="IL6, BSF-2, BSF2, CDF, HGF, HSF, IFN-beta-2, IFNB2, IL-6" fgcolor="#000000" bgcolor="#BFFFBF"
             type="rectangle" x="1138" y="1473" width="46" height="17"/>
    </entry>
    <entry id="441" name="hsa:10454 hsa:23118 hsa:257397" type="gene"
        link="https://www.kegg.jp/dbget-bin/www_bget?hsa:10454+hsa:23118+hsa:257397">
        <graphics name="TAB1, 3'-Tab1, MAP3K7IP1..." fgcolor="#000000" bgcolor="#BFFFBF"
             type="rectangle" x="611" y="1481" width="46" height="17"/>
    </entry>
    <entry id="442" name="hsa:4792" type="gene"
        link="https://www.kegg.jp/dbget-bin/www_bget?hsa:4792">
        <graphics name="NFKBIA, EDAID2, IKBA, MAD-3, NFKBI" fgcolor="#000000" bgcolor="#BFFFBF"
             type="rectangle" x="857" y="1397" width="46" height="17"/>
    </entry>
    <entry id="443" name="hsa:7124" type="gene"
        link="https://www.kegg.jp/dbget-bin/www_bget?hsa:7124">
        <graphics name="TNF, DIF, TNF-alpha, TNFA, TNFSF2, TNLG1F" fgcolor="#000000" bgcolor="#BFFFBF"
             type="rectangle" x="1138" y="1433" width="46" height="17"/>
    </entry>
    <entry id="448" name="hsa:54106" type="gene"
        link="https://www.kegg.jp/dbget-bin/www_bget?hsa:54106">
        <graphics name="TLR9, CD289" fgcolor="#000000" bgcolor="#BFFFBF"
             type="rectangle" x="323" y="1564" width="46" height="17"/>
    </entry>
    <entry id="450" name="hsa:114609" type="gene"
        link="https://www.kegg.jp/dbget-bin/www_bget?hsa:114609">
        <graphics name="TIRAP, BACTS1, Mal, MyD88-2, wyatt" fgcolor="#000000" bgcolor="#BFFFBF"
             type="rectangle" x="323" y="1377" width="46" height="17"/>
    </entry>
    <entry id="452" name="hsa:8517" type="gene"
        link="https://www.kegg.jp/dbget-bin/www_bget?hsa:8517">
        <graphics name="IKBKG, AMCBX1, EDAID1, FIP-3, FIP3, Fip3p, IKK-gamma, IKKAP1, IKKG, IMD33, IP, IP1, IP2, IPD2, NEMO, SAIDX, ZC2HC9" fgcolor="#000000" bgcolor="#BFFFBF"
             type="rectangle" x="733" y="1363" width="46" height="17"/>
    </entry>
    <entry id="453" name="path:hsa04010" type="map"
        link="https://www.kegg.jp/dbget-bin/www_bget?hsa04010">
        <graphics name="MAPK signaling pathway" fgcolor="#000000" bgcolor="#FFFFFF"
             type="roundrectangle" x="1130" y="1570" width="108" height="34"/>
    </entry>
    <entry id="486" name="hsa:5609 hsa:6416" type="gene"
        link="https://www.kegg.jp/dbget-bin/www_bget?hsa:5609+hsa:6416">
        <graphics name="MAP2K7, JNKK2, MAPKK7, MEK, MEK_7, MKK7, PRKMK7, SAPKK-4, SAPKK4..." fgcolor="#000000" bgcolor="#BFFFBF"
             type="rectangle" x="721" y="1605" width="46" height="17"/>
    </entry>
    <entry id="487" name="hsa:4790" type="gene"
        link="https://www.kegg.jp/dbget-bin/www_bget?hsa:4790">
        <graphics name="NFKB1, CVID12, EBP-1, KBF1, NF-kB, NF-kB1, NF-kappa-B1, NF-kappaB, NF-kappabeta, NFKB-p105, NFKB-p50, NFkappaB" fgcolor="#000000" bgcolor="#BFFFBF"
             type="rectangle" x="857" y="1339" width="46" height="17"/>
    </entry>
    <entry id="488" name="hsa:5606 hsa:5608" type="gene"
        link="https://www.kegg.jp/dbget-bin/www_bget?hsa:5606+hsa:5608">
        <graphics name="MAP2K3, MAPKK3, MEK3, MKK3, PRKMK3, SAPKK-2, SAPKK2..." fgcolor="#000000" bgcolor="#BFFFBF"
             type="rectangle" x="721" y="1573" width="46" height="17"/>
    </entry>
    <entry id="489" name="hsa:5604 hsa:5605" type="gene"
        link="https://www.kegg.jp/dbget-bin/www_bget?hsa:5604+hsa:5605">
        <graphics name="MAP2K1, CFC3, MAPKK1, MEK1, MEL, MKK1, PRKMK1..." fgcolor="#000000" bgcolor="#BFFFBF"
             type="rectangle" x="721" y="1541" width="46" height="17"/>
    </entry>
    <entry id="490" name="hsa:2353 hsa:3725" type="gene"
        link="https://www.kegg.jp/dbget-bin/www_bget?hsa:2353+hsa:3725">
        <graphics name="FOS, AP-1, C-FOS, p55..." fgcolor="#000000" bgcolor="#BFFFBF"
             type="rectangle" x="971" y="1573" width="46" height="17"/>
    </entry>
    <entry id="492" name="path:hsa04064" type="map"
        link="https://www.kegg.jp/dbget-bin/www_bget?hsa04064">
        <graphics name="NF-kappa B signaling pathway" fgcolor="#000000" bgcolor="#FFFFFF"
             type="roundrectangle" x="1130" y="1347" width="108" height="34"/>
    </entry>
    <entry id="493" name="hsa:5970" type="gene"
        link="https://www.kegg.jp/dbget-bin/www_bget?hsa:5970">
        <graphics name="RELA, CMCU, NFKB3, p65" fgcolor="#000000" bgcolor="#BFFFBF"
             type="rectangle" x="857" y="1356" width="46" height="17"/>
    </entry>
    <entry id="494" name="ko:K13450" type="ortholog"
        link="https://www.kegg.jp/dbget-bin/www_bget?K13450">
        <graphics name="K13450" fgcolor="#000000" bgcolor="#FFFFFF"
             type="rectangle" x="739" y="1675" width="46" height="17"/>
    </entry>
    <entry id="495" name="ko:K18015" type="ortholog"
        link="https://www.kegg.jp/dbget-bin/www_bget?K18015">
        <graphics name="K18015" fgcolor="#000000" bgcolor="#FFFFFF"
             type="rectangle" x="793" y="1504" width="46" height="17"/>
    </entry>
    <entry id="496" name="ko:K15343" type="ortholog"
        link="https://www.kegg.jp/dbget-bin/www_bget?K15343">
        <graphics name="K15343" fgcolor="#000000" bgcolor="#FFFFFF"
             type="rectangle" x="982" y="1268" width="46" height="17"/>
    </entry>
    <entry id="498" name="hsa:58484" type="gene"
        link="https://www.kegg.jp/dbget-bin/www_bget?hsa:58484">
        <graphics name="NLRC4, AIFEC, CARD12, CLAN, CLAN1, CLANA, CLANB, CLANC, CLAND, CLR2.1, FCAS4, IPAF" fgcolor="#000000" bgcolor="#BFFFBF"
             type="rectangle" x="507" y="2147" width="46" height="17"/>
    </entry>
    <entry id="499" name="hsa:29108" type="gene"
        link="https://www.kegg.jp/dbget-bin/www_bget?hsa:29108">
        <graphics name="PYCARD, ASC, CARD5, TMS, TMS-1, TMS1" fgcolor="#000000" bgcolor="#BFFFBF"
             type="rectangle" x="606" y="2119" width="46" height="17"/>
    </entry>
    <entry id="500" name="hsa:834" type="gene"
        link="https://www.kegg.jp/dbget-bin/www_bget?hsa:834">
        <graphics name="CASP1, ICE, IL1BC, P45" fgcolor="#000000" bgcolor="#BFFFBF"
             type="rectangle" x="652" y="2119" width="46" height="17"/>
    </entry>
    <entry id="502" name="hsa:3606" type="gene"
        link="https://www.kegg.jp/dbget-bin/www_bget?hsa:3606">
        <graphics name="IL18, IGIF, IL-18, IL-1g, IL1F4" fgcolor="#000000" bgcolor="#BFFFBF"
             type="rectangle" x="804" y="2153" width="46" height="17"/>
    </entry>
    <entry id="503" name="hsa:3553" type="gene"
        link="https://www.kegg.jp/dbget-bin/www_bget?hsa:3553">
        <graphics name="IL1B, IL-1, IL1-BETA, IL1F2, IL1beta" fgcolor="#000000" bgcolor="#BFFFBF"
             type="rectangle" x="804" y="2174" width="46" height="17"/>
    </entry>
    <entry id="505" name="hsa:114548" type="gene"
        link="https://www.kegg.jp/dbget-bin/www_bget?hsa:114548">
        <graphics name="NLRP3, AGTAVPRL, AII, AVP, C1orf7, CIAS1, CLR1.1, DFNA34, FCAS, FCAS1, FCU, KEFH, MWS, NALP3, PYPAF1" fgcolor="#000000" bgcolor="#BFFFBF"
             type="rectangle" x="507" y="2100" width="46" height="17"/>
    </entry>
    <entry id="508" name="hsa:4671" type="gene"
        link="https://www.kegg.jp/dbget-bin/www_bget?hsa:4671">
        <graphics name="NAIP, BIRC1, NLRB1, psiNAIP" fgcolor="#000000" bgcolor="#BFFFBF"
             type="rectangle" x="427" y="2147" width="46" height="17"/>
    </entry>
    <entry id="510" name="path:hsa04621" type="map"
        link="https://www.kegg.jp/dbget-bin/www_bget?hsa04621">
        <graphics name="NOD-like receptor signaling pathway" fgcolor="#000000" bgcolor="#FFFFFF"
             type="roundrectangle" x="742" y="2209" width="115" height="34"/>
    </entry>
    <entry id="511" name="hsa:837 hsa:838" type="gene"
        link="https://www.kegg.jp/dbget-bin/www_bget?hsa:837+hsa:838">
        <graphics name="CASP4, ICE(rel)II, ICEREL-II, ICH-2, Mih1, Mih1/TX, TX..." fgcolor="#000000" bgcolor="#BFFFBF"
             type="rectangle" x="726" y="2074" width="46" height="17"/>
    </entry>
    <entry id="513" name="cpd:C00338" type="compound"
        link="https://www.kegg.jp/dbget-bin/www_bget?C00338">
        <graphics name="C00338" fgcolor="#000000" bgcolor="#FFFFFF"
             type="circle" x="657" y="2073" width="8" height="8"/>
    </entry>
    <entry id="515" name="hsa:834" type="gene"
        link="https://www.kegg.jp/dbget-bin/www_bget?hsa:834">
        <graphics name="CASP1, ICE, IL1BC, P45" fgcolor="#000000" bgcolor="#BFFFBF"
             type="rectangle" x="726" y="2119" width="46" height="17"/>
    </entry>
    <entry id="518" name="hsa:79792" type="gene"
        link="https://www.kegg.jp/dbget-bin/www_bget?hsa:79792">
        <graphics name="GSDMD, DF5L, DFNA5L, FKSG10, GSDMDC1" fgcolor="#000000" bgcolor="#BFFFBF"
             type="rectangle" x="804" y="2073" width="46" height="17"/>
    </entry>
    <entry id="520" name="ko:K02406" type="ortholog"
        link="https://www.kegg.jp/dbget-bin/www_bget?K02406">
        <graphics name="K02406" fgcolor="#000000" bgcolor="#FFFFFF"
             type="rectangle" x="95" y="1507" width="46" height="17"/>
    </entry>
    <entry id="521" name="cpd:C00338" type="compound"
        link="https://www.kegg.jp/dbget-bin/www_bget?C00338">
        <graphics name="C00338" fgcolor="#000000" bgcolor="#FFFFFF"
             type="circle" x="95" y="1424" width="8" height="8"/>
    </entry>
    <entry id="522" name="ko:K02406" type="ortholog"
        link="https://www.kegg.jp/dbget-bin/www_bget?K02406">
        <graphics name="K02406" fgcolor="#000000" bgcolor="#FFFFFF"
             type="rectangle" x="304" y="2125" width="46" height="17"/>
    </entry>
    <entry id="524" name="hsa:10392" type="gene"
        link="https://www.kegg.jp/dbget-bin/www_bget?hsa:10392">
        <graphics name="NOD1, CARD4, CLR7.1, NLRC1" fgcolor="#000000" bgcolor="#BFFFBF"
             type="rectangle" x="656" y="1275" width="46" height="17"/>
    </entry>
    <entry id="525" name="hsa:8767" type="gene"
        link="https://www.kegg.jp/dbget-bin/www_bget?hsa:8767">
        <graphics name="RIPK2, CARD3, CARDIAK, CCK, GIG30, RICK, RIP2" fgcolor="#000000" bgcolor="#BFFFBF"
             type="rectangle" x="754" y="1275" width="46" height="17"/>
    </entry>
    <entry id="528" name="hsa:3320 hsa:3326 hsa:7184" type="gene"
        link="https://www.kegg.jp/dbget-bin/www_bget?hsa:3320+hsa:3326+hsa:7184">
        <graphics name="HSP90AA1, EL52, HEL-S-65p, HSP86, HSP89A, HSP90A, HSP90N, HSPC1, HSPCA, HSPCAL1, HSPCAL4, HSPN, Hsp103, Hsp89, Hsp90, LAP-2, LAP2..." fgcolor="#000000" bgcolor="#BFFFBF"
             type="rectangle" x="701" y="1325" width="46" height="17"/>
    </entry>
    <entry id="530" name="hsa:6188" type="gene"
        link="https://www.kegg.jp/dbget-bin/www_bget?hsa:6188">
        <graphics name="RPS3, S3" fgcolor="#000000" bgcolor="#BFFFBF"
             type="rectangle" x="858" y="1443" width="46" height="17"/>
    </entry>
    <entry id="537" name="ko:K23942" type="ortholog"
        link="https://www.kegg.jp/dbget-bin/www_bget?K23942">
        <graphics name="K23942" fgcolor="#000000" bgcolor="#FFFFFF"
             type="rectangle" x="718" y="1499" width="46" height="17"/>
    </entry>
    <entry id="538" name="hsa:6500" type="gene"
        link="https://www.kegg.jp/dbget-bin/www_bget?hsa:6500">
        <graphics name="SKP1, EMC19, OCP-II, OCP2, SKP1A, TCEB1L, p19A" fgcolor="#000000" bgcolor="#BFFFBF"
             type="rectangle" x="759" y="1449" width="46" height="17"/>
    </entry>
    <entry id="542" name="hsa:26263" type="gene"
        link="https://www.kegg.jp/dbget-bin/www_bget?hsa:26263">
        <graphics name="FBXO22, FBX22, FISTC1" fgcolor="#000000" bgcolor="#BFFFBF"
             type="rectangle" x="759" y="1432" width="46" height="17"/>
    </entry>
    <entry id="546" name="hsa:3836 hsa:3839 hsa:3840" type="gene"
        link="https://www.kegg.jp/dbget-bin/www_bget?hsa:3836+hsa:3839+hsa:3840">
        <graphics name="KPNA1, IPOA5, NPI-1, RCH2, SRP1..." fgcolor="#000000" bgcolor="#BFFFBF"
             type="rectangle" x="857" y="1300" width="46" height="17"/>
    </entry>
    <entry id="547" name="hsa:1434" type="gene"
        link="https://www.kegg.jp/dbget-bin/www_bget?hsa:1434">
        <graphics name="CSE1L, CAS, CSE1, XPO2" fgcolor="#000000" bgcolor="#BFFFBF"
             type="rectangle" x="857" y="1261" width="46" height="17"/>
    </entry>
    <entry id="550" name="ko:K19557" type="ortholog"
        link="https://www.kegg.jp/dbget-bin/www_bget?K19557">
        <graphics name="K19557" fgcolor="#000000" bgcolor="#FFFFFF"
             type="rectangle" x="845" y="1216" width="46" height="17"/>
    </entry>
    <entry id="557" name="hsa:3265" type="gene"
        link="https://www.kegg.jp/dbget-bin/www_bget?hsa:3265">
        <graphics name="HRAS, C-BAS/HAS, C-H-RAS, C-HA-RAS1, CTLO, H-RASIDX, HAMSV, HRAS1, RASH1, p21ras" fgcolor="#000000" bgcolor="#BFFFBF"
             type="rectangle" x="470" y="1541" width="46" height="17"/>
    </entry>
    <entry id="558" name="hsa:5894" type="gene"
        link="https://www.kegg.jp/dbget-bin/www_bget?hsa:5894">
        <graphics name="RAF1, CMD1NN, CRAF, NS5, Raf-1, c-Raf" fgcolor="#000000" bgcolor="#BFFFBF"
             type="rectangle" x="577" y="1541" width="46" height="17"/>
    </entry>
    <entry id="561" name="hsa:5585" type="gene"
        link="https://www.kegg.jp/dbget-bin/www_bget?hsa:5585">
        <graphics name="PKN1, DBK, PAK-1, PAK1, PKN, PKN-ALPHA, PRK1, PRKCL1" fgcolor="#000000" bgcolor="#BFFFBF"
             type="rectangle" x="982" y="1285" width="46" height="17"/>
    </entry>
    <entry id="562" name="ko:K23941" type="ortholog"
        link="https://www.kegg.jp/dbget-bin/www_bget?K23941">
        <graphics name="K23941" fgcolor="#000000" bgcolor="#FFFFFF"
             type="rectangle" x="932" y="1285" width="46" height="17"/>
    </entry>
    <entry id="565" name="ko:K08598" type="ortholog"
        link="https://www.kegg.jp/dbget-bin/www_bget?K08598">
        <graphics name="K08598" fgcolor="#000000" bgcolor="#FFFFFF"
             type="rectangle" x="771" y="1480" width="46" height="17"/>
    </entry>
    <entry id="568" name="hsa:1499" type="gene"
        link="https://www.kegg.jp/dbget-bin/www_bget?hsa:1499">
        <graphics name="CTNNB1, CTNNB, EVR7, MRD19, NEDSDV, armadillo" fgcolor="#000000" bgcolor="#BFFFBF"
             type="rectangle" x="815" y="1643" width="46" height="17"/>
    </entry>
    <entry id="569" name="hsa:51176 hsa:6932 hsa:6934 hsa:83439" type="gene"
        link="https://www.kegg.jp/dbget-bin/www_bget?hsa:51176+hsa:6932+hsa:6934+hsa:83439">
        <graphics name="LEF1, LEF-1, TCF10, TCF1ALPHA, TCF7L3..." fgcolor="#000000" bgcolor="#BFFFBF"
             type="rectangle" x="971" y="1643" width="46" height="17"/>
    </entry>
    <entry id="572" name="hsa:4609" type="gene"
        link="https://www.kegg.jp/dbget-bin/www_bget?hsa:4609">
        <graphics name="MYC, MRTL, MYCC, bHLHe39, c-Myc" fgcolor="#000000" bgcolor="#BFFFBF"
             type="rectangle" x="1138" y="1643" width="46" height="17"/>
    </entry>
    <entry id="576" name="ko:K13285" type="ortholog"
        link="https://www.kegg.jp/dbget-bin/www_bget?K13285">
        <graphics name="K13285" fgcolor="#000000" bgcolor="#FFFFFF"
             type="rectangle" x="611" y="2213" width="46" height="17"/>
    </entry>
    <entry id="578" name="hsa:834" type="gene"
        link="https://www.kegg.jp/dbget-bin/www_bget?hsa:834">
        <graphics name="CASP1, ICE, IL1BC, P45" fgcolor="#000000" bgcolor="#BFFFBF"
             type="rectangle" x="652" y="2164" width="46" height="17"/>
    </entry>
    <entry id="580" name="ko:K13741" type="ortholog"
        link="https://www.kegg.jp/dbget-bin/www_bget?K13741">
        <graphics name="K13741" fgcolor="#000000" bgcolor="#FFFFFF"
             type="rectangle" x="534" y="2225" width="46" height="17"/>
    </entry>
    <entry id="581" name="hsa:5879" type="gene"
        link="https://www.kegg.jp/dbget-bin/www_bget?hsa:5879">
        <graphics name="RAC1, MIG5, MRD48, Rac-1, TC-25, p21-Rac1" fgcolor="#000000" bgcolor="#BFFFBF"
             type="rectangle" x="567" y="2185" width="46" height="18"/>
    </entry>
    <entry id="584" name="hsa:10000 hsa:207 hsa:208" type="gene"
        link="https://www.kegg.jp/dbget-bin/www_bget?hsa:10000+hsa:207+hsa:208">
        <graphics name="AKT3, MPPH, MPPH2, PKB-GAMMA, PKBG, PRKBG, RAC-PK-gamma, RAC-gamma, STK-2..." fgcolor="#000000" bgcolor="#BFFFBF"
             type="rectangle" x="505" y="2176" width="46" height="17"/>
    </entry>
    <entry id="588" name="hsa:5879" type="gene"
        link="https://www.kegg.jp/dbget-bin/www_bget?hsa:5879">
        <graphics name="RAC1, MIG5, MRD48, Rac-1, TC-25, p21-Rac1" fgcolor="#000000" bgcolor="#BFFFBF"
             type="rectangle" x="486" y="1071" width="46" height="17"/>
    </entry>
    <entry id="589" name="ko:K13740" type="ortholog"
        link="https://www.kegg.jp/dbget-bin/www_bget?K13740">
        <graphics name="K13740" fgcolor="#000000" bgcolor="#FFFFFF"
             type="rectangle" x="335" y="1106" width="46" height="17"/>
    </entry>
    <entry id="591" name="hsa:998" type="gene"
        link="https://www.kegg.jp/dbget-bin/www_bget?hsa:998">
        <graphics name="CDC42, CDC42Hs, G25K, TKS" fgcolor="#000000" bgcolor="#BFFFBF"
             type="rectangle" x="486" y="1034" width="46" height="17"/>
    </entry>
    <entry id="593" name="ko:K13741" type="ortholog"
        link="https://www.kegg.jp/dbget-bin/www_bget?K13741">
        <graphics name="K13741" fgcolor="#000000" bgcolor="#FFFFFF"
             type="rectangle" x="335" y="911" width="46" height="17"/>
    </entry>
    <entry id="595" name="ko:K13085" type="ortholog"
        link="https://www.kegg.jp/dbget-bin/www_bget?K13085">
        <graphics name="K13085" fgcolor="#000000" bgcolor="#FFFFFF"
             type="rectangle" x="335" y="870" width="46" height="17"/>
    </entry>
    <entry id="596" name="hsa:387" type="gene"
        link="https://www.kegg.jp/dbget-bin/www_bget?hsa:387">
        <graphics name="RHOA, ARH12, ARHA, EDFAOB, RHO12, RHOH12" fgcolor="#000000" bgcolor="#BFFFBF"
             type="rectangle" x="559" y="957" width="46" height="17"/>
    </entry>
    <entry id="597" name="hsa:57381" type="gene"
        link="https://www.kegg.jp/dbget-bin/www_bget?hsa:57381">
        <graphics name="RHOJ, ARHJ, RASL7B, TC10B, TCL" fgcolor="#000000" bgcolor="#BFFFBF"
             type="rectangle" x="558" y="889" width="46" height="17"/>
    </entry>
    <entry id="598" name="hsa:391" type="gene"
        link="https://www.kegg.jp/dbget-bin/www_bget?hsa:391">
        <graphics name="RHOG, ARHG" fgcolor="#000000" bgcolor="#BFFFBF"
             type="rectangle" x="558" y="922" width="46" height="17"/>
    </entry>
    <entry id="599" name="hsa:26084" type="gene"
        link="https://www.kegg.jp/dbget-bin/www_bget?hsa:26084">
        <graphics name="ARHGEF26, CSGEF, HMFN1864, SGEF" fgcolor="#000000" bgcolor="#BFFFBF"
             type="rectangle" x="469" y="902" width="46" height="17"/>
    </entry>
    <entry id="601" name="hsa:10810" type="gene"
        link="https://www.kegg.jp/dbget-bin/www_bget?hsa:10810">
        <graphics name="WASF3, Brush-1, SCAR3, WAVE3" fgcolor="#000000" bgcolor="#BFFFBF"
             type="rectangle" x="1050" y="1071" width="46" height="17"/>
    </entry>
    <entry id="602" name="hsa:10006" type="gene"
        link="https://www.kegg.jp/dbget-bin/www_bget?hsa:10006">
        <graphics name="ABI1, ABI-1, ABLBP4, E3B1, NAP1BP, SSH3BP, SSH3BP1" fgcolor="#000000" bgcolor="#BFFFBF"
             type="rectangle" x="1028" y="1054" width="46" height="17"/>
    </entry>
    <entry id="603" name="hsa:55845" type="gene"
        link="https://www.kegg.jp/dbget-bin/www_bget?hsa:55845">
        <graphics name="BRK1, C3orf10, HSPC300, MDS027, hHBrk1" fgcolor="#000000" bgcolor="#BFFFBF"
             type="rectangle" x="1074" y="1054" width="46" height="17"/>
    </entry>
    <entry id="604" name="hsa:10787 hsa:3071" type="gene"
        link="https://www.kegg.jp/dbget-bin/www_bget?hsa:10787+hsa:3071">
        <graphics name="NCKAP1, HEM2, NAP1, NAP125, p125Nap1..." fgcolor="#000000" bgcolor="#BFFFBF"
             type="rectangle" x="1028" y="1037" width="46" height="17"/>
    </entry>
    <entry id="605" name="hsa:23191 hsa:26999" type="gene"
        link="https://www.kegg.jp/dbget-bin/www_bget?hsa:23191+hsa:26999">
        <graphics name="CYFIP1, P140SRA-1, SHYC, SRA-1, SRA1..." fgcolor="#000000" bgcolor="#BFFFBF"
             type="rectangle" x="1074" y="1037" width="46" height="17"/>
    </entry>
    <entry id="606" name="hsa:60 hsa:71" type="gene"
        link="https://www.kegg.jp/dbget-bin/www_bget?hsa:60+hsa:71">
        <graphics name="ACTB, BRWS1, PS1TP5BP1..." fgcolor="#000000" bgcolor="#BFFFBF"
             type="rectangle" x="1210" y="1071" width="46" height="17"/>
    </entry>
    <entry id="607" name="hsa:10092 hsa:10093 hsa:10094 hsa:10095 hsa:10096 hsa:10097 hsa:10109 hsa:10552 hsa:57180 hsa:653857 hsa:81873" type="gene"
        link="https://www.kegg.jp/dbget-bin/www_bget?hsa:10092+hsa:10093+hsa:10094+hsa:10095+hsa:10096+hsa:10097+hsa:10109+hsa:10552+hsa:57180+hsa:653857+hsa:81873">
        <graphics name="ARPC5, ARC16, dJ127C7.3, p16-Arc..." fgcolor="#000000" bgcolor="#BFFFBF"
             type="rectangle" x="1130" y="1071" width="46" height="17"/>
    </entry>
    <entry id="612" name="hsa:27128 hsa:9265 hsa:9266 hsa:9267" type="gene"
        link="https://www.kegg.jp/dbget-bin/www_bget?hsa:27128+hsa:9265+hsa:9266+hsa:9267">
        <graphics name="CYTH4, CYT4, DJ63G5.1, PSCD4, cytohesin-4..." fgcolor="#000000" bgcolor="#BFFFBF"
             type="rectangle" x="895" y="1119" width="46" height="17"/>
    </entry>
    <entry id="613" name="hsa:382" type="gene"
        link="https://www.kegg.jp/dbget-bin/www_bget?hsa:382">
        <graphics name="ARF6" fgcolor="#000000" bgcolor="#BFFFBF"
             type="rectangle" x="972" y="1119" width="46" height="17"/>
    </entry>
    <entry id="615" name="hsa:375" type="gene"
        link="https://www.kegg.jp/dbget-bin/www_bget?hsa:375">
        <graphics name="ARF1, PVNH8" fgcolor="#000000" bgcolor="#BFFFBF"
             type="rectangle" x="1049" y="1119" width="46" height="17"/>
    </entry>
    <entry id="618" name="hsa:5058 hsa:5063" type="gene"
        link="https://www.kegg.jp/dbget-bin/www_bget?hsa:5058+hsa:5063">
        <graphics name="PAK1, IDDMSSD, PAKalpha, alpha-PAK, p65-PAK..." fgcolor="#000000" bgcolor="#BFFFBF"
             type="rectangle" x="577" y="1146" width="46" height="17"/>
    </entry>
    <entry id="619" name="hsa:4646" type="gene"
        link="https://www.kegg.jp/dbget-bin/www_bget?hsa:4646">
        <graphics name="MYO6, DFNA22, DFNB37" fgcolor="#000000" bgcolor="#BFFFBF"
             type="rectangle" x="695" y="1146" width="46" height="17"/>
    </entry>
    <entry id="621" name="hsa:5286 hsa:5287 hsa:5288 hsa:5290 hsa:5291 hsa:5293 hsa:5294" type="gene"
        link="https://www.kegg.jp/dbget-bin/www_bget?hsa:5286+hsa:5287+hsa:5288+hsa:5290+hsa:5291+hsa:5293+hsa:5294">
        <graphics name="PIK3C2A, CPK, OCSKD, PI3-K-C2(ALPHA), PI3-K-C2A, PI3K-C2-alpha, PI3K-C2alpha..." fgcolor="#000000" bgcolor="#BFFFBF"
             type="rectangle" x="773" y="1146" width="46" height="17"/>
    </entry>
    <entry id="623" name="cpd:C05981" type="compound"
        link="https://www.kegg.jp/dbget-bin/www_bget?C05981">
        <graphics name="C05981" fgcolor="#000000" bgcolor="#FFFFFF"
             type="circle" x="835" y="1139" width="8" height="8"/>
    </entry>
    <entry id="624" name="cpd:C11554" type="compound"
        link="https://www.kegg.jp/dbget-bin/www_bget?C11554">
        <graphics name="C11554" fgcolor="#000000" bgcolor="#FFFFFF"
             type="circle" x="835" y="1151" width="8" height="8"/>
    </entry>
    <entry id="631" name="hsa:112574 hsa:257364 hsa:51429" type="gene"
        link="https://www.kegg.jp/dbget-bin/www_bget?hsa:112574+hsa:257364+hsa:51429">
        <graphics name="SNX18, SH3PX2, SH3PXD3B, SNAG1..." fgcolor="#000000" bgcolor="#BFFFBF"
             type="rectangle" x="895" y="1173" width="46" height="17"/>
    </entry>
    <entry id="632" name="hsa:1785" type="gene"
        link="https://www.kegg.jp/dbget-bin/www_bget?hsa:1785">
        <graphics name="DNM2, CMT2M, CMTDI1, CMTDIB, DI-CMTB, DYN2, DYNII, LCCS5" fgcolor="#000000" bgcolor="#BFFFBF"
             type="rectangle" x="1011" y="1182" width="46" height="17"/>
    </entry>
    <entry id="633" name="hsa:8976" type="gene"
        link="https://www.kegg.jp/dbget-bin/www_bget?hsa:8976">
        <graphics name="WASL, N-WASP, NWASP, WASPB" fgcolor="#000000" bgcolor="#BFFFBF"
             type="rectangle" x="1011" y="1162" width="46" height="17"/>
    </entry>
    <entry id="638" name="hsa:9475" type="gene"
        link="https://www.kegg.jp/dbget-bin/www_bget?hsa:9475">
        <graphics name="ROCK2, ROCK-II" fgcolor="#000000" bgcolor="#BFFFBF"
             type="rectangle" x="666" y="957" width="46" height="17"/>
    </entry>
    <entry id="641" name="hsa:29109" type="gene"
        link="https://www.kegg.jp/dbget-bin/www_bget?hsa:29109">
        <graphics name="FHOD1, FHOS" fgcolor="#000000" bgcolor="#BFFFBF"
             type="rectangle" x="773" y="957" width="46" height="17"/>
    </entry>
    <entry id="656" name="path:map03070" type="map"
        link="https://www.kegg.jp/dbget-bin/www_bget?map03070">
        <graphics name="Bacterial secretion system" fgcolor="#000000" bgcolor="#FFFFFF"
             type="roundrectangle" x="458" y="162" width="138" height="34"/>
    </entry>
    <entry id="745" name="hsa:23265" type="gene"
        link="https://www.kegg.jp/dbget-bin/www_bget?hsa:23265">
        <graphics name="EXOC7, 2-5-3p, BLOM4, EX070, EXO70, EXOC1, Exo70p, NEDSEBA, YJL085W" fgcolor="#000000" bgcolor="#BFFFBF"
             type="rectangle" x="421" y="698" width="46" height="17"/>
    </entry>
    <entry id="747" name="hsa:55770" type="gene"
        link="https://www.kegg.jp/dbget-bin/www_bget?hsa:55770">
        <graphics name="EXOC2, NEDFACH, SEC5, SEC5L1, Sec5p" fgcolor="#000000" bgcolor="#BFFFBF"
             type="rectangle" x="498" y="714" width="46" height="17"/>
    </entry>
    <entry id="748" name="hsa:60412" type="gene"
        link="https://www.kegg.jp/dbget-bin/www_bget?hsa:60412">
        <graphics name="EXOC4, SEC8, SEC8L1, Sec8p" fgcolor="#000000" bgcolor="#BFFFBF"
             type="rectangle" x="498" y="698" width="46" height="17"/>
    </entry>
    <entry id="749" name="hsa:10640" type="gene"
        link="https://www.kegg.jp/dbget-bin/www_bget?hsa:10640">
        <graphics name="EXOC5, HSEC10, PRO1912, SEC10, SEC10L1, SEC10P" fgcolor="#000000" bgcolor="#BFFFBF"
             type="rectangle" x="498" y="681" width="46" height="17"/>
    </entry>
    <entry id="751" name="hsa:5898" type="gene"
        link="https://www.kegg.jp/dbget-bin/www_bget?hsa:5898">
        <graphics name="RALA, HINCONS, RAL" fgcolor="#000000" bgcolor="#BFFFBF"
             type="rectangle" x="498" y="758" width="46" height="17"/>
    </entry>
    <entry id="755" name="hsa:113146 hsa:79026" type="gene"
        link="https://www.kegg.jp/dbget-bin/www_bget?hsa:113146+hsa:79026">
        <graphics name="AHNAK2, C14orf78..." fgcolor="#000000" bgcolor="#BFFFBF"
             type="rectangle" x="337" y="800" width="46" height="17"/>
    </entry>
    <entry id="757" name="hsa:60 hsa:71" type="gene"
        link="https://www.kegg.jp/dbget-bin/www_bget?hsa:60+hsa:71">
        <graphics name="ACTB, BRWS1, PS1TP5BP1..." fgcolor="#000000" bgcolor="#BFFFBF"
             type="rectangle" x="413" y="784" width="46" height="17"/>
    </entry>
    <entry id="769" name="path:hsa05132" type="map"
        link="https://www.kegg.jp/dbget-bin/www_bget?hsa05132">
        <graphics name="TITLE:Salmonella infection" fgcolor="#000000" bgcolor="#FFFFFF"
             type="roundrectangle" x="153" y="68" width="206" height="25"/>
    </entry>
    <entry id="780" name="hsa:388 hsa:399" type="gene"
        link="https://www.kegg.jp/dbget-bin/www_bget?hsa:388+hsa:399">
        <graphics name="RHOB, ARH6, ARHB, MST081, MSTP081, RHOH6..." fgcolor="#000000" bgcolor="#BFFFBF"
             type="rectangle" x="539" y="1878" width="46" height="17"/>
    </entry>
    <entry id="781" name="hsa:10000 hsa:207 hsa:208" type="gene"
        link="https://www.kegg.jp/dbget-bin/www_bget?hsa:10000+hsa:207+hsa:208">
        <graphics name="AKT3, MPPH, MPPH2, PKB-GAMMA, PKBG, PRKBG, RAC-PK-gamma, RAC-gamma, STK-2..." fgcolor="#000000" bgcolor="#BFFFBF"
             type="rectangle" x="655" y="1889" width="46" height="17"/>
    </entry>
    <entry id="784" name="hsa:6237" type="gene"
        link="https://www.kegg.jp/dbget-bin/www_bget?hsa:6237">
        <graphics name="RRAS, R-Ras" fgcolor="#000000" bgcolor="#BFFFBF"
             type="rectangle" x="539" y="1903" width="46" height="17"/>
    </entry>
    <entry id="789" name="ko:K23944" type="ortholog"
        link="https://www.kegg.jp/dbget-bin/www_bget?K23944">
        <graphics name="K23944" fgcolor="#000000" bgcolor="#FFFFFF"
             type="rectangle" x="332" y="1962" width="46" height="17"/>
    </entry>
    <entry id="790" name="ko:K23943" type="ortholog"
        link="https://www.kegg.jp/dbget-bin/www_bget?K23943">
        <graphics name="K23943" fgcolor="#000000" bgcolor="#FFFFFF"
             type="rectangle" x="282" y="1962" width="46" height="17"/>
    </entry>
    <entry id="791" name="hsa:7124" type="gene"
        link="https://www.kegg.jp/dbget-bin/www_bget?hsa:7124">
        <graphics name="TNF, DIF, TNF-alpha, TNFA, TNFSF2, TNLG1F" fgcolor="#000000" bgcolor="#BFFFBF"
             type="rectangle" x="95" y="1900" width="46" height="17"/>
    </entry>
    <entry id="793" name="hsa:8717" type="gene"
        link="https://www.kegg.jp/dbget-bin/www_bget?hsa:8717">
        <graphics name="TRADD, Hs.89862" fgcolor="#000000" bgcolor="#BFFFBF"
             type="rectangle" x="350" y="1908" width="46" height="17"/>
    </entry>
    <entry id="794" name="hsa:7186" type="gene"
        link="https://www.kegg.jp/dbget-bin/www_bget?hsa:7186">
        <graphics name="TRAF2, MGC:45012, RNF117, TRAP, TRAP3" fgcolor="#000000" bgcolor="#BFFFBF"
             type="rectangle" x="350" y="1891" width="46" height="17"/>
    </entry>
    <entry id="795" name="hsa:8737" type="gene"
        link="https://www.kegg.jp/dbget-bin/www_bget?hsa:8737">
        <graphics name="RIPK1, AIEFL, IMD57, RIP, RIP-1, RIP1" fgcolor="#000000" bgcolor="#BFFFBF"
             type="rectangle" x="396" y="1900" width="46" height="17"/>
    </entry>
    <entry id="796" name="hsa:329 hsa:330" type="gene"
        link="https://www.kegg.jp/dbget-bin/www_bget?hsa:329+hsa:330">
        <graphics name="BIRC2, API1, HIAP2, Hiap-2, MIHB, RNF48, c-IAP1, cIAP1..." fgcolor="#000000" bgcolor="#BFFFBF"
             type="rectangle" x="396" y="1883" width="46" height="17"/>
    </entry>
    <entry id="797" name="hsa:841" type="gene"
        link="https://www.kegg.jp/dbget-bin/www_bget?hsa:841">
        <graphics name="CASP8, ALPS2B, CAP4, Casp-8, FLICE, MACH, MCH5" fgcolor="#000000" bgcolor="#BFFFBF"
             type="rectangle" x="679" y="1947" width="46" height="17"/>
    </entry>
    <entry id="798" name="hsa:840" type="gene"
        link="https://www.kegg.jp/dbget-bin/www_bget?hsa:840">
        <graphics name="CASP7, CASP-7, CMH-1, ICE-LAP3, LICE2, MCH3" fgcolor="#000000" bgcolor="#BFFFBF"
             type="rectangle" x="777" y="1957" width="46" height="17"/>
    </entry>
    <entry id="801" name="hsa:8743" type="gene"
        link="https://www.kegg.jp/dbget-bin/www_bget?hsa:8743">
        <graphics name="TNFSF10, APO2L, Apo-2L, CD253, TL2, TNLG6A, TRAIL" fgcolor="#000000" bgcolor="#BFFFBF"
             type="rectangle" x="95" y="2016" width="46" height="17"/>
    </entry>
    <entry id="808" name="hsa:578 hsa:581" type="gene"
        link="https://www.kegg.jp/dbget-bin/www_bget?hsa:578+hsa:581">
        <graphics name="BAK1, BAK, BAK-LIKE, BCL2L7, CDN1..." fgcolor="#000000" bgcolor="#BFFFBF"
             type="rectangle" x="792" y="1837" width="46" height="17"/>
    </entry>
    <entry id="810" name="hsa:836" type="gene"
        link="https://www.kegg.jp/dbget-bin/www_bget?hsa:836">
        <graphics name="CASP3, CPP32, CPP32B, SCA-1" fgcolor="#000000" bgcolor="#BFFFBF"
             type="rectangle" x="777" y="1936" width="46" height="17"/>
    </entry>
    <entry id="816" name="hsa:8772" type="gene"
        link="https://www.kegg.jp/dbget-bin/www_bget?hsa:8772">
        <graphics name="FADD, GIG3, IMD90, MORT1" fgcolor="#000000" bgcolor="#BFFFBF"
             type="rectangle" x="583" y="1947" width="46" height="17"/>
    </entry>
    <entry id="819" name="hsa:11035" type="gene"
        link="https://www.kegg.jp/dbget-bin/www_bget?hsa:11035">
        <graphics name="RIPK3, RIP3" fgcolor="#000000" bgcolor="#BFFFBF"
             type="rectangle" x="583" y="2025" width="46" height="17"/>
    </entry>
    <entry id="820" name="hsa:197259" type="gene"
        link="https://www.kegg.jp/dbget-bin/www_bget?hsa:197259">
        <graphics name="MLKL, hMLKL" fgcolor="#000000" bgcolor="#BFFFBF"
             type="rectangle" x="715" y="2025" width="46" height="17"/>
    </entry>
    <entry id="822" name="path:hsa04210" type="map"
        link="https://www.kegg.jp/dbget-bin/www_bget?hsa04210">
        <graphics name="Apoptosis" fgcolor="#000000" bgcolor="#FFFFFF"
             type="roundrectangle" x="810" y="1886" width="97" height="25"/>
    </entry>
    <entry id="823" name="path:hsa04217" type="map"
        link="https://www.kegg.jp/dbget-bin/www_bget?hsa04217">
        <graphics name="Necroptosis" fgcolor="#000000" bgcolor="#FFFFFF"
             type="roundrectangle" x="810" y="2025" width="97" height="25"/>
    </entry>
    <entry id="826" name="hsa:7189" type="gene"
        link="https://www.kegg.jp/dbget-bin/www_bget?hsa:7189">
        <graphics name="TRAF6, MGC:3310, RNF85" fgcolor="#000000" bgcolor="#BFFFBF"
             type="rectangle" x="625" y="1823" width="46" height="17"/>
    </entry>
    <entry id="827" name="hsa:596" type="gene"
        link="https://www.kegg.jp/dbget-bin/www_bget?hsa:596">
        <graphics name="BCL2, Bcl-2, PPP1R50" fgcolor="#000000" bgcolor="#BFFFBF"
             type="rectangle" x="793" y="1806" width="46" height="17"/>
    </entry>
    <entry id="831" name="hsa:54205" type="gene"
        link="https://www.kegg.jp/dbget-bin/www_bget?hsa:54205">
        <graphics name="CYCS, CYC, HCS, THC4" fgcolor="#000000" bgcolor="#BFFFBF"
             type="rectangle" x="884" y="1837" width="46" height="17"/>
    </entry>
    <entry id="834" name="ko:K13085" type="ortholog"
        link="https://www.kegg.jp/dbget-bin/www_bget?K13085">
        <graphics name="K13085" fgcolor="#000000" bgcolor="#FFFFFF"
             type="rectangle" x="555" y="1767" width="46" height="17"/>
    </entry>
    <entry id="837" name="ko:K23946" type="ortholog"
        link="https://www.kegg.jp/dbget-bin/www_bget?K23946">
        <graphics name="K23946" fgcolor="#000000" bgcolor="#FFFFFF"
             type="rectangle" x="693" y="1717" width="46" height="17"/>
    </entry>
    <entry id="838" name="hsa:25828 hsa:7295" type="gene"
        link="https://www.kegg.jp/dbget-bin/www_bget?hsa:25828+hsa:7295">
        <graphics name="TXN2, COXPD29, MT-TRX, MTRX, TRX2, TXN..." fgcolor="#000000" bgcolor="#BFFFBF"
             type="rectangle" x="728" y="1763" width="46" height="17"/>
    </entry>
    <entry id="841" name="ko:K23945" type="ortholog"
        link="https://www.kegg.jp/dbget-bin/www_bget?K23945">
        <graphics name="K23945" fgcolor="#000000" bgcolor="#FFFFFF"
             type="rectangle" x="616" y="1994" width="46" height="17"/>
    </entry>
    <entry id="843" name="hsa:2597" type="gene"
        link="https://www.kegg.jp/dbget-bin/www_bget?hsa:2597">
        <graphics name="GAPDH, G3PD, GAPD, HEL-S-162eP" fgcolor="#000000" bgcolor="#BFFFBF"
             type="rectangle" x="324" y="1837" width="46" height="17"/>
    </entry>
    <entry id="853" name="ko:K19298" type="ortholog"
        link="https://www.kegg.jp/dbget-bin/www_bget?K19298">
        <graphics name="K19298" fgcolor="#000000" bgcolor="#FFFFFF"
             type="rectangle" x="1185" y="199" width="46" height="17"/>
    </entry>
    <entry id="854" name="ko:K11023" type="ortholog"
        link="https://www.kegg.jp/dbget-bin/www_bget?K11023">
        <graphics name="K11023" fgcolor="#000000" bgcolor="#FFFFFF"
             type="rectangle" x="1185" y="182" width="46" height="17"/>
    </entry>
    <entry id="855" name="ko:K11014" type="ortholog"
        link="https://www.kegg.jp/dbget-bin/www_bget?K11014">
        <graphics name="K11014" fgcolor="#000000" bgcolor="#FFFFFF"
             type="rectangle" x="1185" y="165" width="46" height="17"/>
    </entry>
    <entry id="859" name="ko:K19298" type="ortholog"
        link="https://www.kegg.jp/dbget-bin/www_bget?K19298">
        <graphics name="K19298" fgcolor="#000000" bgcolor="#FFFFFF"
             type="rectangle" x="1351" y="198" width="46" height="17"/>
    </entry>
    <entry id="860" name="ko:K11023" type="ortholog"
        link="https://www.kegg.jp/dbget-bin/www_bget?K11023">
        <graphics name="K11023" fgcolor="#000000" bgcolor="#FFFFFF"
             type="rectangle" x="1351" y="181" width="46" height="17"/>
    </entry>
    <entry id="861" name="ko:K11014" type="ortholog"
        link="https://www.kegg.jp/dbget-bin/www_bget?K11014">
        <graphics name="K11014" fgcolor="#000000" bgcolor="#FFFFFF"
             type="rectangle" x="1351" y="164" width="46" height="17"/>
    </entry>
    <entry id="866" name="hsa:5420" type="gene"
        link="https://www.kegg.jp/dbget-bin/www_bget?hsa:5420">
        <graphics name="PODXL, Gp200, PC, PCLP, PCLP-1, PDX, PODXL1, gp135" fgcolor="#000000" bgcolor="#BFFFBF"
             type="rectangle" x="1452" y="184" width="46" height="17"/>
    </entry>
    <entry id="867" name="hsa:5788" type="gene"
        link="https://www.kegg.jp/dbget-bin/www_bget?hsa:5788">
        <graphics name="PTPRC, B220, CD45, CD45R, GP180, IMD105, L-CA, LCA, LY5, T200" fgcolor="#000000" bgcolor="#BFFFBF"
             type="rectangle" x="1452" y="208" width="46" height="17"/>
    </entry>
    <entry id="868" name="ko:K15353" type="ortholog"
        link="https://www.kegg.jp/dbget-bin/www_bget?K15353">
        <graphics name="K15353" fgcolor="#000000" bgcolor="#FFFFFF"
             type="rectangle" x="743" y="662" width="46" height="17"/>
    </entry>
    <entry id="869" name="ko:K15366" type="ortholog"
        link="https://www.kegg.jp/dbget-bin/www_bget?K15366">
        <graphics name="K15366" fgcolor="#000000" bgcolor="#FFFFFF"
             type="rectangle" x="743" y="729" width="46" height="17"/>
    </entry>
    <entry id="871" name="hsa:2316 hsa:2317 hsa:2318" type="gene"
        link="https://www.kegg.jp/dbget-bin/www_bget?hsa:2316+hsa:2317+hsa:2318">
        <graphics name="FLNA, ABP-280, ABPX, CSBS, CVD1, FGS2, FLN, FLN-A, FLN1, FMD, MNS, NHBP, OPD, OPD1, OPD2, XLVD, XMVD..." fgcolor="#000000" bgcolor="#BFFFBF"
             type="rectangle" x="821" y="684" width="46" height="17"/>
    </entry>
    <entry id="872" name="hsa:345456 hsa:375189 hsa:5216 hsa:5217" type="gene"
        link="https://www.kegg.jp/dbget-bin/www_bget?hsa:345456+hsa:375189+hsa:5216+hsa:5217">
        <graphics name="PFN3, profilin-3..." fgcolor="#000000" bgcolor="#BFFFBF"
             type="rectangle" x="821" y="662" width="46" height="17"/>
    </entry>
    <entry id="874" name="ko:K15354" type="ortholog"
        link="https://www.kegg.jp/dbget-bin/www_bget?K15354">
        <graphics name="K15354" fgcolor="#000000" bgcolor="#FFFFFF"
             type="rectangle" x="743" y="692" width="46" height="17"/>
    </entry>
    <entry id="876" name="hsa:60 hsa:71" type="gene"
        link="https://www.kegg.jp/dbget-bin/www_bget?hsa:60+hsa:71">
        <graphics name="ACTB, BRWS1, PS1TP5BP1..." fgcolor="#000000" bgcolor="#BFFFBF"
             type="rectangle" x="899" y="674" width="46" height="17"/>
    </entry>
    <entry id="902" name="path:map03070" type="map"
        link="https://www.kegg.jp/dbget-bin/www_bget?map03070">
        <graphics name="Bacterial secretion system" fgcolor="#000000" bgcolor="#FFFFFF"
             type="roundrectangle" x="478" y="417" width="138" height="34"/>
    </entry>
    <entry id="914" name="ko:K03221" type="ortholog"
        link="https://www.kegg.jp/dbget-bin/www_bget?K03221">
        <graphics name="K03221" fgcolor="#000000" bgcolor="#FFFFFF"
             type="rectangle" x="303" y="2181" width="46" height="17"/>
    </entry>
    <entry id="915" name="ko:K22487" type="ortholog"
        link="https://www.kegg.jp/dbget-bin/www_bget?K22487">
        <graphics name="K22487" fgcolor="#000000" bgcolor="#FFFFFF"
             type="rectangle" x="303" y="2160" width="46" height="17"/>
    </entry>
    <entry id="919" name="hsa:103910 hsa:10398 hsa:10627 hsa:29895 hsa:4633 hsa:4636 hsa:58498 hsa:93408" type="gene"
        link="https://www.kegg.jp/dbget-bin/www_bget?hsa:103910+hsa:10398+hsa:10627+hsa:29895+hsa:4633+hsa:4636+hsa:58498+hsa:93408">
        <graphics name="MYL12B, MLC-B, MRLC2..." fgcolor="#000000" bgcolor="#BFFFBF"
             type="rectangle" x="743" y="771" width="46" height="17"/>
    </entry>
    <entry id="590" name="ko:K13741" type="ortholog"
        link="https://www.kegg.jp/dbget-bin/www_bget?K13741">
        <graphics name="K13741" fgcolor="#000000" bgcolor="#FFFFFF"
             type="rectangle" x="335" y="934" width="46" height="17"/>
    </entry>
    <entry id="444" name="hsa:7097" type="gene"
        link="https://www.kegg.jp/dbget-bin/www_bget?hsa:7097">
        <graphics name="TLR2, CD282, TIL4" fgcolor="#000000" bgcolor="#BFFFBF"
             type="rectangle" x="227" y="1394" width="46" height="17"/>
    </entry>
    <entry id="445" name="hsa:23643" type="gene"
        link="https://www.kegg.jp/dbget-bin/www_bget?hsa:23643">
        <graphics name="LY96, ESOP-1, MD-2, MD2, ly-96" fgcolor="#000000" bgcolor="#BFFFBF"
             type="rectangle" x="181" y="1463" width="46" height="17"/>
    </entry>
    <entry id="446" name="hsa:7100" type="gene"
        link="https://www.kegg.jp/dbget-bin/www_bget?hsa:7100">
        <graphics name="TLR5, MELIOS, SLE1, SLEB1, TIL3" fgcolor="#000000" bgcolor="#BFFFBF"
             type="rectangle" x="227" y="1507" width="46" height="17"/>
    </entry>
    <entry id="447" name="hsa:10333" type="gene"
        link="https://www.kegg.jp/dbget-bin/www_bget?hsa:10333">
        <graphics name="TLR6, CD286" fgcolor="#000000" bgcolor="#BFFFBF"
             type="rectangle" x="227" y="1378" width="46" height="17"/>
    </entry>
    <entry id="449" name="hsa:7099" type="gene"
        link="https://www.kegg.jp/dbget-bin/www_bget?hsa:7099">
        <graphics name="TLR4, ARMD10, CD284, TLR-4, TOLL" fgcolor="#000000" bgcolor="#BFFFBF"
             type="rectangle" x="227" y="1472" width="46" height="17"/>
    </entry>
    <entry id="451" name="hsa:929" type="gene"
        link="https://www.kegg.jp/dbget-bin/www_bget?hsa:929">
        <graphics name="CD14" fgcolor="#000000" bgcolor="#BFFFBF"
             type="rectangle" x="228" y="1425" width="46" height="17"/>
    </entry>
    <entry id="744" name="ko:K13286" type="ortholog"
        link="https://www.kegg.jp/dbget-bin/www_bget?K13286">
        <graphics name="K13286" fgcolor="#000000" bgcolor="#FFFFFF"
             type="rectangle" x="227" y="746" width="46" height="17"/>
    </entry>
    <entry id="753" name="hsa:302" type="gene"
        link="https://www.kegg.jp/dbget-bin/www_bget?hsa:302">
        <graphics name="ANXA2, ANX2, ANX2L4, CAL1H, HEL-S-270, LIP2, LPC2, LPC2D, P36, PAP-IV" fgcolor="#000000" bgcolor="#BFFFBF"
             type="rectangle" x="261" y="809" width="46" height="17"/>
    </entry>
    <entry id="754" name="hsa:6281" type="gene"
        link="https://www.kegg.jp/dbget-bin/www_bget?hsa:6281">
        <graphics name="S100A10, 42C, ANX2L, ANX2LG, CAL1L, CLP11, Ca[1], GP11, P11, p10" fgcolor="#000000" bgcolor="#BFFFBF"
             type="rectangle" x="261" y="792" width="46" height="17"/>
    </entry>
    <entry id="756" name="ko:K13284" type="ortholog"
        link="https://www.kegg.jp/dbget-bin/www_bget?K13284">
        <graphics name="K13284" fgcolor="#000000" bgcolor="#FFFFFF"
             type="rectangle" x="227" y="770" width="46" height="17"/>
    </entry>
    <entry id="792" name="hsa:7132" type="gene"
        link="https://www.kegg.jp/dbget-bin/www_bget?hsa:7132">
        <graphics name="TNFRSF1A, CD120a, FPF, TBP1, TNF-R, TNF-R-I, TNF-R55, TNFAR, TNFR1, TNFR55, TNFR60, p55, p55-R, p60" fgcolor="#000000" bgcolor="#BFFFBF"
             type="rectangle" x="227" y="1900" width="46" height="17"/>
    </entry>
    <entry id="800" name="hsa:8795 hsa:8797" type="gene"
        link="https://www.kegg.jp/dbget-bin/www_bget?hsa:8795+hsa:8797">
        <graphics name="TNFRSF10B, CD262, DR5, KILLER, KILLER/DR5, TRAIL-R2, TRAILR2, TRICK2, TRICK2A, TRICK2B, TRICKB, ZTNFR9..." fgcolor="#000000" bgcolor="#BFFFBF"
             type="rectangle" x="227" y="2016" width="46" height="17"/>
    </entry>
    <entry id="663" name="ko:K08598" type="ortholog"
        link="https://www.kegg.jp/dbget-bin/www_bget?K08598">
        <graphics name="K08598" fgcolor="#000000" bgcolor="#FFFFFF"
             type="rectangle" x="80" y="217" width="46" height="17"/>
    </entry>
    <entry id="664" name="ko:K18015" type="ortholog"
        link="https://www.kegg.jp/dbget-bin/www_bget?K18015">
        <graphics name="K18015" fgcolor="#000000" bgcolor="#FFFFFF"
             type="rectangle" x="129" y="379" width="46" height="17"/>
    </entry>
    <entry id="665" name="ko:K23942" type="ortholog"
        link="https://www.kegg.jp/dbget-bin/www_bget?K23942">
        <graphics name="K23942" fgcolor="#000000" bgcolor="#FFFFFF"
             type="rectangle" x="80" y="439" width="46" height="17"/>
    </entry>
    <entry id="666" name="ko:K13450" type="ortholog"
        link="https://www.kegg.jp/dbget-bin/www_bget?K13450">
        <graphics name="K13450" fgcolor="#000000" bgcolor="#FFFFFF"
             type="rectangle" x="77" y="484" width="46" height="17"/>
    </entry>
    <entry id="667" name="ko:K19557" type="ortholog"
        link="https://www.kegg.jp/dbget-bin/www_bget?K19557">
        <graphics name="K19557" fgcolor="#000000" bgcolor="#FFFFFF"
             type="rectangle" x="126" y="484" width="46" height="17"/>
    </entry>
    <entry id="668" name="ko:K15343" type="ortholog"
        link="https://www.kegg.jp/dbget-bin/www_bget?K15343">
        <graphics name="K15343" fgcolor="#000000" bgcolor="#FFFFFF"
             type="rectangle" x="77" y="524" width="46" height="17"/>
    </entry>
    <entry id="669" name="ko:K23941" type="ortholog"
        link="https://www.kegg.jp/dbget-bin/www_bget?K23941">
        <graphics name="K23941" fgcolor="#000000" bgcolor="#FFFFFF"
             type="rectangle" x="77" y="566" width="46" height="17"/>
    </entry>
    <entry id="670" name="ko:K13741" type="ortholog"
        link="https://www.kegg.jp/dbget-bin/www_bget?K13741">
        <graphics name="K13741" fgcolor="#000000" bgcolor="#FFFFFF"
             type="rectangle" x="129" y="197" width="46" height="17"/>
    </entry>
    <entry id="671" name="ko:K13741" type="ortholog"
        link="https://www.kegg.jp/dbget-bin/www_bget?K13741">
        <graphics name="K13741" fgcolor="#000000" bgcolor="#FFFFFF"
             type="rectangle" x="129" y="217" width="46" height="17"/>
    </entry>
    <entry id="672" name="ko:K13085" type="ortholog"
        link="https://www.kegg.jp/dbget-bin/www_bget?K13085">
        <graphics name="K13085" fgcolor="#000000" bgcolor="#FFFFFF"
             type="rectangle" x="80" y="197" width="46" height="17"/>
    </entry>
    <entry id="673" name="ko:K13740" type="ortholog"
        link="https://www.kegg.jp/dbget-bin/www_bget?K13740">
        <graphics name="K13740" fgcolor="#000000" bgcolor="#FFFFFF"
             type="rectangle" x="80" y="257" width="46" height="17"/>
    </entry>
    <entry id="674" name="ko:K15366" type="ortholog"
        link="https://www.kegg.jp/dbget-bin/www_bget?K15366">
        <graphics name="K15366" fgcolor="#000000" bgcolor="#FFFFFF"
             type="rectangle" x="80" y="419" width="46" height="17"/>
    </entry>
    <entry id="675" name="ko:K13284" type="ortholog"
        link="https://www.kegg.jp/dbget-bin/www_bget?K13284">
        <graphics name="K13284" fgcolor="#000000" bgcolor="#FFFFFF"
             type="rectangle" x="80" y="237" width="46" height="17"/>
    </entry>
    <entry id="676" name="ko:K15350" type="ortholog"
        link="https://www.kegg.jp/dbget-bin/www_bget?K15350">
        <graphics name="K15350" fgcolor="#000000" bgcolor="#FFFFFF"
             type="rectangle" x="129" y="339" width="46" height="17"/>
    </entry>
    <entry id="677" name="ko:K15351" type="ortholog"
        link="https://www.kegg.jp/dbget-bin/www_bget?K15351">
        <graphics name="K15351" fgcolor="#000000" bgcolor="#FFFFFF"
             type="rectangle" x="80" y="359" width="46" height="17"/>
    </entry>
    <entry id="678" name="ko:K15347" type="ortholog"
        link="https://www.kegg.jp/dbget-bin/www_bget?K15347">
        <graphics name="K15347" fgcolor="#000000" bgcolor="#FFFFFF"
             type="rectangle" x="129" y="399" width="46" height="17"/>
    </entry>
    <entry id="679" name="ko:K23944" type="ortholog"
        link="https://www.kegg.jp/dbget-bin/www_bget?K23944">
        <graphics name="K23944" fgcolor="#000000" bgcolor="#FFFFFF"
             type="rectangle" x="80" y="319" width="46" height="17"/>
    </entry>
    <entry id="680" name="ko:K23943" type="ortholog"
        link="https://www.kegg.jp/dbget-bin/www_bget?K23943">
        <graphics name="K23943" fgcolor="#000000" bgcolor="#FFFFFF"
             type="rectangle" x="80" y="339" width="46" height="17"/>
    </entry>
    <entry id="681" name="ko:K23945" type="ortholog"
        link="https://www.kegg.jp/dbget-bin/www_bget?K23945">
        <graphics name="K23945" fgcolor="#000000" bgcolor="#FFFFFF"
             type="rectangle" x="129" y="319" width="46" height="17"/>
    </entry>
    <entry id="682" name="ko:K23946" type="ortholog"
        link="https://www.kegg.jp/dbget-bin/www_bget?K23946">
        <graphics name="K23946" fgcolor="#000000" bgcolor="#FFFFFF"
             type="rectangle" x="77" y="504" width="46" height="17"/>
    </entry>
    <entry id="683" name="ko:K13285" type="ortholog"
        link="https://www.kegg.jp/dbget-bin/www_bget?K13285">
        <graphics name="K13285" fgcolor="#000000" bgcolor="#FFFFFF"
             type="rectangle" x="129" y="237" width="46" height="17"/>
    </entry>
    <entry id="773" name="ko:K23936" type="ortholog"
        link="https://www.kegg.jp/dbget-bin/www_bget?K23936">
        <graphics name="K23936" fgcolor="#000000" bgcolor="#FFFFFF"
             type="rectangle" x="126" y="504" width="46" height="17"/>
    </entry>
    <entry id="774" name="ko:K15349" type="ortholog"
        link="https://www.kegg.jp/dbget-bin/www_bget?K15349">
        <graphics name="K15349" fgcolor="#000000" bgcolor="#FFFFFF"
             type="rectangle" x="80" y="379" width="46" height="17"/>
    </entry>
    <entry id="775" name="ko:K15352" type="ortholog"
        link="https://www.kegg.jp/dbget-bin/www_bget?K15352">
        <graphics name="K15352" fgcolor="#000000" bgcolor="#FFFFFF"
             type="rectangle" x="129" y="419" width="46" height="17"/>
    </entry>
    <entry id="776" name="ko:K02406" type="ortholog"
        link="https://www.kegg.jp/dbget-bin/www_bget?K02406">
        <graphics name="K02406" fgcolor="#000000" bgcolor="#FFFFFF"
             type="rectangle" x="129" y="257" width="46" height="17"/>
    </entry>
    <entry id="881" name="ko:K15353" type="ortholog"
        link="https://www.kegg.jp/dbget-bin/www_bget?K15353">
        <graphics name="K15353" fgcolor="#000000" bgcolor="#FFFFFF"
             type="rectangle" x="80" y="399" width="46" height="17"/>
    </entry>
    <entry id="882" name="ko:K15354" type="ortholog"
        link="https://www.kegg.jp/dbget-bin/www_bget?K15354">
        <graphics name="K15354" fgcolor="#000000" bgcolor="#FFFFFF"
             type="rectangle" x="129" y="359" width="46" height="17"/>
    </entry>
    <entry id="917" name="ko:K03221" type="ortholog"
        link="https://www.kegg.jp/dbget-bin/www_bget?K03221">
        <graphics name="K03221" fgcolor="#000000" bgcolor="#FFFFFF"
             type="rectangle" x="80" y="277" width="46" height="17"/>
    </entry>
    <entry id="918" name="ko:K22487" type="ortholog"
        link="https://www.kegg.jp/dbget-bin/www_bget?K22487">
        <graphics name="K22487" fgcolor="#000000" bgcolor="#FFFFFF"
             type="rectangle" x="129" y="277" width="46" height="17"/>
    </entry>
    <entry id="938" name="hsa:63916 hsa:9844" type="gene"
        link="https://www.kegg.jp/dbget-bin/www_bget?hsa:63916+hsa:9844">
        <graphics name="ELMO2, CED-12, CED12, Ced-12A, ELMO-2, VMPI..." fgcolor="#000000" bgcolor="#BFFFBF"
             type="rectangle" x="670" y="922" width="46" height="17"/>
    </entry>
    <entry id="940" name="hsa:338382 hsa:7879" type="gene"
        link="https://www.kegg.jp/dbget-bin/www_bget?hsa:338382+hsa:7879">
        <graphics name="RAB7B, RAB7..." fgcolor="#000000" bgcolor="#BFFFBF"
             type="rectangle" x="769" y="290" width="45" height="17"/>
    </entry>
    <entry id="941" name="hsa:83547" type="gene"
        link="https://www.kegg.jp/dbget-bin/www_bget?hsa:83547">
        <graphics name="RILP, PP10141" fgcolor="#000000" bgcolor="#BFFFBF"
             type="rectangle" x="844" y="290" width="46" height="17"/>
    </entry>
    <entry id="942" name="hsa:79443" type="gene"
        link="https://www.kegg.jp/dbget-bin/www_bget?hsa:79443">
        <graphics name="FYCO1, CATC2, CTRCT18, RUFY3, ZFYVE7" fgcolor="#000000" bgcolor="#BFFFBF"
             type="rectangle" x="844" y="325" width="46" height="17"/>
    </entry>
    <entry id="945" name="hsa:140735 hsa:1778 hsa:1780 hsa:1781 hsa:1783 hsa:51143 hsa:51626 hsa:6990 hsa:6993 hsa:79659 hsa:83657 hsa:83658 hsa:8655" type="gene"
        link="https://www.kegg.jp/dbget-bin/www_bget?hsa:140735+hsa:1778+hsa:1780+hsa:1781+hsa:1783+hsa:51143+hsa:51626+hsa:6990+hsa:6993+hsa:79659+hsa:83657+hsa:83658+hsa:8655">
        <graphics name="DYNLL2, DNCL1B, Dlc2, RSPH22..." fgcolor="#000000" bgcolor="#BFFFBF"
             type="rectangle" x="920" y="273" width="46" height="17"/>
    </entry>
    <entry id="946" name="hsa:23207" type="gene"
        link="https://www.kegg.jp/dbget-bin/www_bget?hsa:23207">
        <graphics name="PLEKHM2, SKIP" fgcolor="#000000" bgcolor="#BFFFBF"
             type="rectangle" x="844" y="354" width="46" height="17"/>
    </entry>
    <entry id="947" name="hsa:338382 hsa:7879" type="gene"
        link="https://www.kegg.jp/dbget-bin/www_bget?hsa:338382+hsa:7879">
        <graphics name="RAB7B, RAB7..." fgcolor="#000000" bgcolor="#BFFFBF"
             type="rectangle" x="769" y="325" width="45" height="17"/>
    </entry>
    <entry id="949" name="hsa:10120 hsa:10121 hsa:10540 hsa:10671 hsa:11258 hsa:1639 hsa:51164 hsa:55860 hsa:84516" type="gene"
        link="https://www.kegg.jp/dbget-bin/www_bget?hsa:10120+hsa:10121+hsa:10540+hsa:10671+hsa:11258+hsa:1639+hsa:51164+hsa:55860+hsa:84516">
        <graphics name="ACTR1B, ARP1B, CTRN2, PC3..." fgcolor="#000000" bgcolor="#BFFFBF"
             type="rectangle" x="920" y="290" width="46" height="17"/>
    </entry>
    <entry id="951" name="hsa:147700 hsa:3798 hsa:3799 hsa:3800 hsa:3831 hsa:64837 hsa:89953" type="gene"
        link="https://www.kegg.jp/dbget-bin/www_bget?hsa:147700+hsa:3798+hsa:3799+hsa:3800+hsa:3831+hsa:64837+hsa:89953">
        <graphics name="KLC3, KLC2, KLC2L, KLCt, KNS2B..." fgcolor="#000000" bgcolor="#BFFFBF"
             type="rectangle" x="920" y="339" width="46" height="17"/>
    </entry>
    <entry id="954" name="ko:K15347" type="ortholog"
        link="https://www.kegg.jp/dbget-bin/www_bget?K15347">
        <graphics name="K15347" fgcolor="#000000" bgcolor="#FFFFFF"
             type="rectangle" x="818" y="387" width="46" height="17"/>
    </entry>
    <entry id="956" name="ko:K15352" type="ortholog"
        link="https://www.kegg.jp/dbget-bin/www_bget?K15352">
        <graphics name="K15352" fgcolor="#000000" bgcolor="#FFFFFF"
             type="rectangle" x="871" y="387" width="46" height="17"/>
    </entry>
    <entry id="958" name="ko:K23936" type="ortholog"
        link="https://www.kegg.jp/dbget-bin/www_bget?K23936">
        <graphics name="K23936" fgcolor="#000000" bgcolor="#FFFFFF"
             type="rectangle" x="679" y="267" width="46" height="17"/>
    </entry>
    <entry id="963" name="hsa:10376 hsa:112714 hsa:113457 hsa:51807 hsa:7277 hsa:7278 hsa:7846 hsa:79861 hsa:84790" type="gene"
        link="https://www.kegg.jp/dbget-bin/www_bget?hsa:10376+hsa:112714+hsa:113457+hsa:51807+hsa:7277+hsa:7278+hsa:7846+hsa:79861+hsa:84790">
        <graphics name="TUBA1B, K-ALPHA-1..." fgcolor="#000000" bgcolor="#BFFFBF"
             type="rectangle" x="996" y="273" width="46" height="17"/>
    </entry>
    <entry id="964" name="hsa:10381 hsa:10382 hsa:10383 hsa:203068 hsa:347688 hsa:347733 hsa:7280 hsa:81027 hsa:84617" type="gene"
        link="https://www.kegg.jp/dbget-bin/www_bget?hsa:10381+hsa:10382+hsa:10383+hsa:203068+hsa:347688+hsa:347733+hsa:7280+hsa:81027+hsa:84617">
        <graphics name="TUBB3, CDCBM, CDCBM1, CFEOM3, CFEOM3A, FEOM3, TUBB4, beta-4..." fgcolor="#000000" bgcolor="#BFFFBF"
             type="rectangle" x="996" y="290" width="46" height="17"/>
    </entry>
    <entry id="967" name="ko:K15349" type="ortholog"
        link="https://www.kegg.jp/dbget-bin/www_bget?K15349">
        <graphics name="K15349" fgcolor="#000000" bgcolor="#FFFFFF"
             type="rectangle" x="778" y="500" width="46" height="17"/>
    </entry>
    <entry id="969" name="hsa:387" type="gene"
        link="https://www.kegg.jp/dbget-bin/www_bget?hsa:387">
        <graphics name="RHOA, ARH12, ARHA, EDFAOB, RHO12, RHOH12" fgcolor="#000000" bgcolor="#BFFFBF"
             type="rectangle" x="701" y="500" width="46" height="17"/>
    </entry>
    <entry id="972" name="hsa:9842" type="gene"
        link="https://www.kegg.jp/dbget-bin/www_bget?hsa:9842">
        <graphics name="PLEKHM1, AP162, B2, OPTA3, OPTB6" fgcolor="#000000" bgcolor="#BFFFBF"
             type="rectangle" x="746" y="225" width="46" height="17"/>
    </entry>
    <entry id="973" name="ko:K15347" type="ortholog"
        link="https://www.kegg.jp/dbget-bin/www_bget?K15347">
        <graphics name="K15347" fgcolor="#000000" bgcolor="#FFFFFF"
             type="rectangle" x="679" y="225" width="46" height="17"/>
    </entry>
    <entry id="974" name="hsa:338382 hsa:7879" type="gene"
        link="https://www.kegg.jp/dbget-bin/www_bget?hsa:338382+hsa:7879">
        <graphics name="RAB7B, RAB7..." fgcolor="#000000" bgcolor="#BFFFBF"
             type="rectangle" x="769" y="208" width="46" height="17"/>
    </entry>
    <entry id="975" name="hsa:23339 hsa:27072 hsa:55823 hsa:57617 hsa:64601 hsa:65082" type="gene"
        link="https://www.kegg.jp/dbget-bin/www_bget?hsa:23339+hsa:27072+hsa:55823+hsa:57617+hsa:64601+hsa:65082">
        <graphics name="VPS39, TLP, VAM6, hVam6p..." fgcolor="#000000" bgcolor="#BFFFBF"
             type="rectangle" x="792" y="225" width="46" height="17"/>
    </entry>
    <entry id="978" name="ko:K13085" type="ortholog"
        link="https://www.kegg.jp/dbget-bin/www_bget?K13085">
        <graphics name="K13085" fgcolor="#000000" bgcolor="#FFFFFF"
             type="rectangle" x="679" y="176" width="46" height="17"/>
    </entry>
    <entry id="979" name="hsa:5868 hsa:5869 hsa:5878" type="gene"
        link="https://www.kegg.jp/dbget-bin/www_bget?hsa:5868+hsa:5869+hsa:5878">
        <graphics name="RAB5A, RAB5..." fgcolor="#000000" bgcolor="#BFFFBF"
             type="rectangle" x="769" y="175" width="46" height="17"/>
    </entry>
    <entry id="981" name="hsa:5289" type="gene"
        link="https://www.kegg.jp/dbget-bin/www_bget?hsa:5289">
        <graphics name="PIK3C3, VPS34, hVps34" fgcolor="#000000" bgcolor="#BFFFBF"
             type="rectangle" x="846" y="175" width="46" height="17"/>
    </entry>
    <entry id="984" name="cpd:C04549" type="compound"
        link="https://www.kegg.jp/dbget-bin/www_bget?C04549">
        <graphics name="C04549" fgcolor="#000000" bgcolor="#FFFFFF"
             type="circle" x="888" y="162" width="8" height="8"/>
    </entry>
    <entry id="985" name="cpd:C01194" type="compound"
        link="https://www.kegg.jp/dbget-bin/www_bget?C01194">
        <graphics name="C01194" fgcolor="#000000" bgcolor="#FFFFFF"
             type="circle" x="812" y="162" width="8" height="8"/>
    </entry>
    <entry id="987" name="ko:K15347" type="ortholog"
        link="https://www.kegg.jp/dbget-bin/www_bget?K15347">
        <graphics name="K15347" fgcolor="#000000" bgcolor="#FFFFFF"
             type="rectangle" x="624" y="626" width="46" height="17"/>
    </entry>
    <entry id="988" name="hsa:23207" type="gene"
        link="https://www.kegg.jp/dbget-bin/www_bget?hsa:23207">
        <graphics name="PLEKHM2, SKIP" fgcolor="#000000" bgcolor="#BFFFBF"
             type="rectangle" x="701" y="626" width="46" height="17"/>
    </entry>
    <entry id="990" name="hsa:8677" type="gene"
        link="https://www.kegg.jp/dbget-bin/www_bget?hsa:8677">
        <graphics name="STX10, SYN10, hsyn10" fgcolor="#000000" bgcolor="#BFFFBF"
             type="rectangle" x="855" y="582" width="46" height="17"/>
    </entry>
    <entry id="991" name="hsa:9648" type="gene"
        link="https://www.kegg.jp/dbget-bin/www_bget?hsa:9648">
        <graphics name="GCC2, GCC185, RANBP2L4, REN53" fgcolor="#000000" bgcolor="#BFFFBF"
             type="rectangle" x="778" y="582" width="46" height="17"/>
    </entry>
    <entry id="992" name="hsa:51209 hsa:9367" type="gene"
        link="https://www.kegg.jp/dbget-bin/www_bget?hsa:51209+hsa:9367">
        <graphics name="RAB9B, RAB9L, Rab-9L..." fgcolor="#000000" bgcolor="#BFFFBF"
             type="rectangle" x="701" y="582" width="46" height="17"/>
    </entry>
    <entry id="993" name="hsa:4074" type="gene"
        link="https://www.kegg.jp/dbget-bin/www_bget?hsa:4074">
        <graphics name="M6PR, CD-M6PR, CD-MPR, MPR_46, MPR-46, MPR46, SMPR" fgcolor="#000000" bgcolor="#BFFFBF"
             type="rectangle" x="701" y="538" width="46" height="17"/>
    </entry>
    <entry id="999" name="ko:K15350" type="ortholog"
        link="https://www.kegg.jp/dbget-bin/www_bget?K15350">
        <graphics name="K15350" fgcolor="#000000" bgcolor="#FFFFFF"
             type="rectangle" x="804" y="422" width="46" height="17"/>
    </entry>
    <entry id="1000" name="ko:K15351" type="ortholog"
        link="https://www.kegg.jp/dbget-bin/www_bget?K15351">
        <graphics name="K15351" fgcolor="#000000" bgcolor="#FFFFFF"
             type="rectangle" x="853" y="422" width="46" height="17"/>
    </entry>
    <entry id="1003" name="hsa:64746" type="gene"
        link="https://www.kegg.jp/dbget-bin/www_bget?hsa:64746">
        <graphics name="ACBD3, GCP60, GOCAP1, GOLPH1, PAP7" fgcolor="#000000" bgcolor="#BFFFBF"
             type="rectangle" x="829" y="461" width="46" height="17"/>
    </entry>
    <entry id="1005" name="hsa:127829 hsa:55207" type="gene"
        link="https://www.kegg.jp/dbget-bin/www_bget?hsa:127829+hsa:55207">
        <graphics name="ARL8A, ARL10B, GIE2..." fgcolor="#000000" bgcolor="#BFFFBF"
             type="rectangle" x="769" y="353" width="45" height="17"/>
    </entry>
    <entry id="1006" name="hsa:10376 hsa:112714 hsa:113457 hsa:51807 hsa:7277 hsa:7278 hsa:7846 hsa:79861 hsa:84790" type="gene"
        link="https://www.kegg.jp/dbget-bin/www_bget?hsa:10376+hsa:112714+hsa:113457+hsa:51807+hsa:7277+hsa:7278+hsa:7846+hsa:79861+hsa:84790">
        <graphics name="TUBA1B, K-ALPHA-1..." fgcolor="#000000" bgcolor="#BFFFBF"
             type="rectangle" x="996" y="330" width="46" height="17"/>
    </entry>
    <entry id="1007" name="hsa:10381 hsa:10382 hsa:10383 hsa:203068 hsa:347688 hsa:347733 hsa:7280 hsa:81027 hsa:84617" type="gene"
        link="https://www.kegg.jp/dbget-bin/www_bget?hsa:10381+hsa:10382+hsa:10383+hsa:203068+hsa:347688+hsa:347733+hsa:7280+hsa:81027+hsa:84617">
        <graphics name="TUBB3, CDCBM, CDCBM1, CFEOM3, CFEOM3A, FEOM3, TUBB4, beta-4..." fgcolor="#000000" bgcolor="#BFFFBF"
             type="rectangle" x="996" y="347" width="46" height="17"/>
    </entry>
    <entry id="1008" name="undefined" type="group">
        <graphics fgcolor="#000000" bgcolor="#FFFFFF"
             type="rectangle" x="459" y="697" width="123" height="50"/>
        <component id="745"/>
        <component id="747"/>
        <component id="749"/>
    </entry>
    <entry id="1009" name="undefined" type="group">
        <graphics fgcolor="#000000" bgcolor="#FFFFFF"
             type="rectangle" x="261" y="800" width="46" height="34"/>
        <component id="753"/>
        <component id="754"/>
    </entry>
    <entry id="1010" name="undefined" type="group">
        <graphics fgcolor="#000000" bgcolor="#FFFFFF"
             type="rectangle" x="498" y="697" width="46" height="50"/>
        <component id="747"/>
        <component id="748"/>
        <component id="749"/>
    </entry>
    <entry id="1011" name="undefined" type="group">
        <graphics fgcolor="#000000" bgcolor="#FFFFFF"
             type="rectangle" x="857" y="1347" width="46" height="34"/>
        <component id="487"/>
        <component id="493"/>
    </entry>
    <entry id="1012" name="undefined" type="group">
        <graphics fgcolor="#000000" bgcolor="#FFFFFF"
             type="rectangle" x="227" y="1386" width="46" height="33"/>
        <component id="444"/>
        <component id="447"/>
    </entry>
    <entry id="1013" name="undefined" type="group">
        <graphics fgcolor="#000000" bgcolor="#FFFFFF"
             type="rectangle" x="323" y="1385" width="46" height="34"/>
        <component id="436"/>
        <component id="450"/>
    </entry>
    <entry id="1014" name="undefined" type="group">
        <graphics fgcolor="#000000" bgcolor="#FFFFFF"
             type="rectangle" x="204" y="1467" width="92" height="26"/>
        <component id="445"/>
        <component id="449"/>
    </entry>
    <entry id="1015" name="undefined" type="group">
        <graphics fgcolor="#000000" bgcolor="#FFFFFF"
             type="rectangle" x="323" y="1463" width="46" height="34"/>
        <component id="427"/>
        <component id="435"/>
    </entry>
    <entry id="1016" name="undefined" type="group">
        <graphics fgcolor="#000000" bgcolor="#FFFFFF"
             type="rectangle" x="611" y="1472" width="46" height="34"/>
        <component id="430"/>
        <component id="441"/>
    </entry>
    <entry id="1017" name="undefined" type="group">
        <graphics fgcolor="#000000" bgcolor="#FFFFFF"
             type="rectangle" x="733" y="1380" width="46" height="51"/>
        <component id="429"/>
        <component id="433"/>
        <component id="452"/>
    </entry>
    <entry id="1018" name="undefined" type="group">
        <graphics fgcolor="#000000" bgcolor="#FFFFFF"
             type="rectangle" x="759" y="1440" width="46" height="34"/>
        <component id="538"/>
        <component id="542"/>
    </entry>
    <entry id="1019" name="undefined" type="group">
        <graphics fgcolor="#000000" bgcolor="#FFFFFF"
             type="rectangle" x="373" y="1895" width="92" height="42"/>
        <component id="793"/>
        <component id="794"/>
        <component id="795"/>
        <component id="796"/>
    </entry>
    <entry id="1020" name="undefined" type="group">
        <graphics fgcolor="#000000" bgcolor="#FFFFFF"
             type="rectangle" x="629" y="2119" width="92" height="17"/>
        <component id="499"/>
        <component id="500"/>
    </entry>
    <entry id="1021" name="undefined" type="group">
        <graphics fgcolor="#000000" bgcolor="#FFFFFF"
             type="rectangle" x="1051" y="1054" width="92" height="51"/>
        <component id="601"/>
        <component id="602"/>
        <component id="603"/>
        <component id="604"/>
        <component id="605"/>
    </entry>
    <entry id="1022" name="undefined" type="group">
        <graphics fgcolor="#000000" bgcolor="#FFFFFF"
             type="rectangle" x="920" y="281" width="46" height="34"/>
        <component id="945"/>
        <component id="949"/>
    </entry>
    <entry id="1023" name="undefined" type="group">
        <graphics fgcolor="#000000" bgcolor="#FFFFFF"
             type="rectangle" x="996" y="281" width="46" height="34"/>
        <component id="963"/>
        <component id="964"/>
    </entry>
    <entry id="1024" name="undefined" type="group">
        <graphics fgcolor="#000000" bgcolor="#FFFFFF"
             type="rectangle" x="996" y="338" width="46" height="34"/>
        <component id="1006"/>
        <component id="1007"/>
    </entry>
    <relation entry1="1008" entry2="748" type="PPrel">
        <subtype name="binding/association" value="---"/>
    </relation>
    <relation entry1="1009" entry2="755" type="PPrel">
        <subtype name="binding/association" value="---"/>
    </relation>
    <relation entry1="751" entry2="1010" type="PPrel">
        <subtype name="activation" value="--&gt;"/>
    </relation>
    <relation entry1="872" entry2="876" type="PPrel">
        <subtype name="activation" value="--&gt;"/>
        <subtype name="indirect effect" value="..&gt;"/>
    </relation>
    <relation entry1="871" entry2="876" type="PPrel">
        <subtype name="activation" value="--&gt;"/>
        <subtype name="indirect effect" value="..&gt;"/>
    </relation>
    <relation entry1="599" entry2="598" type="PPrel">
        <subtype name="activation" value="--&gt;"/>
    </relation>
    <relation entry1="596" entry2="638" type="PPrel">
        <subtype name="activation" value="--&gt;"/>
    </relation>
    <relation entry1="638" entry2="641" type="PPrel">
        <subtype name="activation" value="--&gt;"/>
        <subtype name="phosphorylation" value="+p"/>
    </relation>
    <relation entry1="596" entry2="524" type="PPrel">
        <subtype name="activation" value="--&gt;"/>
        <subtype name="indirect effect" value="..&gt;"/>
    </relation>
    <relation entry1="591" entry2="524" type="PPrel">
        <subtype name="activation" value="--&gt;"/>
        <subtype name="indirect effect" value="..&gt;"/>
    </relation>
    <relation entry1="588" entry2="524" type="PPrel">
        <subtype name="activation" value="--&gt;"/>
        <subtype name="indirect effect" value="..&gt;"/>
    </relation>
    <relation entry1="591" entry2="618" type="PPrel">
        <subtype name="activation" value="--&gt;"/>
        <subtype name="indirect effect" value="..&gt;"/>
    </relation>
    <relation entry1="588" entry2="618" type="PPrel">
        <subtype name="activation" value="--&gt;"/>
        <subtype name="indirect effect" value="..&gt;"/>
    </relation>
    <relation entry1="618" entry2="619" type="PPrel">
        <subtype name="activation" value="--&gt;"/>
        <subtype name="phosphorylation" value="+p"/>
    </relation>
    <relation entry1="619" entry2="621" type="PPrel">
        <subtype name="activation" value="--&gt;"/>
        <subtype name="indirect effect" value="..&gt;"/>
    </relation>
    <relation entry1="621" entry2="612" type="PPrel">
        <subtype name="compound" value="623"/>
    </relation>
    <relation entry1="621" entry2="631" type="PPrel">
        <subtype name="compound" value="624"/>
    </relation>
    <relation entry1="612" entry2="613" type="PPrel">
        <subtype name="activation" value="--&gt;"/>
    </relation>
    <relation entry1="613" entry2="615" type="PPrel">
        <subtype name="activation" value="--&gt;"/>
    </relation>
    <relation entry1="631" entry2="633" type="PPrel">
        <subtype name="activation" value="--&gt;"/>
        <subtype name="indirect effect" value="..&gt;"/>
    </relation>
    <relation entry1="631" entry2="632" type="PPrel">
        <subtype name="activation" value="--&gt;"/>
        <subtype name="indirect effect" value="..&gt;"/>
    </relation>
    <relation entry1="524" entry2="525" type="PPrel">
        <subtype name="activation" value="--&gt;"/>
    </relation>
    <relation entry1="528" entry2="525" type="PPrel">
        <subtype name="activation" value="--&gt;"/>
    </relation>
    <relation entry1="525" entry2="1011" type="PPrel">
        <subtype name="activation" value="--&gt;"/>
        <subtype name="indirect effect" value="..&gt;"/>
    </relation>
    <relation entry1="547" entry2="546" type="PPrel">
        <subtype name="activation" value="--&gt;"/>
    </relation>
    <relation entry1="546" entry2="1011" type="PPrel">
        <subtype name="activation" value="--&gt;"/>
    </relation>
    <relation entry1="1012" entry2="1013" type="PPrel">
        <subtype name="activation" value="--&gt;"/>
    </relation>
    <relation entry1="1013" entry2="432" type="PPrel">
        <subtype name="activation" value="--&gt;"/>
    </relation>
    <relation entry1="521" entry2="451" type="PCrel">
        <subtype name="activation" value="--&gt;"/>
    </relation>
    <relation entry1="451" entry2="1014" type="PPrel">
        <subtype name="activation" value="--&gt;"/>
    </relation>
    <relation entry1="1014" entry2="1015" type="PPrel">
        <subtype name="activation" value="--&gt;"/>
    </relation>
    <relation entry1="1015" entry2="432" type="PPrel">
        <subtype name="activation" value="--&gt;"/>
    </relation>
    <relation entry1="432" entry2="439" type="PPrel">
        <subtype name="activation" value="--&gt;"/>
    </relation>
    <relation entry1="439" entry2="1016" type="PPrel">
        <subtype name="activation" value="--&gt;"/>
    </relation>
    <relation entry1="446" entry2="426" type="PPrel">
        <subtype name="activation" value="--&gt;"/>
    </relation>
    <relation entry1="426" entry2="432" type="PPrel">
        <subtype name="activation" value="--&gt;"/>
    </relation>
    <relation entry1="448" entry2="425" type="PPrel">
        <subtype name="activation" value="--&gt;"/>
    </relation>
    <relation entry1="425" entry2="432" type="PPrel">
        <subtype name="activation" value="--&gt;"/>
    </relation>
    <relation entry1="1016" entry2="1017" type="PPrel">
        <subtype name="activation" value="--&gt;"/>
        <subtype name="phosphorylation" value="+p"/>
    </relation>
    <relation entry1="1016" entry2="488" type="PPrel">
        <subtype name="activation" value="--&gt;"/>
        <subtype name="phosphorylation" value="+p"/>
    </relation>
    <relation entry1="1016" entry2="486" type="PPrel">
        <subtype name="activation" value="--&gt;"/>
        <subtype name="phosphorylation" value="+p"/>
    </relation>
    <relation entry1="1017" entry2="442" type="PPrel">
        <subtype name="activation" value="--&gt;"/>
        <subtype name="phosphorylation" value="+p"/>
    </relation>
    <relation entry1="1017" entry2="530" type="PPrel">
        <subtype name="activation" value="--&gt;"/>
        <subtype name="phosphorylation" value="+p"/>
    </relation>
    <relation entry1="442" entry2="1011" type="PPrel">
        <subtype name="dissociation" value="-+-"/>
    </relation>
    <relation entry1="1011" entry2="443" type="GErel">
        <subtype name="expression" value="--&gt;"/>
    </relation>
    <relation entry1="1011" entry2="438" type="GErel">
        <subtype name="expression" value="--&gt;"/>
    </relation>
    <relation entry1="1011" entry2="440" type="GErel">
        <subtype name="expression" value="--&gt;"/>
    </relation>
    <relation entry1="1011" entry2="434" type="GErel">
        <subtype name="expression" value="--&gt;"/>
    </relation>
    <relation entry1="557" entry2="558" type="PPrel">
        <subtype name="activation" value="--&gt;"/>
    </relation>
    <relation entry1="618" entry2="558" type="PPrel">
        <subtype name="activation" value="--&gt;"/>
        <subtype name="phosphorylation" value="+p"/>
    </relation>
    <relation entry1="558" entry2="489" type="PPrel">
        <subtype name="activation" value="--&gt;"/>
        <subtype name="phosphorylation" value="+p"/>
    </relation>
    <relation entry1="489" entry2="428" type="PPrel">
        <subtype name="activation" value="--&gt;"/>
        <subtype name="phosphorylation" value="+p"/>
    </relation>
    <relation entry1="488" entry2="428" type="PPrel">
        <subtype name="activation" value="--&gt;"/>
        <subtype name="phosphorylation" value="+p"/>
    </relation>
    <relation entry1="488" entry2="431" type="PPrel">
        <subtype name="activation" value="--&gt;"/>
        <subtype name="phosphorylation" value="+p"/>
    </relation>
    <relation entry1="486" entry2="437" type="PPrel">
        <subtype name="activation" value="--&gt;"/>
        <subtype name="phosphorylation" value="+p"/>
    </relation>
    <relation entry1="437" entry2="490" type="PPrel">
        <subtype name="activation" value="--&gt;"/>
        <subtype name="phosphorylation" value="+p"/>
    </relation>
    <relation entry1="431" entry2="490" type="PPrel">
        <subtype name="activation" value="--&gt;"/>
    </relation>
    <relation entry1="428" entry2="490" type="PPrel">
        <subtype name="activation" value="--&gt;"/>
    </relation>
    <relation entry1="490" entry2="443" type="GErel">
        <subtype name="expression" value="--&gt;"/>
    </relation>
    <relation entry1="490" entry2="438" type="GErel">
        <subtype name="expression" value="--&gt;"/>
    </relation>
    <relation entry1="490" entry2="440" type="GErel">
        <subtype name="expression" value="--&gt;"/>
    </relation>
    <relation entry1="490" entry2="434" type="GErel">
        <subtype name="expression" value="--&gt;"/>
    </relation>
    <relation entry1="561" entry2="1011" type="PPrel">
        <subtype name="inhibition" value="--|"/>
        <subtype name="indirect effect" value="..&gt;"/>
    </relation>
    <relation entry1="1018" entry2="442" type="PPrel">
        <subtype name="activation" value="--&gt;"/>
        <subtype name="ubiquitination" value="+u"/>
    </relation>
    <relation entry1="530" entry2="1011" type="PPrel">
        <subtype name="activation" value="--&gt;"/>
    </relation>
    <relation entry1="568" entry2="569" type="PPrel">
        <subtype name="activation" value="--&gt;"/>
    </relation>
    <relation entry1="569" entry2="572" type="GErel">
        <subtype name="expression" value="--&gt;"/>
    </relation>
    <relation entry1="791" entry2="792" type="PPrel">
        <subtype name="activation" value="--&gt;"/>
    </relation>
    <relation entry1="792" entry2="1019" type="PPrel">
        <subtype name="activation" value="--&gt;"/>
    </relation>
    <relation entry1="1019" entry2="1016" type="PPrel">
        <subtype name="activation" value="--&gt;"/>
    </relation>
    <relation entry1="801" entry2="800" type="PPrel">
        <subtype name="activation" value="--&gt;"/>
    </relation>
    <relation entry1="780" entry2="781" type="PPrel">
        <subtype name="activation" value="--&gt;"/>
        <subtype name="indirect effect" value="..&gt;"/>
    </relation>
    <relation entry1="784" entry2="781" type="PPrel">
        <subtype name="activation" value="--&gt;"/>
        <subtype name="indirect effect" value="..&gt;"/>
    </relation>
    <relation entry1="781" entry2="810" type="PPrel">
        <subtype name="inhibition" value="--|"/>
        <subtype name="indirect effect" value="..&gt;"/>
    </relation>
    <relation entry1="826" entry2="827" type="PPrel">
        <subtype name="inhibition" value="--|"/>
        <subtype name="indirect effect" value="..&gt;"/>
    </relation>
    <relation entry1="826" entry2="808" type="PPrel">
        <subtype name="activation" value="--&gt;"/>
        <subtype name="indirect effect" value="..&gt;"/>
    </relation>
    <relation entry1="808" entry2="831" type="PPrel">
        <subtype name="activation" value="--&gt;"/>
        <subtype name="indirect effect" value="..&gt;"/>
    </relation>
    <relation entry1="843" entry2="1019" type="PPrel">
        <subtype name="activation" value="--&gt;"/>
    </relation>
    <relation entry1="508" entry2="498" type="PPrel">
        <subtype name="activation" value="--&gt;"/>
    </relation>
    <relation entry1="498" entry2="1020" type="PPrel">
        <subtype name="activation" value="--&gt;"/>
    </relation>
    <relation entry1="505" entry2="1020" type="PPrel">
        <subtype name="activation" value="--&gt;"/>
    </relation>
    <relation entry1="1020" entry2="515" type="PPrel">
        <subtype name="activation" value="--&gt;"/>
        <subtype name="indirect effect" value="..&gt;"/>
    </relation>
    <relation entry1="513" entry2="511" type="PCrel">
        <subtype name="activation" value="--&gt;"/>
    </relation>
    <relation entry1="511" entry2="518" type="PPrel">
        <subtype name="activation" value="--&gt;"/>
    </relation>
    <relation entry1="515" entry2="518" type="PPrel">
        <subtype name="activation" value="--&gt;"/>
    </relation>
    <relation entry1="515" entry2="502" type="PPrel">
        <subtype name="activation" value="--&gt;"/>
    </relation>
    <relation entry1="515" entry2="503" type="PPrel">
        <subtype name="activation" value="--&gt;"/>
    </relation>
    <relation entry1="584" entry2="1020" type="PPrel">
        <subtype name="inhibition" value="--|"/>
        <subtype name="indirect effect" value="..&gt;"/>
    </relation>
    <relation entry1="581" entry2="578" type="PPrel">
        <subtype name="activation" value="--&gt;"/>
        <subtype name="indirect effect" value="..&gt;"/>
    </relation>
    <relation entry1="578" entry2="515" type="PPrel">
        <subtype name="activation" value="--&gt;"/>
        <subtype name="indirect effect" value="..&gt;"/>
    </relation>
    <relation entry1="588" entry2="1021" type="PPrel">
        <subtype name="activation" value="--&gt;"/>
    </relation>
    <relation entry1="1021" entry2="607" type="PPrel">
        <subtype name="activation" value="--&gt;"/>
    </relation>
    <relation entry1="607" entry2="606" type="PPrel">
        <subtype name="activation" value="--&gt;"/>
    </relation>
    <relation entry1="615" entry2="1021" type="PPrel">
        <subtype name="activation" value="--&gt;"/>
    </relation>
    <relation entry1="1019" entry2="816" type="PPrel">
        <subtype name="activation" value="--&gt;"/>
    </relation>
    <relation entry1="816" entry2="797" type="PPrel">
        <subtype name="activation" value="--&gt;"/>
    </relation>
    <relation entry1="797" entry2="810" type="PPrel">
        <subtype name="activation" value="--&gt;"/>
    </relation>
    <relation entry1="797" entry2="798" type="PPrel">
        <subtype name="activation" value="--&gt;"/>
    </relation>
    <relation entry1="800" entry2="816" type="PPrel">
        <subtype name="activation" value="--&gt;"/>
    </relation>
    <relation entry1="1019" entry2="819" type="PPrel">
        <subtype name="activation" value="--&gt;"/>
        <subtype name="phosphorylation" value="+p"/>
    </relation>
    <relation entry1="819" entry2="820" type="PPrel">
        <subtype name="activation" value="--&gt;"/>
        <subtype name="phosphorylation" value="+p"/>
    </relation>
    <relation entry1="598" entry2="938" type="PPrel">
        <subtype name="activation" value="--&gt;"/>
    </relation>
    <relation entry1="638" entry2="919" type="PPrel">
        <subtype name="activation" value="--&gt;"/>
        <subtype name="phosphorylation" value="+p"/>
    </relation>
    <relation entry1="755" entry2="757" type="PPrel">
        <subtype name="binding/association" value="---"/>
    </relation>
    <relation entry1="988" entry2="992" type="PPrel">
        <subtype name="inhibition" value="--|"/>
    </relation>
    <relation entry1="992" entry2="993" type="PPrel">
        <subtype name="activation" value="--&gt;"/>
        <subtype name="indirect effect" value="..&gt;"/>
    </relation>
    <relation entry1="992" entry2="991" type="PPrel">
        <subtype name="binding/association" value="---"/>
    </relation>
    <relation entry1="991" entry2="990" type="PPrel">
        <subtype name="binding/association" value="---"/>
    </relation>
    <relation entry1="979" entry2="981" type="PPrel">
        <subtype name="binding/association" value="---"/>
    </relation>
    <relation entry1="940" entry2="941" type="PPrel">
        <subtype name="binding/association" value="---"/>
    </relation>
    <relation entry1="941" entry2="1022" type="PPrel">
        <subtype name="binding/association" value="---"/>
    </relation>
    <relation entry1="1022" entry2="1023" type="PPrel">
        <subtype name="binding/association" value="---"/>
    </relation>
    <relation entry1="947" entry2="942" type="PPrel">
        <subtype name="binding/association" value="---"/>
    </relation>
    <relation entry1="942" entry2="951" type="PPrel">
        <subtype name="binding/association" value="---"/>
    </relation>
    <relation entry1="951" entry2="1024" type="PPrel">
        <subtype name="binding/association" value="---"/>
    </relation>
    <relation entry1="1005" entry2="946" type="PPrel">
        <subtype name="binding/association" value="---"/>
    </relation>
    <relation entry1="946" entry2="951" type="PPrel">
        <subtype name="activation" value="--&gt;"/>
    </relation>
</pathway>
